Time,Distance,Avg HR,Max HR,Elev Gain,Elev Loss,Avg Run Cadence,Avg Stride Length,Calories,Max Run Cadence,HR median,HR std,Pace std,Lap pace median,Avg Pace(s/km),Best Lap(s/km),Cadence median,Cadence std,File id,Type
3700.0,14.36,147,159,105,98,156,1.5,567,172,146.0,5.347481234708127,12.534849380012185,255.5,258.85714285714283,241.0,156.0,2.217105219775452,5741333740,0
2172.0,10.23,155,178,15,14,154,1.99,405,183,157.5,9.529428104561156,5.033222956847166,199.0,200.0,194.0,166.0,45.68369512200168,5955889387,1
3626.0,15.28,144,161,92,79,160,1.58,550,174,145.5,9.347250598438023,13.345993989042388,237.0,236.86666666666667,218.0,161.0,1.3678792892649556,6159250210,0
2493.0,12.02,163,174,20,18,165,1.75,635,175,167.0,9.431158230150215,10.443964232459289,204.0,207.41666666666663,200.0,165.0,1.7097008285302209,5167990929,1
1541.0,5.46,125,140,18,15,161,1.32,250,170,127.5,4.487637339278753,14.347125147568764,274.0,282.4,269.0,161.0,1.707825127659933,5236971105,0
4149.0,14.55,149,181,72,60,117,1.7,549,177,147.5,18.287822299126937,350.14530465936565,345.0,476.375,173.0,107.0,55.49699691574912,5857281498,2
3423.0,11.96,149,176,107,129,140,1.51,483,189,161.0,13.17446014074201,275.3336310732853,277.5,310.46,146.0,158.5,30.352620974143235,5805595828,3
3747.0,15.01,139,162,49,45,160,1.5,592,172,141.0,6.798150024087436,9.083318042800586,253.0,249.4,236.0,160.0,1.0439558180306292,5275015357,0
2823.0,12.25,142,152,38,40,158,1.64,412,174,143.0,4.5819300344109015,9.223686296101407,228.5,230.5833333333333,221.0,159.0,1.642627423389433,6219133683,0
3757.0,16.03,140,153,78,49,160,1.6,494,172,141.0,4.394082211054847,7.5163883448102915,235.0,234.4375,222.0,159.0,1.3336216527946627,6233831032,0
2368.0,9.25,144,158,96,98,157,1.49,385,172,145.0,5.710516614107694,17.378147196982766,257.0,257.0,233.0,158.0,3.0083217912982647,5715832689,0
4683.0,20.14,145,155,67,65,161,1.6,678,180,146.0,5.015621854270317,5.669215113223347,232.0,232.6,223.0,161.0,0.7853534524986021,5980583057,0
2079.0,8.12,134,153,97,71,159,1.48,280,172,134.0,4.47213595499958,14.666607480941188,255.0,255.875,237.0,158.0,0.9938079899999066,5894439215,0
4360.0,17.81,148,167,169,166,161,1.53,657,174,149.0,6.116348765580836,29.709812652790223,246.0,241.6086956521739,126.0,161.0,1.5789412767913682,5782022273,0
4529.0,20.01,146,156,86,84,163,1.63,1286,174,147.0,5.0,7.774799032772488,224.5,226.45,219.0,163.0,1.5088551921671296,5920030657,1
2071.0,10.02,161,172,23,19,163,1.78,402,173,164.0,5.838034312000844,6.902173570694959,207.0,206.6,195.0,163.0,0.7925270806437589,5843518157,1
2598.0,12.05,168,175,72,71,164,1.7,535,183,167.0,6.379516035881641,5.559594491425693,217.0,216.0,201.0,164.0,1.268647884805434,5800707245,1
2020.0,8.01,135,146,64,54,160,1.48,269,173,136.0,4.46661138716484,15.20639257023177,248.0,252.375,237.0,161.0,1.3425606637327303,6089556051,0
1574.0,6.08,149,164,27,29,154,1.5,318,169,155.5,10.856305771301765,205.2509663404133,255.0,339.42857142857144,248.0,156.0,33.782160602898095,5447179815,0
2025.0,8.01,138,150,37,31,160,1.48,284,172,140.0,5.436502143433364,15.256146302392358,248.0,253.0,241.0,160.0,0.8314794192830981,5924547967,0
3168.0,11.92,143,167,88,85,147,1.51,430,245,153.0,9.15247407111612,100.21987361821382,240.0,262.2352941176471,152.0,158.0,19.280682393828883,6027804974,3
2036.0,10.01,169,176,25,39,166,1.78,541,175,172.0,5.244438218856712,3.83275357934736,203.5,203.1,195.0,166.0,0.8624393618641034,5182084679,1
2038.0,8.09,139,146,11,7,162,1.47,377,172,142.0,4.094561282819617,6.4408365139941255,253.5,252.375,243.0,162.0,1.4487116456005886,5072369321,0
2195.0,8.74,133,143,11,9,160,1.49,375,171,135.0,4.592385001282013,7.84573486395988,251.0,250.0,230.0,160.5,1.5132745950421556,5177645218,0
3016.0,12.05,151,166,21,20,157,1.52,534,168,150.0,6.253046594738946,8.176439730510259,251.5,250.25,237.0,157.0,1.3323467750529825,5685352407,0
1861.0,7.15,136,164,12,10,162,1.42,338,172,138.0,3.813556067051225,10.925171623365925,261.0,258.125,238.0,163.0,1.0540925533894598,5037961798,0
3838.0,15.23,152,170,143,164,157,1.52,682,228,152.5,7.348203436895306,11.857299673853047,253.0,252.26666666666668,231.0,158.0,3.552617872780578,5676347043,0
4951.0,20.07,156,169,66,62,159,1.53,882,174,159.0,6.913787204907251,16.983521425193302,241.0,244.6,223.0,161.0,25.34765080555877,5955704690,0
1735.0,7.12,147,173,8,119,159,1.53,318,191,153.0,5.141776912944124,101.63398769910242,242.0,266.61538461538464,168.0,162.0,14.835588109549718,5283031485,3
2526.0,11.57,167,175,150,150,163,1.68,518,183,168.0,4.085033659592048,7.174414416676961,219.5,218.16666666666663,203.0,163.0,0.82915619758885,5771383390,1
1293.0,5.08,136,143,13,12,160,1.48,178,173,138.0,3.8622100754188224,12.208193969625482,257.0,254.6,232.0,159.5,1.6749792701868151,6091169772,0
2072.0,10.01,162,172,15,17,168,1.73,486,183,165.0,7.196188155332108,5.138093031466052,206.5,207.0,198.0,168.0,0.51425947722658,5024059492,1
2169.0,9.95,158,174,88,88,163,1.68,495,170,161.0,9.225353264625852,121.69357190824412,216.0,262.46153846153845,208.0,163.0,1.8364228760260628,5286870845,1
2493.0,12.03,164,174,9,12,168,1.72,636,175,170.0,10.649332562356603,10.176225014982498,205.0,207.3333333333333,197.0,169.0,1.2733034890189885,5058624451,1
1523.0,6.03,138,158,26,24,160,1.48,273,199,143.0,10.456908662482912,6.446359868604572,251.0,252.3333333333333,243.0,160.0,11.24858267715973,5397787821,0
1567.0,8.47,175,182,29,25,165,1.97,338,184,177.0,5.557777333511022,6.183395103015818,184.0,184.375,172.0,165.0,8.841540561812339,6027807113,1
2007.0,8.18,153,181,18,15,157,1.55,478,172,154.0,11.333333333333334,7.00780814520489,240.0,239.875,230.0,161.0,20.230767425317406,5148062228,0
1937.0,8.05,147,174,13,15,159,1.57,355,221,148.0,14.215836239912164,9.596810169639635,239.0,242.11111111111111,234.0,159.5,30.4218671353354,5550431520,0
4539.0,18.35,144,157,50,46,160,1.51,815,179,143.0,5.216105466024147,7.518906211496719,246.0,247.72222222222223,235.0,160.0,1.3521297451226453,5156928967,0
1562.0,6.21,141,153,30,27,161,1.49,243,172,146.0,7.068181072487419,14.076181616080722,257.0,251.8333333333333,229.0,161.0,2.4411439272335804,5989040555,0
1605.0,6.02,133,147,16,16,152,1.47,204,173,139.5,21.802737786801,29.00957696271277,247.0,259.6666666666667,239.0,157.0,51.51213449275812,5929865240,1
2045.0,6.3,141,174,48,66,141,1.29,281,245,142.0,11.318614312223373,122.456712585583,287.0,332.4054054054054,172.0,144.0,20.40381235950883,5894439328,3
1474.0,6.02,135,153,8,6,157,1.56,219,169,137.0,5.823947745897001,9.99027304709714,246.0,244.8333333333333,232.0,157.0,1.1605769149479943,5575495365,0
2208.0,8.71,141,151,8,4,161,1.47,323,171,143.0,4.924115512480076,6.04509800388242,254.0,253.88888888888889,247.0,160.0,1.0657403385139377,6159252433,0
4062.0,15.67,140,156,69,62,159,1.45,526,176,140.5,5.429951657243368,13.501012693498218,258.5,259.1875,242.0,159.0,1.4947825928876748,6067786717,0
1461.0,6.16,144,158,28,26,160,1.58,240,219,147.0,6.164414002968976,7.717224601860151,235.0,237.3333333333333,229.0,160.0,1.5118578920369088,6059226409,0
1751.0,7.05,143,160,82,89,159,1.52,293,170,146.0,5.743202503830071,15.041439357959852,254.0,248.57142857142856,226.0,159.5,1.6909686573085854,5624927990,0
3438.0,13.98,142,153,48,43,158,1.55,496,173,144.0,6.134961703388278,10.514324534089829,242.5,245.8571428571429,232.0,157.5,0.9715336077668174,6275326366,0
1465.0,6.01,143,155,32,36,161,1.53,234,172,145.0,7.761758689832073,6.34428877022476,245.0,243.5,234.0,161.0,0.3499271061118825,6027805697,0
3299.0,13.37,140,164,46,52,157,1.54,551,219,139.0,7.352701695446526,28.471611353438085,244.0,237.7142857142857,141.0,157.0,13.506541624955911,5370671374,5
5545.0,21.59,140,155,260,258,160,1.46,672,176,140.0,5.03069093064456,13.772127199648782,251.5,256.6818181818182,231.0,160.0,1.856972565074136,5814550517,0
1663.0,6.13,138,149,30,29,153,1.42,229,221,139.0,5.5915387973659785,7.93025150224688,254.0,254.66666666666663,245.0,159.0,27.97374862696985,5761766101,0
2489.0,12.03,159,167,16,15,163,1.78,481,174,163.0,6.755230276953892,4.380353866983808,206.0,207.25,200.0,163.0,0.9166442529086912,5916959525,1
1626.0,6.07,151,173,27,14,160,1.4,299,179,151.0,0.0,0.0,268.0,268.0,268.0,160.0,0.0,5958469461,0
1946.0,7.3,133,147,34,26,153,1.52,348,173,131.5,8.200609733428363,21.145752697477032,247.0,256.0,229.0,161.5,37.39130079309892,5215134725,0
3885.0,15.66,140,150,18,13,159,1.52,487,169,139.5,4.525966747557918,8.35702361789172,250.5,247.6875,227.0,159.0,0.8076779989575054,5853314198,0
3673.0,11.83,149,186,39,36,120,1.51,641,217,168.0,17.54922239335892,506.2575374400623,267.5,480.8181818181818,159.0,166.5,49.527436256571576,5190803251,2
1909.0,8.05,145,156,9,7,160,1.58,349,186,147.0,6.431020501550126,6.4031242374328485,235.0,237.5,230.0,160.0,1.227262335243029,5460438279,0
1543.0,6.02,162,178,10,7,157,1.49,311,167,167.0,9.258200997725517,14.345924702003549,249.5,256.1666666666667,241.0,157.0,0.6388765649999399,5929864772,0
4204.0,17.1,133,154,153,155,159,1.53,497,183,138.5,22.388337462191952,8.615187362280476,247.0,245.8823529411765,233.0,159.0,1.253390463630942,5916959721,0
3835.0,14.93,139,150,71,57,159,1.47,483,175,140.0,4.4960920531056745,28.34435294287029,255.0,263.8125,248.0,159.0,1.5811388300841898,6184653950,0
2873.0,11.64,140,154,58,47,158,1.54,447,172,142.0,8.066993795019856,11.100550536897808,246.5,246.3333333333333,230.0,157.5,1.1636866703140785,5470514131,0
1577.0,6.02,157,188,21,18,161,1.43,302,176,156.0,14.347011350587186,17.610760599386072,255.5,262.1666666666667,249.0,161.0,1.498298354528788,5955704827,0
1402.0,6.01,144,156,20,14,160,1.6,231,173,148.0,6.779320295831241,13.237153101109856,231.5,233.3333333333333,216.0,160.0,1.1605769149479943,6059227905,0
4965.0,20.03,125,157,59,54,162,1.49,689,181,131.5,14.306055471040782,413.61678891524986,245.0,338.9047619047619,228.0,163.0,33.04532949832536,5224575497,1
2636.0,12.04,154,162,32,35,165,1.67,619,172,157.0,6.921367310278149,17.86523626114882,213.0,219.0,200.0,165.0,1.2498520622516862,5196760729,1
3885.0,15.55,139,167,25,27,161,1.49,686,236,152.0,11.90591722850042,44.49454935097939,251.0,235.84848484848484,152.0,162.0,11.915830823801304,5043197100,5
1912.0,7.79,150,163,4,7,162,1.51,436,172,150.5,4.408798022137099,7.189401922274203,246.0,245.25,233.0,162.0,1.4086784586980805,5077429481,0
1446.0,5.6,133,143,28,21,161,1.44,194,172,134.5,4.272001872658765,12.98289472943363,253.0,257.6666666666667,247.0,161.0,1.462494064565354,6096139832,0
1613.0,6.09,158,183,32,30,159,1.43,309,172,167.0,14.579829511054944,11.9918954112999,260.5,264.8333333333333,255.0,158.0,1.2936264483053457,5947005716,0
2117.0,8.01,139,155,56,49,158,1.44,298,205,141.0,8.79393730551528,5.739120141624499,264.5,264.25,254.0,158.0,1.3698697784375504,5782023401,0
4939.0,18.93,137,151,173,186,155,1.49,582,229,138.0,3.7638019323749736,18.90301827018616,259.0,260.7894736842105,232.0,157.0,6.627400521556712,5876821257,0
2037.0,8.18,137,151,50,43,159,1.51,280,175,138.0,4.946628731011571,9.682458365518542,245.0,249.5,243.0,160.0,1.8856180831641267,6077779661,0
3740.0,14.33,142,156,141,132,161,1.43,499,173,140.0,6.936537721050433,10.681139203936889,262.0,260.6428571428572,240.0,161.0,1.4452988925785868,5834880648,0
3299.0,10.62,143,173,46,43,128,1.46,615,240,141.0,11.777269701957795,118.94079863632544,201.0,300.22222222222223,188.0,134.0,20.203398127997364,5177991632,3
3962.0,15.61,146,175,16,12,160,1.47,780,196,159.0,10.154685965544358,42.40421605249448,249.0,234.939393939394,144.0,163.0,9.558461531607012,5067695253,5
3265.0,13.32,137,163,57,50,159,1.54,406,189,138.0,4.05736641458745,5.762740986151415,244.5,244.92857142857144,234.0,160.0,1.309792180292567,6027798201,0
1821.0,8.02,156,168,56,55,161,1.64,342,175,159.5,8.967146827292515,35.35276766843272,230.0,244.0,217.0,162.0,7.952550254827413,5782023763,1
2057.0,7.69,136,150,35,37,158,1.4,328,169,138.0,6.099762338953542,56.350589073131154,265.0,272.6666666666667,166.0,160.0,1.4876215081395163,5293860222,1
3005.0,13.35,146,163,47,44,160,1.66,507,172,148.5,6.833291853200799,12.398224724990309,228.0,225.23076923076923,204.0,160.0,1.124858267715973,5555031455,1
2075.0,8.11,134,144,65,62,157,1.49,270,169,136.0,5.086899174337598,6.96419413859206,253.5,256.0,249.0,157.0,1.314684396244359,5881476308,0
1917.0,8.13,143,164,12,20,162,1.57,388,173,144.0,9.468596569062088,10.476163419878482,240.5,236.5,213.0,162.0,2.897423291201177,5163041320,0
2784.0,11.65,141,168,43,42,158,1.59,464,173,140.0,11.391889567977476,15.81731646013318,239.0,237.75,206.0,158.0,3.650403236216822,5395137326,0
1898.0,8.06,157,181,20,20,157,1.62,378,172,159.5,6.988562083862459,126.41505223706064,235.0,278.8888888888889,227.0,158.0,16.835676404587968,5500769694,1
2088.0,8.01,138,148,12,9,161,1.43,378,172,139.0,4.0490815907308,10.024968827881713,257.5,260.5,250.0,161.0,0.8748897637790902,5142432691,0
2677.0,10.33,132,144,44,42,160,1.45,331,172,133.0,5.758213680768407,15.15552704461313,260.5,259.9,237.0,160.0,1.4937887931959075,6099968273,0
3018.0,12.02,138,152,104,107,161,1.48,481,173,140.0,5.47073981129063,17.63263231120703,254.0,251.0833333333333,226.0,161.0,1.692307692307692,5317442626,0
1411.0,6.01,146,160,11,10,158,1.62,257,172,151.0,8.184106049944287,8.87724932372385,234.0,235.16666666666663,224.0,158.0,1.6903085094570331,5480179526,0
2059.0,8.01,137,150,47,41,158,1.48,279,173,140.0,5.820355934981687,11.112352361223971,254.0,257.375,247.0,158.0,1.4740554623801778,6176323055,0
2786.0,12.05,148,159,28,28,164,1.59,602,247,152.0,6.611805829829014,15.46411616901816,225.5,231.16666666666663,215.0,164.0,1.7371676600978794,5216534522,0
3574.0,14.23,139,167,103,99,160,1.49,471,196,143.0,9.696874999537608,63.36065816226044,246.0,239.1818181818182,142.0,159.0,8.039617239814223,5834880996,5
3003.0,12.01,138,150,21,17,158,1.5,418,175,139.0,5.668348746750935,6.343741447722752,248.0,249.91666666666663,242.0,160.0,1.2917581249035897,6132539907,0
2001.0,8.02,136,149,47,41,160,1.5,264,173,138.0,5.0771820705759385,5.3091901453988255,250.0,249.75,242.0,160.0,1.617802197617893,6062346514,0
2810.0,12.01,140,149,40,42,159,1.62,439,170,141.0,4.793980446425502,14.250487321102002,238.0,234.0833333333333,204.0,159.0,1.268647884805434,5414818727,0
1680.0,6.02,139,156,89,17,159,1.35,288,170,140.0,5.95219047314276,13.396724309405723,278.5,279.1666666666667,264.0,159.0,1.124858267715973,5291844315,0
2904.0,13.25,158,169,61,55,163,1.68,544,174,161.5,8.465114486249204,9.794938917745576,220.0,219.53846153846155,207.0,164.0,1.7217101133134214,6027802135,1
3685.0,12.35,138,234,63,61,124,1.6,503,240,134.0,13.056382952505228,353.5139300868243,299.0,461.8888888888889,180.0,160.0,52.51548860298146,5945394699,2
4045.0,16.28,142,180,157,191,162,1.49,644,177,140.0,16.37215624161949,15.120751274773797,251.0,252.68421052631572,228.0,162.0,2.4392621835300936,5305770414,0
2088.0,8.02,141,156,57,65,159,1.45,316,202,143.0,7.856742013183861,7.532222447591415,258.5,260.375,249.0,160.0,1.640535895581489,5797158242,0
1600.0,6.07,132,142,13,18,162,1.4,283,172,135.0,4.746642207381757,21.24199195513976,261.0,264.3333333333333,240.0,163.0,1.3997084244475304,5205207497,0
4454.0,14.33,139,202,35,34,122,1.49,514,256,158.0,22.60914269346216,409.9269636844539,185.0,438.1333333333333,165.0,177.0,52.80934260778737,5971079138,2
3998.0,15.62,136,159,15,14,161,1.46,669,171,137.5,5.655473012931809,8.374067112222113,257.0,255.5,241.0,161.0,1.3635890143294642,5034470184,0
4910.0,20.15,139,156,70,68,163,1.51,854,189,141.0,4.583812590898621,12.570202862324855,241.5,243.7,227.0,163.0,1.1388819755334665,5210117252,0
2326.0,10.02,144,164,13,12,158,1.64,402,213,149.0,11.884429705353456,7.30479294709987,234.0,232.2,213.0,158.0,2.934547707557995,5543590085,0
2457.0,12.01,165,170,21,20,162,1.81,500,173,166.0,3.516655215588449,4.0483192671637065,203.5,204.3333333333333,198.0,162.0,0.7378202343558031,5875574243,1
2181.0,10.14,159,172,58,58,164,1.7,505,175,165.0,13.317657451669191,22.36067977499789,210.0,217.0,189.0,165.0,1.8184242262647805,5313599528,1
3121.0,12.77,142,170,28,20,160,1.53,538,196,150.0,8.374183607529265,65.00086324213103,243.5,233.4333333333333,142.0,161.0,16.7557591012557,5261320658,5
2896.0,11.37,137,151,69,69,162,1.46,454,173,139.0,7.799145252312375,35.34812294759607,254.0,265.2857142857143,241.0,162.0,1.591644851508443,5327825057,0
2004.0,8.04,140,160,28,29,156,1.54,344,228,141.0,9.218874894529574,5.408326913195984,249.0,249.5,243.0,157.0,1.0657403385139377,5443544778,0
1948.0,7.79,143,155,10,5,161,1.49,401,172,141.0,12.286578042726136,4.65985898008574,247.0,248.0,241.0,163.0,64.63435618925898,5077401071,0
1670.0,6.12,130,146,7,7,162,1.35,280,172,132.0,5.0990195135927845,7.571877794400365,272.5,273.0,265.0,163.0,1.27775312999988,5220995547,0
2100.0,10.02,169,176,16,18,160,1.79,437,174,172.0,5.878944077899906,4.715930449020638,209.5,209.6,204.0,160.0,0.7385489458759964,5735278729,1
6575.0,24.28,146,177,195,206,150,1.46,854,236,152.0,7.52326068291901,105.48625477568255,260.0,280.3207547169811,164.0,157.5,21.927998212881693,5748295457,3
4441.0,18.02,143,153,22,15,160,1.52,616,233,144.0,4.458488123062605,9.250959242888287,248.0,246.44444444444449,230.0,160.0,1.2230473724865525,6029677752,0
2865.0,11.5,136,149,42,46,160,1.5,488,239,140.0,7.374882296612529,7.857674945908336,247.0,248.41666666666663,237.0,160.0,0.9860132971832694,5138499431,0
1634.0,5.75,139,159,19,20,152,1.39,305,173,144.0,11.954775893619532,26.99794230842212,277.5,286.6666666666667,264.0,159.5,16.6332999331662,5241205739,0
4228.0,16.07,140,166,31,33,163,1.4,653,173,138.0,8.361222075873606,11.224972160321824,261.5,263.0,249.0,163.0,1.0555504967603742,5239794385,0
2094.0,8.02,151,181,32,27,160,1.43,378,200,153.0,11.352924243950934,16.15549442140351,254.5,261.0,246.0,161.0,1.4989708403591158,5945393304,0
1801.0,6.5,155,176,15,10,158,1.37,428,172,161.0,12.699027762882046,19.299994712910348,266.0,275.7142857142857,252.0,161.0,7.961642738910157,5229923778,0
2040.0,8.02,137,151,35,28,159,1.48,285,175,139.0,6.297167695691002,13.509256086106296,252.5,254.5,237.0,160.0,1.3425606637327303,6184654223,0
5180.0,20.02,143,156,123,124,158,1.47,684,170,143.0,3.016958868848982,15.052823655381072,254.0,258.75,240.0,157.0,1.749635530559413,5863740514,0
2379.0,9.89,143,160,40,46,158,1.58,392,171,144.0,7.673071944003344,15.26623238522424,238.0,240.1818181818182,225.0,157.0,3.537286628789768,5621161788,0
2056.0,8.01,143,177,31,24,160,1.46,334,173,145.0,13.832329280830953,15.960400214280344,248.5,256.625,243.0,160.0,1.133115447465063,5966762046,0
3031.0,12.1,137,147,11,9,160,1.5,401,172,138.0,5.77281939670576,8.27143679578504,251.5,250.5,237.0,160.0,0.696568087549032,5834880849,0
1645.0,5.97,133,142,36,33,157,1.39,209,175,136.0,4.940461847368738,5.617433182117572,275.5,275.6666666666667,268.0,157.0,1.0301575072754257,5806885311,0
1508.0,6.04,137,160,22,12,158,1.52,217,170,136.0,6.715805299167519,8.97063109386526,248.0,247.8333333333333,235.0,159.0,7.345691504104252,6222514960,0
1937.0,8.04,141,152,20,25,157,1.59,311,169,144.0,7.512951779723097,4.342738191510052,240.0,240.875,236.0,156.0,1.257078722109418,5476391220,0
2313.0,10.03,149,160,13,12,157,1.66,418,170,152.0,6.592006178284836,5.463515351859094,228.5,230.5,225.0,157.0,1.4142135623730951,5575493665,0
2445.0,9.5,139,153,60,61,159,1.46,409,169,141.5,8.224354077980836,14.553350129781116,263.5,258.0,233.0,159.0,0.6,5343173986,0
2530.0,10.06,136,150,56,59,159,1.5,340,175,138.0,5.806807062789567,13.37348122217996,248.0,251.5,234.0,160.0,1.7721444263289026,6059222602,0
1597.0,5.99,136,147,31,37,156,1.44,215,169,138.5,6.202598021976132,7.760297817881876,265.0,266.3333333333333,256.0,157.0,3.091206165165234,5797131309,0
3113.0,12.02,130,165,38,28,160,1.44,388,170,132.0,17.28220345364033,10.52873053443133,256.5,259.25,247.0,160.0,0.72160242458822,5945392097,0
2717.0,12.68,153,175,32,34,156,1.75,459,185,156.0,14.543039572248986,4.686062704816207,196.0,197.57142857142856,192.0,168.0,46.63940796150826,5929865056,1
1620.0,5.94,132,149,31,35,157,1.4,205,169,136.0,7.780142173822916,10.113640011673064,271.0,270.0,252.0,156.0,1.4142135623730951,5772769512,0
3766.0,15.05,145,176,132,130,160,1.5,568,189,144.0,12.162795474314285,14.98215083858122,250.5,250.3125,219.0,159.5,1.7488835724541527,5766681945,0
3691.0,12.21,150,178,85,89,130,1.55,519,222,157.0,13.08802501877066,404.4796869739137,315.0,491.1578947368421,187.0,157.0,44.3852437359067,5819304458,2
1525.0,6.09,137,148,7,4,158,1.52,261,168,140.0,5.584576975922169,5.202040416009464,251.0,250.28571428571428,242.0,158.0,1.8708286933869709,5265930466,0
3029.0,11.92,140,153,28,30,160,1.47,584,169,142.0,8.118209497406863,17.913665406164746,251.0,253.84615384615384,238.0,160.0,0.7994080650317895,5187702483,0
1772.0,7.07,145,160,74,76,158,1.52,300,175,147.5,6.836254456937659,14.72052572264389,245.0,251.1428571428572,237.0,157.5,1.653594569415369,5732079735,0
1979.0,8.01,138,149,42,39,159,1.52,277,223,140.0,4.771313456351975,11.730702238144143,245.0,246.875,232.0,160.0,2.0608041101101566,6165473489,0
2036.0,8.01,135,147,51,44,159,1.48,271,172,138.0,5.2493385826745405,9.518895681747962,252.0,254.125,242.0,159.0,1.257078722109418,6072634662,0
2039.0,7.91,137,150,88,67,158,1.47,280,178,138.5,2.8256636388643286,11.10180165558726,256.0,258.0,245.0,157.5,2.277608394786075,5839087603,0
1909.0,8.02,159,187,31,34,159,1.59,388,172,154.0,11.936043557329588,7.096433963618629,241.0,238.125,225.0,158.0,1.0657403385139377,5680622881,0
1756.0,7.04,90,160,64,70,157,1.53,119,174,79.5,29.223278392404914,14.93796696819407,248.0,249.0,228.0,157.0,1.920286436967152,5671213582,0
1531.0,6.02,135,159,27,31,160,1.47,259,167,137.5,10.68219897773862,36.23900255418806,254.0,268.85714285714283,248.0,160.5,1.4142135623730951,5311739844,0
2517.0,10.01,136,148,49,35,161,1.48,331,173,139.0,5.736644568830363,10.844814429025517,246.5,251.3,239.0,161.0,1.378704626191191,6110414659,0
1541.0,6.1,143,157,56,45,158,1.51,237,245,146.0,6.366365701473483,9.3392838174146,251.5,252.66666666666663,240.0,157.0,1.178030178747903,5745563661,0
2235.0,9.35,162,178,79,77,154,1.66,416,247,160.0,11.488824116713385,84.2605483010881,207.0,269.6,179.0,150.0,46.77043990003629,5785589964,2
1586.0,6.08,140,157,12,16,163,1.41,288,183,145.0,7.553888037944162,21.512916017024647,255.0,260.8333333333333,232.0,164.0,1.8294640678379568,5248946288,0
1649.0,6.52,135,148,14,15,162,1.46,309,170,137.0,7.185586479976737,7.434063903575821,251.0,252.8571428571429,240.0,162.0,0.4517539514526256,5196760568,0
1514.0,6.09,141,159,27,32,161,1.5,304,176,143.0,4.940461847368738,5.273097339852125,246.5,248.8333333333333,243.0,161.0,1.665986255670086,5093365355,0
3882.0,15.02,132,145,42,46,161,1.44,467,190,133.5,5.0,14.67787450552702,256.0,258.6,245.0,160.5,1.854049621773916,5962893290,0
1368.0,5.15,142,170,26,31,158,1.43,265,174,145.0,13.76791761870892,6.928203230275509,263.0,266.0,259.0,158.0,1.1547005383792517,5340770871,0
2090.0,8.03,145,161,91,68,158,1.46,323,171,147.0,4.441665798068152,18.034688796871432,257.5,260.5,238.0,158.0,1.6629588385661962,5866500963,0
1477.0,6.01,141,152,22,16,160,1.52,231,215,144.0,6.388765649999399,9.3392838174146,242.5,245.3333333333333,234.0,161.0,2.118913853455904,6159240462,0
1631.0,7.02,147,160,30,26,161,1.61,278,172,150.0,6.519202405202649,14.519515368310756,225.0,232.57142857142856,217.0,161.0,1.5612494995995996,6074508513,0
4881.0,20.01,142,157,72,65,162,1.52,661,176,145.0,7.00760843396082,18.35211159512714,236.5,244.0,222.0,162.0,1.2453996981544782,6083891271,0
1362.0,5.01,136,157,37,29,166,1.37,246,185,138.5,7.578753195612059,10.143416036468626,264.5,269.3333333333333,259.0,166.0,72.12142538802183,5301152018,0
1499.0,6.01,146,160,28,33,159,1.52,249,170,148.0,8.649643144697489,7.182153808805081,248.0,249.5,243.0,158.0,1.1780301787479033,5767980156,0
2505.0,10.1,141,151,10,10,161,1.5,484,176,143.0,5.086036629345224,3.950949253027682,248.0,248.3,242.0,161.0,0.7158188976374373,5122917038,0
5664.0,22.02,139,160,245,247,159,1.47,708,179,140.0,8.442175155791224,15.11963312336394,252.0,257.1818181818182,234.0,159.0,2.4074553391142826,5797128471,0
3239.0,12.1,135,146,28,20,150,1.48,404,217,138.5,10.22402133433308,837.255144812376,253.0,489.7692307692308,234.0,162.0,38.503114106762425,6126994364,0
2508.0,10.01,139,151,36,34,161,1.49,437,172,139.0,5.662695091780886,13.943098651304163,246.5,250.3,241.0,161.0,1.348399724926484,5360399106,0
1648.0,6.01,128,139,28,28,162,1.35,280,173,129.0,4.865538961693257,26.30219678193355,263.5,274.1666666666667,257.0,162.0,0.6998542122237651,5208170918,0
1472.0,5.29,131,143,34,34,158,1.36,257,196,132.5,4.818944098266987,26.48018126826174,272.0,280.0,242.0,161.5,5.520165053893065,5200331425,0
2050.0,8.34,137,149,58,60,159,1.53,274,175,140.0,8.98283685840344,5.0990195135927845,245.5,246.0,238.0,160.0,0.955813918560292,5848775371,0
2039.0,7.96,132,144,57,53,159,1.47,260,176,134.0,6.782329983125268,7.381353195722313,253.5,256.375,250.0,159.0,0.6849348892187752,5814550789,0
1524.0,6.1,140,152,7,8,160,1.5,310,171,140.0,2.849991049037143,7.951240294584375,253.5,250.3333333333333,239.0,160.0,0.7284313590846836,5113054454,0
4965.0,19.08,133,147,178,184,158,1.46,550,170,134.0,3.994996871087636,15.536749393533112,262.0,260.3684210526316,228.0,158.5,1.8567444627627137,5894439053,0
1534.0,6.02,139,154,36,35,160,1.47,280,170,142.0,9.14062472745508,6.289320754704402,255.5,255.3333333333333,246.0,160.0,0.9035079029052512,5283040340,0
2193.0,8.2,138,157,49,54,160,1.4,369,173,139.0,8.446232472245043,12.67280552995271,264.5,268.0,252.0,160.0,1.1134044285378082,5334644844,0
2055.0,6.63,134,175,26,24,145,1.33,322,196,130.0,10.9895442627296,109.25365490962356,282.5,296.5,171.0,147.0,25.45432060914473,5265930642,2
2051.0,8.64,152,179,35,38,157,1.61,386,171,148.0,10.097059833632295,15.95827893811443,237.0,236.0,206.0,157.0,1.640535895581489,5438928920,0
4556.0,18.02,138,150,35,29,159,1.49,567,173,139.0,5.9424758636936605,9.74948558313732,259.0,253.0555555555556,232.0,159.0,1.3562209186026448,6059226115,0
1428.0,5.98,140,162,33,33,160,1.57,263,230,144.0,12.41974234837422,5.337583340648401,238.0,237.28571428571428,227.0,161.0,7.91260860904923,5329231742,0
1969.0,8.02,138,149,23,24,159,1.54,323,230,141.0,5.792715732327589,5.429951657243368,247.0,245.625,239.0,160.0,2.3570226039551585,5385055665,0
1829.0,7.85,151,175,12,16,160,1.59,295,245,143.0,11.514992024413829,71.43920492278733,239.5,253.2,182.0,159.0,9.306533739687074,5758131719,2
2537.0,12.01,153,168,51,49,164,1.74,459,172,159.0,12.905207425617956,14.980311152383392,204.5,211.41666666666663,197.0,165.0,1.915369168921344,6159257252,1
3183.0,12.02,133,144,22,23,159,1.43,515,172,135.0,4.509031043000875,9.923317097736131,266.5,264.8333333333333,242.0,159.0,1.3846153846153846,5108633592,0
2793.0,12.02,149,174,35,31,158,1.63,538,174,149.0,7.979263064547655,12.223326970273774,225.5,231.41666666666663,221.0,159.0,30.42110758966952,5455186020,0
3715.0,14.02,137,146,16,18,157,1.44,461,169,138.0,3.6636351104090896,10.7161903069084,269.0,265.1428571428572,241.0,158.0,0.618241233033047,5758131214,0
2069.0,8.02,144,161,41,38,160,1.45,334,171,147.0,8.328146533974893,13.45768832303676,254.5,258.125,247.0,161.0,0.8314794192830981,5970788251,0
1459.0,6.03,152,173,18,14,160,1.55,268,176,152.0,9.88111145754179,6.708949247087803,245.0,243.7,233.0,159.0,2.108620637226037,5945393557,0
3738.0,14.12,132,146,43,44,158,1.44,592,174,133.0,5.72091678744665,8.74234358902528,265.5,265.0,249.0,159.0,1.9618585292749544,5173601407,0
1469.0,6.03,142,154,23,17,158,1.56,239,174,146.0,6.184245949118104,10.132456102380443,240.0,244.0,237.0,158.0,1.124858267715973,6384512138,0
4455.0,13.87,143,178,57,57,113,1.6,558,238,154.0,10.428488955446063,207.3583214272832,271.0,358.4516129032258,161.0,157.0,35.635686961580035,5995986666,3
1987.0,8.03,141,153,7,8,160,1.51,301,169,145.0,6.373169066533328,6.855654600401044,246.0,247.5,241.0,160.0,1.0540925533894598,6027799335,0
1659.0,5.97,130,138,15,18,161,1.34,287,173,132.0,3.6247605284885904,18.631663610340567,273.0,277.8333333333333,260.0,160.5,1.462494064565354,5201831560,0
3553.0,12.14,156,173,53,51,155,1.46,641,191,160.0,9.195445232165296,13.155849987320808,277.5,282.0833333333333,266.0,161.0,39.91751851034416,5980582818,0
4780.0,19.02,140,151,90,88,164,1.46,803,173,141.0,4.271709259769442,12.092670796007368,249.0,251.3684210526316,233.0,164.0,1.8439088914585773,5087930745,0
4942.0,17.96,138,153,76,74,161,1.36,789,170,139.5,4.629481479111036,10.373875069163754,275.5,275.22222222222223,256.0,161.0,0.881917103688197,5052267582,0
1543.0,6.1,129,152,13,11,160,1.48,243,170,133.5,16.65035660278782,32.57706718110838,244.0,260.85714285714283,236.0,161.0,27.96398353239395,5279819553,0
2443.0,10.01,141,152,25,21,160,1.54,352,172,143.0,6.109199133240525,4.878524367060187,243.0,244.0,234.0,159.0,1.28564869306645,5984632295,0
1949.0,8.02,141,152,29,24,160,1.54,290,173,142.0,5.374838498865699,9.061422349719717,242.0,243.125,230.0,161.0,0.9428090415820634,6201161047,0
2859.0,12.73,149,156,32,27,164,1.63,616,175,152.0,5.226242385065548,15.242419786462568,220.0,225.23076923076923,209.0,165.0,2.237390703422921,5231203993,1
743.0,2.59,148,159,8,7,158,1.33,173,244,147.0,2.6246692913372702,11.025223605694151,285.0,284.6666666666667,271.0,158.0,0.816496580927726,5116882114,0
1076.0,3.67,141,168,10,11,136,1.43,208,231,148.0,10.037208881465878,101.78190190576886,258.0,274.6666666666667,167.0,155.0,32.390735763696526,5200332763,3
661.0,2.24,131,139,8,7,163,1.25,123,172,132.0,0.9428090415820634,1.0,297.0,297.0,296.0,163.0,0.0,5234594278,0
787.0,3.09,146,168,11,12,158,1.49,147,171,152.5,9.908960591303208,7.318166133366716,251.0,255.66666666666663,250.0,158.0,0.7071067811865476,5708752931,0
761.0,3.31,146,157,10,8,154,1.69,142,165,147.5,5.11737237261468,4.496912521077347,227.0,229.66666666666663,226.0,154.0,0.4330127018922193,5543617918,6
620.0,2.18,139,154,7,6,157,1.34,130,169,146.0,8.640987597877148,4.0,286.0,286.0,282.0,157.0,1.247219128924647,5152797136,0
718.0,2.94,131,161,9,47,159,1.55,103,173,145.0,22.29100466306732,13.888444437333106,245.0,244.3333333333333,227.0,160.0,3.39934634239519,5916959334,6
657.0,2.67,140,152,8,8,159,1.53,134,167,145.0,7.408703590297622,14.236104336041748,237.0,245.0,233.0,160.0,0.9428090415820634,5190385474,0
663.0,2.85,146,155,7,8,161,1.6,150,172,146.0,15.107613974417005,31.95309061734092,235.0,251.0,228.0,161.0,5.621387729022079,5103367804,6
986.0,3.67,149,165,67,41,157,1.43,190,172,153.0,9.654014708917735,5.522680508593631,267.5,269.0,263.0,157.0,1.469693845669907,5621163028,0
2475.0,9.84,146,159,75,67,154,1.55,416,170,147.5,7.746612162745725,9.476813810558909,251.5,251.7,233.0,153.5,1.8867962264113207,6436201933,0
891.0,3.81,136,159,7,4,162,1.59,136,170,146.5,13.81725973797506,7.445804187594514,229.0,232.6,226.0,162.0,0.6871842709362768,5970788337,0
1041.0,4.01,138,156,12,12,163,1.42,165,173,142.0,7.402702209328699,20.60946384552495,253.0,259.5,239.0,163.0,1.4966629547095764,5945393889,0
1070.0,4.13,112,146,10,13,158,1.46,173,168,112.0,13.212115651930995,10.685855136581257,255.0,259.75,251.0,159.0,1.743559577416269,5268979862,6
682.0,2.2,127,161,17,19,132,1.39,80,203,129.5,19.162463307205574,109.45328757358008,163.0,251.6315789473684,141.0,154.0,28.33526954168603,5843588563,7
628.0,2.5,139,150,26,29,158,1.51,97,174,138.0,4.109609335312651,24.239545283597124,239.0,246.3333333333333,221.0,157.0,2.0548046676563256,5735278335,0
788.0,3.01,148,168,5,1,162,1.42,182,172,153.0,8.660254037844387,7.3484692283495345,262.0,262.0,253.0,161.0,0.4330127018922193,5097503409,0
1058.0,3.85,131,146,35,26,159,1.38,148,172,130.5,8.031189202104505,12.695963925594622,272.0,274.75,260.0,158.0,2.8613807855648994,5805595264,0
1176.0,4.48,154,178,60,9,155,1.44,243,238,161.0,9.336573120430003,117.18856498529884,285.0,273.38461538461536,176.0,160.0,20.200474538921927,5283012494,3
469.2,2.05,146,162,8,1,163,1.61,102,173,152.0,9.46337971105226,3.5,228.5,228.5,225.0,166.0,3.0912061651652345,5182084584,6
804.0,2.95,131,139,10,20,161,1.36,139,169,132.5,2.947456530637899,4.109609335312651,273.0,273.6666666666667,269.0,161.0,0.8660254037844386,5301151350,0
649.0,2.52,138,148,2,2,158,1.47,123,239,140.0,4.546060565661952,12.391753530294071,257.0,254.3333333333333,238.0,158.0,1.247219128924647,5363320697,0
1069.0,3.4,143,170,14,12,132,1.35,211,228,152.0,11.179545989024334,102.07540785560884,256.5,279.6666666666667,174.0,158.0,34.14344956106506,5200333526,3
430.7,1.87,140,154,1,0,160,1.63,75,167,145.0,6.377042156569663,8.0,233.0,233.0,225.0,162.0,2.6246692913372702,5575930649,0
946.0,3.57,144,163,9,5,143,1.54,164,180,146.0,9.52768909569011,87.72110199682395,303.0,268.90909090909093,167.0,144.0,21.962025828971168,5575930215,6
1128.0,3.72,147,173,18,17,130,1.46,223,239,157.0,12.789141103980157,93.99863326429568,246.0,264.5833333333333,169.0,153.0,39.16797387553756,5234594019,3
2639.0,10.02,143,158,99,98,155,1.47,423,171,145.0,6.321941327532258,10.315522284402276,263.0,263.7,249.0,155.0,2.2342192231717286,5708753130,0
623.0,2.04,139,152,11,10,156,1.26,116,168,135.0,3.559026084010437,14.5,307.5,307.5,293.0,157.0,1.699673171197595,5380181707,0
428.8,1.4,136,146,14,12,156,1.25,78,163,138.0,4.0,0.0,321.0,321.0,321.0,157.0,2.0,5329476010,0
1033.0,4.0,139,161,13,12,155,1.5,182,168,137.0,15.301597592698904,4.242640687119285,258.0,258.0,252.0,155.0,1.699673171197595,5431838467,0
988.0,4.01,136,147,5,10,161,1.52,172,235,141.0,7.9498427657407165,5.766281297335398,248.5,246.5,237.0,161.0,1.4966629547095764,5375415631,0
390.5,1.38,141,147,4,1,133,1.6,71,173,140.5,0.5,0.0,235.0,235.0,235.0,126.0,36.0,5402808021,0
863.0,3.12,144,160,83,20,160,1.35,147,178,148.0,8.898735865278843,4.189935029992179,276.0,277.3333333333333,273.0,161.0,0.4330127018922193,5771383107,0
328.1,1.39,136,150,11,2,155,1.64,54,174,138.5,4.5,0.0,243.0,243.0,243.0,156.5,2.5,5543600830,0
710.0,2.65,138,144,1,2,162,1.38,139,167,140.5,3.3541019662496847,17.82008853949821,262.0,266.3333333333333,247.0,162.5,0.5,5037963217,0
694.0,2.69,118,153,36,26,159,1.46,76,167,118.0,0.0,0.0,258.0,258.0,258.0,159.0,0.0,5843650419,6
333.8,1.04,142,151,14,9,157,1.19,68,167,146.0,4.0,0.0,323.0,323.0,323.0,159.0,3.0,5285983348,0
570.0,2.11,140,151,5,3,161,1.38,121,170,144.0,4.496912521077347,4.0,272.0,272.0,268.0,160.0,1.247219128924647,5081404976,0
2771.0,11.04,140,156,84,109,154,1.56,410,231,140.0,10.37725879025863,8.302145495877,251.0,251.27272727272728,240.0,155.5,42.86185820620577,6436204960,0
749.0,2.99,148,178,10,10,158,1.5,169,169,157.0,12.67650888655944,19.718152944826137,224.5,230.8333333333333,202.0,162.0,31.11007448872274,5028244659,0
1066.0,3.96,133,144,23,24,158,1.41,139,173,139.0,6.046486583132389,5.973901572674261,268.5,269.25,262.0,158.0,2.0591260281974,5801845806,0
779.0,3.31,137,152,12,10,157,1.63,128,169,140.5,7.327175444876422,3.858612300930076,238.0,236.3333333333333,231.0,156.5,0.5,5558577449,0
757.0,3.02,132,150,24,26,166,1.44,136,238,134.5,4.183300132670378,6.649979114420001,247.0,250.66666666666663,245.0,166.5,0.82915619758885,5234592599,0
786.0,3.1,136,150,50,6,159,1.49,112,172,140.0,6.609652033201143,8.9566858950296,258.0,254.3333333333333,242.0,160.5,2.0615528128088303,5916959596,0
1164.0,3.95,149,175,42,44,136,1.43,227,183,156.0,8.732039893980053,163.57182842884515,245.5,295.4166666666667,169.0,157.0,33.12822497419426,5283020528,3
2322.0,9.87,131,165,100,102,157,1.62,317,173,137.0,23.21831173879789,13.021520648526424,230.0,235.2,213.0,158.0,1.3601470508735445,5657750152,1
1015.0,3.58,148,172,13,12,133,1.5,215,190,153.0,12.392018809601396,91.2170239294478,183.0,254.0,167.0,151.0,44.79618538282106,5200334233,3
1059.0,4.53,152,171,7,11,159,1.61,211,229,152.0,8.957678270623475,4.498888751680798,232.0,233.4,229.0,159.0,1.095445115010332,5543600302,0
1021.0,3.55,150,176,16,16,138,1.43,217,226,153.0,10.096575082787572,112.90664162139544,232.0,276.9166666666667,165.0,159.0,36.841897939533226,5234593105,3
696.0,2.66,138,150,6,60,162,1.42,105,176,138.0,0.0,0.0,261.0,261.0,261.0,162.0,0.0,5800707447,0
585.2,2.22,146,158,7,4,155,1.46,105,168,146.0,0.0,0.0,264.0,264.0,264.0,155.0,0.0,5955948489,0
227.9,1.08,128,143,1,9,157,1.8,34,175,121.5,8.5,0.0,208.0,208.0,208.0,148.0,11.0,5543599306,6
681.0,2.78,153,167,5,3,156,1.57,138,170,158.0,7.874007874011811,8.339997335464536,240.0,244.3333333333333,237.0,157.0,1.4142135623730951,5486214049,0
726.0,3.07,147,164,9,6,149,1.7,137,165,146.0,7.833262411026455,202.96366669923955,227.5,342.5,221.0,154.0,48.33218389437829,5506649793,6
710.0,2.61,128,145,13,8,161,1.37,92,172,128.0,0.0,0.0,272.0,272.0,272.0,161.0,0.0,5929865154,0
510.2,2.15,138,149,10,8,162,1.56,80,222,144.0,6.48074069840786,9.0,238.0,238.0,229.0,161.0,1.247219128924647,6159241251,0
808.0,3.1,140,153,18,83,161,1.43,123,174,142.0,5.024937810560445,6.548960901462833,260.0,260.6666666666667,253.0,161.0,1.0897247358851685,5771383484,0
869.0,3.22,132,147,24,24,159,1.4,146,169,137.0,8.042853971072706,24.26245384677046,259.0,272.0,251.0,159.0,1.299038105676658,5402514887,0
1475.0,4.95,152,176,24,27,158,1.28,269,222,151.0,12.457929201917947,3.32264954516723,295.0,297.6,295.0,157.0,2.3664319132398464,5787350352,0
1015.0,4.02,139,152,29,27,161,1.47,158,178,145.0,6.887670143089025,10.894379284750462,254.5,252.75,236.0,161.0,0.4898979485566356,6027803119,0
776.0,3.38,141,155,14,13,157,1.67,135,169,141.0,8.06473806146238,7.730459236035076,228.0,231.2,224.0,157.0,1.8547236990991405,5543593517,0
798.0,3.07,141,159,66,4,164,1.41,159,180,147.5,10.594810050208546,0.816496580927726,260.0,260.0,259.0,162.5,1.7853571071357126,5283004420,0
545.9,2.02,152,166,24,21,155,1.43,109,167,157.0,6.164414002968976,1.5,269.5,269.5,268.0,156.0,1.247219128924647,5732079012,0
815.0,3.02,129,144,12,9,160,1.39,134,172,141.0,9.604165762834375,29.34280150224242,254.0,258.0,223.0,161.0,0.8,5282965142,6
627.0,2.47,133,143,27,32,162,1.46,89,172,133.0,0.816496580927726,26.5,259.5,259.5,233.0,162.0,1.632993161855452,5843516309,6
755.0,3.09,141,163,12,10,157,1.57,126,163,144.0,12.1937483982572,10.33870827951388,240.0,244.66666666666663,235.0,157.0,1.0897247358851685,5955705349,0
743.0,3.09,162,171,4,5,159,1.57,190,170,166.5,7.224091638399945,9.030811456096044,240.0,241.3333333333333,231.0,160.0,1.4142135623730951,5153215633,6
642.0,2.09,147,166,16,12,149,1.28,105,236,153.0,7.446853114019045,84.0776757264112,255.5,262.6666666666667,163.0,171.0,20.08443714383392,5785590071,7
513.9,2.02,134,144,5,4,160,1.48,86,171,138.0,5.354126134736337,3.0,255.0,255.0,252.0,160.0,0.816496580927726,5431846852,0
1802.0,7.34,139,158,51,63,156,1.56,276,173,140.5,8.757139944068497,11.86832519175064,241.0,246.0,231.0,156.0,1.984313483298443,6436197983,0
4829.0,20.46,143,158,97,86,159,1.6,700,176,145.0,8.662479365218394,5.8395205282625735,236.5,236.0,225.0,159.0,1.955282396918839,6384531909,0
949.0,3.28,140,160,73,5,154,1.38,147,198,139.0,10.825317547305485,10.656244908763853,279.0,283.3333333333333,273.0,161.5,33.50373113550191,5800706871,0
657.0,2.82,145,160,31,25,157,1.64,117,172,148.0,6.342099196813483,4.9216076867444665,233.0,232.3333333333333,226.0,159.0,3.858612300930076,5621162320,0
1024.0,3.52,137,156,65,32,160,1.29,153,170,140.5,7.582875444051551,8.916277250063503,288.0,289.0,279.0,160.0,1.0,5785589510,0
705.0,3.08,138,150,21,13,160,1.64,109,174,138.5,2.384848003542364,8.584142356694699,226.5,227.75,217.0,160.0,1.0897247358851685,6230967495,6
963.0,3.8,139,157,21,16,145,1.58,143,205,136.0,10.155579868679869,282.12649534384394,235.5,329.125,141.0,147.0,32.43454948045371,6027806272,6
1995.0,8.02,138,153,73,60,155,1.55,293,226,140.0,7.859884081701064,12.23149111923808,248.0,248.875,230.0,155.0,1.4142135623730951,6436203223,0
476.0,1.73,141,148,1,2,156,1.4,84,163,141.5,1.5,12.5,273.5,273.5,261.0,156.0,1.0,5506649628,0
1899.0,7.74,144,157,30,63,155,1.58,310,173,146.0,7.069962871189636,8.199657005021612,248.0,245.375,227.0,155.0,1.7320508075688772,6436205881,0
915.0,4.06,149,175,6,5,154,1.69,150,239,146.5,8.274794391537606,93.96467421323824,177.0,249.2,170.0,157.0,39.46623029038032,5758131849,3
1017.0,4.02,138,147,13,11,159,1.49,181,175,138.0,5.775811631277461,8.381527307120106,257.0,252.5,238.0,158.0,1.019803902718557,5378392566,0
1070.0,3.96,131,156,22,24,158,1.41,144,174,134.0,10.533755265810951,14.20167243672378,270.5,269.75,249.0,158.0,1.4142135623730951,5815850411,0
814.0,3.01,139,146,14,16,160,1.38,155,173,142.5,3.59687364248454,13.798846446906571,261.0,264.1428571428572,243.0,161.5,1.0532687216470449,5219209498,0
741.0,3.14,141,151,4,5,158,1.61,132,169,146.0,6.675327707311454,13.057564857200596,233.5,231.0,212.0,159.0,3.4985711369071804,5466931495,0
836.0,3.46,147,155,8,5,160,1.56,144,165,150.0,4.242640687119285,13.497684986693088,237.0,238.75,222.0,162.0,1.743559577416269,6159254725,0
1137.0,4.4,156,186,7,3,160,1.45,280,225,157.0,15.431749378760946,30.447331574376104,257.0,266.6,233.0,163.0,4.740487551109297,5057202330,6
756.0,3.09,138,152,7,5,161,1.53,117,230,143.5,7.822243923581007,14.352700094407323,252.0,245.0,225.0,159.5,1.6393596310755,6059225749,0
4000.0,16.02,147,162,111,107,158,1.52,661,175,148.0,5.31434046076011,13.521828417414564,246.5,249.6875,229.0,158.0,1.7149858514250884,5732079594,0
879.0,2.99,129,140,5,66,157,1.3,145,169,133.0,5.185449728701348,13.199326582148888,291.0,293.6666666666667,279.0,155.0,2.8284271247461903,5291844903,0
885.0,3.53,144,163,18,14,158,1.51,150,239,145.5,7.1545440106270926,10.084022015049351,246.0,249.25,239.0,159.0,1.7853571071357126,6219133408,0
741.0,2.73,143,157,22,21,154,1.43,141,167,145.0,6.97614984548545,27.47119703738202,257.0,269.0,243.0,154.0,0.4714045207910317,5453195008,6
719.0,3.02,143,154,6,5,158,1.6,145,169,144.5,3.5355339059327378,6.018490028422596,241.0,238.3333333333333,230.0,157.5,38.854697270729055,5352789974,0
741.0,3.04,133,153,8,7,153,1.57,109,229,132.0,7.655063683601855,79.49702999343924,174.0,238.3333333333333,162.0,159.5,19.940912717325656,5575930519,3
1001.0,3.64,134,147,17,20,144,1.46,149,231,140.0,7.643935639846512,80.28754573406762,237.0,247.9,167.0,156.0,19.65192985707608,5575930386,3
447.1,1.95,139,147,5,3,166,1.57,87,174,139.0,3.0,10.5,229.5,229.5,219.0,165.5,0.5,5023846781,6
664.0,2.52,134,143,28,29,160,1.43,93,230,134.0,1.247219128924647,23.79075450674064,252.0,259.0,234.0,159.0,2.449489742783178,5875573012,0
1066.0,4.03,104,141,12,9,161,1.41,87,170,96.0,16.387800340497197,6.722164829874376,263.5,265.25,259.0,161.0,1.095445115010332,5932760407,6
1042.0,3.64,151,175,8,7,133,1.57,220,239,158.0,12.0600077521637,93.68427325627049,257.0,266.9166666666667,166.0,156.0,40.27508957453337,5234593539,3
1095.0,3.86,138,152,36,33,158,1.33,169,217,139.0,6.317963807008288,13.92838827718412,268.0,272.0,256.0,160.0,19.03286631067428,5819303465,0
691.0,2.77,120,165,33,29,156,1.54,83,169,110.0,23.697163449568293,17.326921891156037,254.0,247.66666666666663,224.0,155.0,3.0912061651652345,5671215344,6
591.3,2.35,137,144,19,25,158,1.51,86,167,137.0,2.0548046676563256,6.5,254.5,254.5,248.0,159.0,2.0548046676563256,5875589979,0
750.0,3.01,137,157,7,2,156,1.55,132,172,144.5,11.797775213996918,8.806563209081938,254.0,249.3333333333333,237.0,156.5,1.479019945774904,5438928707,0
1078.0,4.0,137,154,17,19,161,1.39,160,172,141.0,7.054076835419359,20.25462910052909,261.5,269.5,252.0,161.0,0.9797958971132712,5929864908,0
632.0,2.58,144,160,2,1,161,1.52,140,172,153.0,8.56971411425142,19.32614809008769,229.0,234.0,215.0,162.0,0.9797958971132712,5126773105,0
779.0,3.01,144,157,9,9,155,1.49,142,173,147.5,6.722164829874376,23.6267268622258,244.0,258.6666666666667,240.0,155.0,24.40671014290947,5543601626,0
2866.0,11.11,145,167,80,71,151,1.53,460,221,149.5,8.912163972159998,100.64348256414678,251.0,260.6896551724138,148.0,156.5,19.53958944183719,6436199382,5
864.0,3.46,134,150,15,2,158,1.53,117,198,130.0,6.013318551349163,20.57911562725668,253.0,262.0,245.0,157.0,25.12687803926305,5758131511,0
657.0,2.49,131,146,16,14,133,1.62,113,205,133.0,11.55230636335988,152.75551544870646,250.5,284.95,136.0,161.0,35.91038228083287,5123302441,7
1066.0,4.13,140,158,7,4,158,1.47,182,172,141.0,6.711184694225008,5.873670062235365,256.5,259.0,254.0,158.0,0.4898979485566356,5543591124,0
758.0,3.13,135,146,4,3,158,1.57,126,167,139.5,7.3824115301167,8.524474568362947,249.0,244.0,232.0,158.0,0.8660254037844386,5434163318,0
731.0,3.01,137,146,4,1,159,1.56,113,169,141.5,5.873670062235365,9.741092797468305,247.0,243.3333333333333,230.0,158.5,0.5,5995986525,0
855.0,3.3,139,156,20,14,153,1.47,122,183,144.0,7.048936089935842,78.08151011745497,265.0,253.66666666666663,165.0,158.5,12.329672880224088,6089557779,6
743.0,3.02,142,151,25,34,158,1.54,130,169,146.0,5.11737237261468,15.3260852434302,243.0,246.66666666666663,230.0,158.0,1.299038105676658,5712875361,0
2566.0,9.96,140,161,50.0,50.0,164,1.42,479.0,172,143.0,7.670723564306043,8.764131445842194,255.5,257.7,242.0,164.0,1.095445115010332,4320254471,BC 2
1637.0,6.07,146,163,33.0,33.0,157,1.42,326.0,232,149.0,7.108488745499844,12.325447929656214,270.0,269.5,254.0,157.0,0.9258200997725514,4185686346,BC 1
521.0,2.6,142,145,2.0,2.0,177,1.69,103.0,185,142.0,0.816496580927726,5.0990195135927845,198.0,200.0,195.0,179.0,2.943920288775949,4488609593,RT
3208.0,12.28,147,170,30.0,30.0,159,1.45,597.0,176,147.0,10.503873616278211,10.973136389484196,262.5,262.0833333333333,241.0,158.0,3.354763459593312,4160423620,BC 1
2526.0,9.74,157,183,103.0,103.0,166,1.39,569.0,190,158.0,7.269112738154499,25.76218158464069,258.0,258.1,207.0,166.5,3.689173349139344,4706925400,fartelek
1976.0,7.58,148,181,48.0,48.0,164,1.4,407.0,170,148.0,6.4408365139941255,9.5,260.5,260.0,245.0,164.5,1.3169567191065925,4314832870,BC 2
3810.0,14.15,140,162,26.0,26.0,162,1.34,611.0,174,144.0,8.128119495345295,21.5131663529712,268.0,276.57142857142856,253.0,161.0,1.349603116263656,4510568092,BC 2
1021.0,4.23,158,173,6.0,6.0,165,1.51,238.0,190,163.0,7.934733769950949,14.13108276106258,243.5,242.25,223.0,166.0,3.3823069050575527,5723321464,fartelek
1025.0,4.15,154,171,13.0,13.0,169,1.44,244.0,198,156.0,5.4626001134990645,15.368392889303683,248.5,247.75,230.0,169.0,2.9257477676655586,4672871237,fartelek
1765.0,7.39,154,176,67.0,67.0,170,1.48,408.0,190,157.0,12.255100978776143,8.050858744917354,241.0,239.42857142857144,221.0,170.5,2.817356917396161,4857168630,BC 3
2284.0,10.02,165,175,72.0,72.0,169,1.55,570.0,183,167.0,7.703170968841767,10.620734437881405,227.5,228.0,208.0,169.0,3.8008263564303406,4400116766,fartelek
2580.0,12.02,160,183,109.0,109.0,174,1.61,618.0,186,168.0,15.185246655103478,3.729574000100041,215.5,214.5833333333333,208.0,175.0,3.0265100881393856,4345153364,BC 3
368.2,2.09,145,171,6.0,6.0,180,1.89,81.0,190,145.0,1.0,7.0,176.0,176.0,169.0,180.5,0.5,5014903767,RT
1650.0,5.91,152,165,3.0,3.0,158,1.36,344.0,164,152.0,6.148622248565572,8.414603707576225,280.0,278.8333333333333,262.0,158.5,1.384437310486346,4211373526,BC 2
2988.0,12.01,163,180,16.0,16.0,161,1.5,725.0,172,166.0,8.014779247772989,10.133484099755622,244.5,248.75,236.0,161.0,2.1538461538461537,5677410719,BC 2
1266.0,4.65,141,153,14.0,14.0,162,1.36,255.0,175,142.0,2.993325909419153,10.067770358922576,274.0,271.2,254.0,162.0,0.4898979485566356,4310463031,Rozgrzewka
1267.0,5.01,144,156,14.0,14.0,161,1.47,273.0,166,146.0,4.749268949591669,7.782030583337488,251.0,253.2,246.0,162.0,0.9428090415820636,6363162520,Rozgrzewka
809.0,2.77,144,161,23.0,23.0,159,1.29,176.0,166,147.0,6.018490028422596,8.178562764256865,293.0,292.3333333333333,282.0,159.0,2.0548046676563256,4908422228,Rozgrzewka
1487.0,5.02,150,165,14.0,14.0,158,1.28,326.0,165,159.0,12.05081832168348,36.16849457746341,280.0,296.2,262.0,159.0,2.362907813126304,4532822421,BC 2
3245.0,12.13,136,148,15.0,15.0,162,1.38,543.0,169,141.0,8.641444104605304,10.019425576792758,264.5,267.6666666666667,255.0,163.0,0.92946507489189,4523989366,BC 2
604.0,2.01,148,159,5.0,5.0,154,1.3,137.0,162,152.0,3.771236166328253,3.5,300.5,300.5,297.0,153.0,1.247219128924647,5555226878,Rozgrzewka
2550.0,10.88,163,190,26.0,26.0,163,1.57,635.0,189,167.0,15.090361435845823,17.013363731330305,239.0,234.0,200.0,163.0,3.0260576321987704,5677406917,BC 3
1864.0,7.96,155,173,88.0,88.0,165,1.55,447.0,175,149.5,12.5,14.0,241.0,241.0,227.0,164.0,3.0,5313814148,BC 3
1495.0,6.04,143,163,38.0,38.0,165,1.47,307.0,172,144.0,4.686062704816207,10.23067283548187,250.5,248.0,231.0,164.0,1.4568627181693672,5691404197,BC 2
1253.0,4.84,131,139,14.0,14.0,158,1.46,215.0,170,130.0,3.0066592756745814,6.48074069840786,261.0,259.0,250.0,158.0,1.019803902718557,5943089381,Rozgrzewka
1747.0,7.41,163,180,75.0,75.0,168,1.52,429.0,188,166.0,7.5096645549848,12.348456381264826,235.5,233.625,205.0,169.0,3.5276684147527875,4290321282,fartelek
2293.0,9.67,155,171,10.0,10.0,163,1.55,505.0,188,157.5,10.274239631233057,17.28612160086814,240.0,236.3,212.0,163.0,4.09878030638384,5742049006,BC 3
1411.0,4.89,140,162,35.0,35.0,157,1.32,281.0,165,139.0,2.785677655436824,9.414881836751857,292.0,288.4,270.0,157.0,1.8547236990991407,4827964875,BC 2
4103.0,15.01,156,177,147.0,147.0,160,1.37,851.0,172,157.0,5.337075510052299,8.081254028099021,272.0,273.4,261.0,160.0,2.4109126902482387,4217702526,BC 2
5106.0,20.01,162,179,106.0,106.0,163,1.45,1132.0,170,166.0,12.081544554437636,8.51821577561874,252.5,255.2,243.0,163.0,2.3560603574958057,4172569671,BC 2
1448.0,5.02,152,177,40.0,40.0,158,1.32,322.0,167,157.5,8.552127740444998,14.136477637657832,294.0,288.6,267.0,157.0,1.950783318453271,4619238583,BC 2
1578.0,5.96,150,166,43.0,43.0,160,1.42,355.0,167,149.5,7.243771270700243,5.880759588125784,263.5,264.5,258.0,159.5,1.384437310486346,6397810365,BC 2
1234.0,4.8,143,164,14.0,14.0,163,1.43,261.0,172,146.0,9.457272334029511,11.35957745693034,255.0,256.6,245.0,164.0,1.1661903789690602,4835233115,Rozgrzewka
845.0,3.0,150,170,67.0,67.0,165,1.27,184.0,197,148.0,5.68584988272544,73.30116796129373,273.5,276.7142857142857,194.0,178.0,13.14635564202744,5291856478,BC 1 + RT
3427.0,13.4,149,180,101.0,101.0,167,1.38,666.0,189,148.0,7.558273612406473,143.75267310534002,212.0,297.89473684210526,185.0,174.5,13.7,6460379689,BC 1 + RT
1389.0,5.62,148,167,50.0,50.0,166,1.46,295.0,183,154.0,8.44912747578357,6.968181653455623,248.0,247.3333333333333,238.0,166.0,7.722218143851187,4227156201,BC 2
2328.0,8.18,131,168,44.0,44.0,159,1.29,364.0,199,130.5,11.971946374754609,111.30629547668174,186.0,277.5263157894737,156.0,178.5,18.56205807554755,5034120937,BC 1 + RT
2159.0,7.87,138,146,32.0,32.0,159,1.38,421.0,214,140.5,6.936092199502541,13.232889896012887,275.0,274.125,252.0,158.5,1.3919410907075054,6383531416,BC 1
2980.0,9.4,162,188,17.0,17.0,159,1.19,661.0,165,168.0,18.182684070290613,13.64180213285982,317.0,318.1111111111111,295.0,160.0,0.8,4565237983,BC 2
1322.0,5.03,151,162,34.0,34.0,162,1.41,299.0,172,153.0,4.533823502911814,10.419213022104884,266.0,263.2,250.0,162.0,2.6246692913372702,4400115482,Rozgrzewka
3152.0,11.85,152,187,83.0,83.0,163,1.38,674.0,172,153.5,11.55752520606764,11.385907468835711,264.0,265.8333333333333,249.0,163.5,2.153807997220014,4638257769,BC 2
3092.0,12.61,160,184,151.0,151.0,169,1.45,718.0,229,160.0,7.23649527777953,37.646125554043,235.0,245.0,210.0,171.0,6.452374454003313,4297451211,fartelek
2020.0,7.9,166,187,60.0,60.0,162,1.45,484.0,172,166.5,10.5,15.578430601315397,256.5,255.75,235.0,162.0,2.368411915187052,4601145398,BC 2
1747.0,7.28,157,177,78.0,78.0,169,1.47,423.0,188,163.0,12.417225938187643,6.249897958350673,244.0,241.7142857142857,233.0,170.0,4.841229182759271,4827965509,BC 2
1534.0,6.0,150,176,13.0,13.0,164,1.43,361.0,171,150.0,9.556847457887631,10.318537794776072,254.0,255.8333333333333,243.0,164.5,0.8975274678557508,4368926643,BC 2
2144.0,7.94,138,157,61.0,61.0,159,1.4,377.0,173,138.0,3.3166247903554,8.317902379807062,270.5,269.75,257.0,158.0,1.165922381636102,5752368300,BC 2
1501.0,5.04,133,185,2.0,2.0,155,1.3,263.0,162,133.0,6.191391873668904,19.50384577461584,303.0,298.0,267.0,155.0,1.0671873729054748,5555224580,BC 2
337.6,1.43,163,174,8.0,8.0,171,1.49,83.0,190,165.5,4.5,0.0,245.0,245.0,245.0,173.0,4.0,4267288449,Rozgrzewka
1269.0,5.01,144,166,118.0,118.0,163,1.45,277.0,170,149.5,12.512216252748974,7.227724399837061,256.0,253.6,244.0,162.5,1.3437096247164249,6383527823,Rozgrzewka
1526.0,6.05,142,159,32.0,32.0,163,1.46,309.0,171,146.0,11.015758656375429,12.065791865158843,250.0,252.5,239.0,164.0,1.1605769149479943,4882404013,BC 2
2150.0,9.9,160,176,167.0,167.0,172,1.61,503.0,185,161.0,5.436502143433363,5.467073155618908,218.0,216.66666666666663,206.0,172.0,1.343709624716425,6407874559,fartelek
1306.0,4.91,140,155,36.0,36.0,163,1.39,248.0,172,141.0,3.187475490101845,4.445222154178573,269.0,265.8,259.0,163.0,2.416609194718914,4306699277,BC 2
1324.0,4.97,142,154,39.0,39.0,161,1.4,262.0,175,143.0,4.707440918375927,6.829348431585549,267.0,266.6,254.0,160.0,0.4898979485566356,4290320587,Rozgrzewka
1395.0,6.37,138,184,52.0,52.0,171,1.61,251.0,201,135.0,10.305536455355105,8.439325934114775,224.0,220.3333333333333,204.0,170.0,2.030381486221699,4258283782,BC 3
2749.0,10.74,153,185,99.0,99.0,161,1.45,649.0,182,154.0,5.821022034029863,13.293881025767934,253.0,256.0,244.0,163.0,5.465141223705141,4662746902,BC 2
1851.0,7.78,155,170,8.0,8.0,167,1.51,420.0,197,156.0,4.242640687119285,12.43734296383275,240.0,237.25,209.0,166.0,3.199120973017432,5896021643,fartelek
1544.0,7.05,158,177,23.0,23.0,171,1.61,380.0,188,163.0,10.897247358851684,2.710523708715754,220.0,219.28571428571428,213.0,171.0,1.3169567191065925,4691795920,BC 3
2742.0,11.89,157,181,22.0,22.0,168,1.55,634.0,174,160.5,8.1967981553775,4.554454473979903,232.0,230.5833333333333,224.0,168.0,0.9860132971832694,5901257588,fartelek
1734.0,8.02,135,158,22.0,22.0,171,1.63,310.0,182,136.0,4.396968652757639,5.218656436287025,215.5,216.375,208.0,170.0,2.528845928164676,5929119127,fartelek
6124.0,25.0,157,176,116.0,116.0,163,1.51,1322.0,233,159.0,7.581217057373172,4.974494949238565,245.0,244.88,235.0,163.0,1.716608738801646,5938014271,BC 2
1439.0,4.91,140,162,40.0,40.0,157,1.3,283.0,167,141.0,11.56546583584077,14.647866738880444,291.0,292.8,276.0,158.0,1.624807680927192,6407872889,BC 2
2182.0,9.86,147,167,54.0,54.0,172,1.57,463.0,207,146.5,3.0,48.12907814684701,210.0,244.1428571428572,195.0,174.0,10.511154789080027,5953641530,BC 1 + RT
688.0,3.52,146,185,6.0,6.0,180,1.71,142.0,189,146.0,6.96419413859206,6.015604707757983,196.0,196.25,188.0,180.0,1.0897247358851685,4630961311,BC 1 + RT
1776.0,8.34,155,175,1.0,1.0,166,1.7,403.0,177,157.5,13.972629494837395,3.059309562630104,214.0,212.875,206.0,166.0,0.7806247497997998,5271158150,BC 3
1316.0,4.89,141,164,36.0,36.0,161,1.38,266.0,167,145.0,6.046486583132389,9.846826900072935,268.0,269.2,254.0,160.0,1.1661903789690602,4342810306,Rozgrzewka
1434.0,4.9,137,176,140.0,140.0,153,1.33,263.0,189,137.0,5.67919960280887,72.62249554720722,273.0,286.8636363636364,200.0,156.0,9.063731501620031,5943090126,fartelek
1175.0,5.28,160,185,67.0,67.0,172,1.57,296.0,195,164.5,6.823163163486241,7.002856560004638,224.0,224.4,213.0,172.0,1.3743685418725535,4927952221,fartelek
380.0,2.09,143,153,2.0,2.0,180,1.83,82.0,186,143.5,2.5,2.0,182.0,182.0,180.0,180.5,1.5,5014903516,RT
1301.0,5.01,131,143,14.0,14.0,164,1.41,212.0,173,132.0,4.96655480858378,7.709734106958553,261.0,259.6,246.0,164.5,0.957427107756338,4507843288,Rozgrzewka
3334.0,12.88,153,170,41.0,41.0,163,1.42,709.0,174,154.0,6.715697410989892,9.318175914140271,255.0,258.6923076923077,248.0,164.0,2.0697883149344167,4263879848,BC 2
1928.0,7.25,139,179,3.0,3.0,164,1.37,354.0,178,138.0,8.0,71.0,293.0,293.0,222.0,163.0,5.0,5836073595,fartelek
1332.0,5.11,147,179,41.0,41.0,163,1.42,285.0,175,145.0,4.597704741377907,6.248199740725323,262.0,260.6,250.0,162.5,1.6749792701868151,4345152252,Rozgrzewka
738.0,2.47,148,164,56.0,56.0,160,1.22,163.0,198,149.0,10.738042445229745,116.53439175972866,193.0,289.90909090909093,175.0,177.0,17.497618885627457,5490545151,RT
2051.0,8.13,149,176,93.0,93.0,162,1.47,449.0,174,148.0,7.309726312621568,6.091746465505603,253.5,252.125,240.0,163.0,1.911627837120584,4812281572,BC 2
1379.0,6.45,151,169,10.0,10.0,172,1.64,297.0,184,158.0,7.899883750113423,3.34995854037363,215.5,214.3333333333333,209.0,171.0,3.452298849598449,4616249709,fartelek
1156.0,4.0,146,169,29.0,29.0,163,1.27,239.0,172,145.0,2.8613807855648994,6.363961030678928,287.0,289.0,283.0,163.0,1.299038105676658,4237650759,Rozgrzewka
1687.0,7.81,152,169,69.0,69.0,176,1.58,373.0,189,152.0,5.721396245672904,8.58570240075241,214.0,217.0,204.0,177.0,3.3166247903554,4435825455,fartelek
3491.0,14.11,152,178,49.0,49.0,163,1.49,806.0,182,154.0,13.853840221717906,6.343886660335577,246.0,247.57142857142856,239.0,163.0,0.8692269873603533,4397141103,BC 2
385.3,2.07,142,165,2.0,2.0,178,1.81,83.0,208,142.5,4.5,2.5,186.5,186.5,184.0,177.5,1.5,5014903263,RT
1559.0,5.96,144,164,61.0,61.0,162,1.42,318.0,174,152.0,12.902411488641269,9.5524865872714,266.5,261.5,243.0,162.0,1.21335164821342,5752369332,BC 2
1614.0,6.02,152,173,39.0,39.0,156,1.44,359.0,169,157.0,8.209004513462082,10.991158062531698,267.0,268.1666666666667,252.0,156.0,3.090472521826276,5723320679,BC 1
3065.0,12.05,142,188,149.0,149.0,170,1.37,571.0,194,141.0,7.810628474057853,163.15847357707167,256.5,350.75,200.0,175.0,13.350974522860088,6422641010,fartelek
2018.0,7.62,141,165,269.0,269.0,160,1.41,385.0,168,142.5,11.428445869845996,19.649666027696245,260.0,263.875,242.0,160.0,1.0,5737622554,BC 2
1695.0,8.27,125,134,11.0,11.0,168,1.75,245.0,173,127.0,5.209203630991574,3.391164991562634,204.5,205.0,199.0,168.0,1.763834207376394,5146765896,BC 1 + RT
1416.0,5.09,146,169,47.0,47.0,161,1.34,298.0,168,145.5,7.819136070493267,6.621178142898739,279.0,278.4,267.0,161.0,2.4094720491334933,4297450076,BC 2
1129.0,4.56,157,167,15.0,15.0,165,1.47,282.0,174,159.0,3.794733192202055,2.638181191654584,246.0,247.2,245.0,166.0,0.8,4816843989,Rozgrzewka
1213.0,3.97,136,149,34.0,34.0,163,1.2,218.0,170,138.0,5.172040216394301,9.065732182234372,302.0,305.75,298.0,164.0,1.299038105676658,4246958848,Rozgrzewka
1310.0,5.58,166,185,114.0,114.0,171,1.48,325.0,220,166.0,7.9933305532383265,75.33920124183314,225.0,255.06896551724137,175.0,175.0,10.770123284139116,6447597548,BC 1 + RT
1434.0,5.98,143,166,11.0,11.0,165,1.5,279.0,186,147.5,14.082337242880609,66.32629320288954,192.0,238.17241379310343,170.0,169.0,10.859967260028409,5146766866,BC 1 + RT
922.0,3.46,129,154,2.0,2.0,164,1.37,162.0,170,131.0,9.836157786453,6.847546194724712,271.0,266.6666666666667,257.0,165.0,1.6583123951777,4397139737,Rozgrzewka
6066.0,24.29,152,171,85.0,85.0,164,1.47,1256.0,174,160.0,14.879569886256794,9.09813396618596,248.5,249.875,237.0,164.0,1.5564061166674976,4874588647,BC 2
1143.0,4.66,142,150,11.0,11.0,167,1.47,237.0,174,145.0,4.791659420284375,4.774934554525329,245.0,245.0,238.0,167.0,1.4142135623730951,4719952028,Rozgrzewka
1288.0,5.01,157,174,37.0,37.0,161,1.45,319.0,169,162.5,11.269427669584644,13.70255450636851,252.0,256.8,242.0,160.5,1.699673171197595,4927951694,Rozgrzewka
1659.0,5.98,137,165,46.0,46.0,160,1.35,302.0,167,138.0,2.114762923408253,5.343739847293799,279.0,277.3333333333333,269.0,161.0,1.950783318453271,6482195741,BC 2
1201.0,4.68,136,156,17.0,17.0,164,1.43,237.0,171,136.0,9.173875952943773,9.939818911831342,256.0,256.0,244.0,163.0,0.8,4368927605,Rozgrzewka
4824.0,20.0,159,180,79.0,79.0,166,1.5,1161.0,175,164.0,9.71731978762021,5.192301994298868,240.0,241.2,228.0,166.0,1.3669238185149832,4801197817,BC 3
1224.0,4.8,148,166,10.0,10.0,162,1.45,275.0,168,157.0,15.548633380461448,10.342146779078318,250.0,254.8,246.0,163.0,1.1661903789690602,5490546763,Rozgrzewka
3065.0,13.12,149,172,18.0,18.0,170,1.49,623.0,194,148.5,4.65772953749404,49.47502952715443,206.0,243.4705882352941,184.0,175.5,11.538582620447318,4425217887,BC 1 + RT
1130.0,3.5,138,155,96.0,96.0,157,1.19,220.0,194,139.0,4.026164427839479,12.600215557630966,321.0,324.1111111111111,309.0,157.0,2.8653097563788803,5336291136,Rozgrzewka
739.0,2.62,144,153,6.0,6.0,160,1.33,143.0,170,145.0,2.6246692913372702,3.559026084010437,283.0,281.0,276.0,161.0,1.699673171197595,4587522914,Rozgrzewka
1432.0,5.12,145,162,43.0,43.0,162,1.32,296.0,170,147.5,4.988876515698588,6.046486583132389,280.0,279.8,269.0,162.5,2.140872096444188,4277219585,BC 2
1899.0,6.43,128,176,128.0,128.0,169,1.17,301.0,193,128.0,12.256517540566824,802.6632914086703,176.5,634.875,157.0,177.0,26.89531603627959,5336289241,BC 1 + RT
2120.0,7.99,151,176,42.0,42.0,162,1.4,474.0,174,151.5,5.448623679425842,12.267844146385295,267.0,265.5,237.0,162.5,1.899835519196333,4650313659,BC 2
1274.0,4.03,141,181,96.0,96.0,162,1.16,245.0,197,136.0,12.904553459922589,66.18223812065652,243.0,296.2631578947368,227.0,164.5,16.237225748261306,5130329425,BC 3
847.0,4.15,139,169,6.0,6.0,169,1.75,171.0,174,138.0,1.939071942966532,2.345207879911715,205.0,204.0,200.0,169.0,1.469693845669907,4941361296,fartelek
2637.0,10.66,146,169,22.0,22.0,165,1.47,569.0,182,152.0,11.629259194870825,5.188990251938304,248.0,247.27272727272728,236.0,165.0,1.0756508696544755,4699973410,BC 2
1743.0,8.41,153,176,174.0,174.0,168,1.72,407.0,178,164.0,13.817148050408722,1.4142135623730951,208.0,207.5,205.0,168.0,0.9428090415820634,5336292591,BC 3
1056.0,3.8,143,161,33.0,33.0,162,1.34,214.0,168,146.0,4.019950248448356,4.301162633521313,279.0,279.0,273.0,162.0,1.939071942966532,4286888333,Rozgrzewka
1764.0,6.05,132,154,29.0,29.0,157,1.31,290.0,166,131.0,3.562846832382836,8.241156876717412,287.0,291.5,284.0,157.0,0.880630571852711,4295882699,BC 2
1101.0,4.01,150,167,29.0,29.0,160,1.37,251.0,166,156.0,10.55651457631732,7.713624310270756,273.0,274.0,266.0,160.0,0.9797958971132712,5904658189,Rozgrzewka
2112.0,10.02,166,181,88.0,88.0,175,1.63,516.0,184,170.0,10.54858887589839,5.933801479658719,211.0,210.7,199.0,174.0,3.772453440226624,4641260522,BC 1 + RT
845.0,3.41,151,166,6.0,6.0,162,1.49,198.0,169,150.5,5.539629951540085,1.699673171197595,249.0,249.66666666666663,248.0,162.5,0.5,5490545848,Rozgrzewka
1000.0,3.94,159,172,16.0,16.0,163,1.45,247.0,173,158.0,4.866980583482946,9.832980219648569,256.0,253.75,238.0,163.0,1.0897247358851685,4847744886,Rozgrzewka
1003.0,3.61,163,178,2.0,2.0,164,1.31,247.0,193,164.0,6.422616289332565,14.956186011146023,286.0,278.75,253.0,162.5,4.183300132670378,4284764042,Rozgrzewka
1357.0,5.02,148,161,43.0,43.0,164,1.36,290.0,174,147.5,3.2360813064912666,5.268775948927796,273.0,270.8,261.0,163.0,3.0368111930480994,4267287738,BC 2
1458.0,4.93,142,162,52.0,52.0,161,1.26,273.0,168,140.0,5.499090833947008,12.884098726725126,296.0,296.0,280.0,160.0,1.939071942966532,4245351813,BC 2
1523.0,5.68,145,170,69.0,69.0,162,1.38,318.0,168,145.0,3.484090826727812,12.579745625409124,264.5,267.5,255.0,163.0,2.70801280154532,6488886949,BC 2
834.0,3.38,157,169,4.0,4.0,161,1.51,203.0,165,163.5,10.034316120194738,6.944222218666553,245.0,248.3333333333333,242.0,161.5,1.6393596310755,5490544454,Rozgrzewka
3602.0,13.91,141,172,27.0,27.0,164,1.41,659.0,172,141.0,10.1390838051652,6.829184072935859,258.5,259.07142857142856,248.0,163.5,2.0063674150268773,4368929440,BC 2
1580.0,6.03,139,154,42.0,42.0,165,1.39,287.0,172,142.0,7.596991885890475,5.367080729368206,263.0,262.1666666666667,251.0,165.0,1.6903085094570331,4242288915,BC 2
1010.0,3.47,144,166,69.0,69.0,157,1.32,216.0,162,146.0,7.39509972887452,10.624918300339484,294.0,294.6666666666667,282.0,157.0,1.5811388300841898,4961638074,Rozgrzewka
3429.0,13.65,149,188,107.0,107.0,162,1.44,752.0,190,154.0,5.507391482975,39.56808228982894,250.0,245.46153846153845,185.0,158.0,43.1689950100476,6419388839,BC 1 + RT
2168.0,9.86,160,179,41.0,41.0,170,1.6,529.0,178,166.0,10.49809506529637,7.119691004531025,221.5,219.9,209.0,170.0,2.0223748416156684,4884834928,BC 3
2233.0,10.0,161,175,85.0,85.0,169,1.59,533.0,177,165.0,7.483314773547883,5.0990195135927845,224.0,222.0,215.0,169.0,1.247219128924647,5771397874,fartelek
2151.0,9.7,169,179,72.0,72.0,170,1.59,533.0,178,172.5,6.896053621859068,8.97063109386526,220.0,223.16666666666663,215.0,170.0,0.8975274678557508,5200458654,fartelek
2145.0,10.01,155,177,37.0,37.0,173,1.62,503.0,180,169.0,14.901882958286826,4.473253849269008,213.0,214.3,210.0,173.0,2.1358800226310417,4816842980,BC 3
316.4,1.57,152,177,6.0,6.0,179,1.64,70.0,207,156.0,14.600941750448838,107.7673677675926,239.0,256.1666666666667,151.0,172.5,59.60272120465642,4450462240,RT
2154.0,7.12,141,178,93.0,93.0,164,1.21,401.0,197,143.0,5.584576975922169,13.955285736952863,307.0,302.5,280.0,162.5,3.766629793329841,5855192851,BC 2
1793.0,7.81,171,183,66.0,66.0,167,1.57,446.0,174,171.5,3.6996621467371855,7.275816105427624,232.5,229.25,214.0,166.5,1.3635890143294642,4223936605,fartelek
2235.0,9.82,141,166,186.0,186.0,169,1.52,398.0,224,135.5,8.394773506308685,502.3414774831957,188.0,582.8,174.0,176.5,31.564748269760265,5220176744,BC 1 + RT
510.4,2.0,150,164,37.0,37.0,166,1.4,102.0,202,150.0,8.7434261019351,86.10085563291588,202.0,247.1052631578948,143.0,166.5,11.04083330188442,5191156201,RT
2356.0,10.49,154,172,36.0,36.0,172,1.55,535.0,180,156.5,9.16022500936643,10.058506535217257,225.0,224.0909090909091,213.0,172.0,4.231987975198208,6482197714,BC 3
664.0,2.02,147,182,26.0,26.0,158,1.15,144.0,163,143.0,6.548960901462833,21.0,329.0,329.0,308.0,158.0,0.816496580927726,4857168972,Rozgrzewka
875.0,3.02,147,169,12.0,12.0,162,1.28,191.0,199,149.5,4.636809247747852,15.748015748023622,282.0,290.0,276.0,163.5,2.48746859276655,6397810824,Rozgrzewka
730.0,2.98,150,167,8.0,8.0,164,1.49,167.0,172,152.0,3.858612300930076,6.944222218666553,242.0,245.3333333333333,239.0,164.0,0.9428090415820634,5929119748,Rozgrzewka
2501.0,10.47,157,181,24.0,24.0,164,1.58,608.0,178,164.0,13.275840232704576,11.655470818461174,238.5,239.5,217.0,166.0,14.736809482347535,4936167962,BC 3
1000.0,3.8,148,170,13.0,13.0,165,1.38,213.0,196,147.0,7.713624310270756,17.25362280797862,270.5,263.75,235.0,164.5,2.7386127875258306,4306700515,Rozgrzewka
1383.0,4.84,142,161,36.0,36.0,158,1.33,284.0,164,143.0,2.227105745132009,8.546344247688598,287.0,285.6,273.0,158.0,1.019803902718557,4908421076,BC 2
1404.0,5.85,153,177,59.0,59.0,164,1.53,298.0,176,155.0,13.04622863637814,8.383657572069263,239.0,240.0,224.0,164.0,1.8070158058105024,4182116921,BC 3
1089.0,3.98,150,167,36.0,36.0,160,1.37,233.0,196,151.0,6.726812023536855,7.119515432949071,273.5,273.75,265.0,160.5,1.479019945774904,4207382996,Rozgrzewka
1163.0,4.57,157,168,13.0,13.0,166,1.42,288.0,172,160.0,5.692099788303083,6.794115100585211,251.0,253.8,248.0,167.0,1.9595917942265424,4665674847,Rozgrzewka
1547.0,6.04,153,173,36.0,36.0,161,1.45,335.0,171,159.0,8.907689867497083,11.64283279771532,255.0,256.3333333333333,243.0,161.0,1.1605769149479943,4201554141,BC 2
2130.0,8.42,164,184,88.0,88.0,166,1.43,483.0,189,166.0,7.955121030963888,25.93230369635525,240.0,242.375,213.0,168.0,8.919392106839767,4587521952,fartelek
2105.0,10.02,157,181,37.0,37.0,173,1.65,494.0,184,154.0,11.397404373201866,8.178630692236935,210.0,210.1,199.0,173.0,4.207431441965867,4920295820,BC 1 + RT
2625.0,8.34,141,193,36.0,36.0,164,1.11,486.0,200,147.0,13.733968184256428,349.85114602499164,244.5,386.225,151.0,170.5,24.895484477958853,6488890502,BC 1 + RT
1034.0,3.72,147,169,45.0,45.0,164,1.32,224.0,174,147.0,2.23606797749979,15.368392889303683,277.5,276.75,259.0,164.0,1.299038105676658,4706926054,Rozgrzewka
1295.0,5.06,140,157,14.0,14.0,163,1.44,252.0,171,140.5,5.467073155618908,6.356099432828281,254.0,256.0,249.0,163.0,1.950783318453271,4716329132,Rozgrzewka
667.0,2.21,164,182,17.0,17.0,161,1.23,169.0,169,165.0,1.4142135623730951,18.0,307.0,307.0,289.0,163.0,2.494438257849294,6460374927,Rozgrzewka
3767.0,15.3,161,179,49.0,49.0,165,1.47,924.0,172,164.0,6.34428877022476,5.942689252817747,247.0,246.53333333333333,235.0,166.0,1.3678792892649556,4835234755,BC 2
1387.0,4.89,154,174,47.0,47.0,161,1.32,317.0,170,157.0,7.138627319029898,10.8,281.0,283.6,269.0,162.0,3.0724582991474434,4235785231,BC 2
1354.0,5.02,146,170,45.0,45.0,165,1.35,288.0,171,154.5,10.510576683618376,3.487119154832538,268.0,269.8,266.0,165.5,2.266911751455907,4317623410,BC 2
871.0,3.52,136,155,66.0,66.0,169,1.43,160.0,247,136.0,3.0083217912982647,58.50991368990387,218.5,257.3,203.0,172.5,11.569356075426152,4323904112,fartelek
1180.0,4.35,145,165,38.0,38.0,164,1.34,259.0,170,150.0,8.67179335547152,8.842369591913696,273.5,273.75,264.0,165.0,2.097617696340304,4339619050,Rozgrzewka
1691.0,7.57,159,173,118.0,118.0,170,1.56,388.0,199,164.0,12.092670796007363,59.74359628694357,170.0,223.0,157.0,180.5,10.57924194405267,5207201616,BC 1 + RT
938.0,3.38,144,156,7.0,7.0,165,1.31,196.0,193,144.5,1.5,14.83988619303471,283.0,277.3333333333333,257.0,164.5,2.549509756796392,4304404285,Rozgrzewka
1069.0,3.82,144,162,5.0,5.0,158,1.36,233.0,165,147.0,6.819090848492928,19.461500456028563,279.0,278.5,252.0,157.0,3.0,4941359731,Rozgrzewka
1239.0,4.8,149,174,1.0,1.0,161,1.44,276.0,168,150.0,6.841052550594828,5.276362383309167,256.0,258.6,252.0,161.0,1.1661903789690602,5929117684,Rozgrzewka
1006.0,3.56,133,148,5.0,5.0,158,1.35,182.0,167,133.5,3.6996621467371855,11.324751652906125,281.0,284.5,274.0,157.5,1.224744871391589,5896022261,Rozgrzewka
1587.0,5.95,145,166,41.0,41.0,162,1.38,318.0,224,146.0,5.367080729368206,3.144660377352201,267.0,266.6666666666667,261.0,162.5,1.1055415967851334,4225733732,BC 2
1311.0,5.02,135,151,19.0,19.0,163,1.41,236.0,175,138.0,6.182412330330469,2.993325909419153,262.0,261.2,258.0,162.5,1.2472191289246473,4323903499,BC 2
1845.0,7.62,156,176,68.0,68.0,165,1.5,424.0,178,156.0,9.519311106935064,11.075498483890769,246.0,243.66666666666663,225.0,165.0,1.247219128924647,5737623678,BC 3
482.8,1.5,138,149,3.0,3.0,165,1.06,92.0,201,140.0,9.196542224602076,397.5162141295217,160.0,516.3636363636364,152.0,183.0,25.76644566528768,5146766236,RT
1104.0,3.84,146,166,34.0,34.0,157,1.33,221.0,164,143.5,4.636809247747852,13.935117509371782,289.0,286.75,266.0,157.0,0.7071067811865476,4182116405,Rozgrzewka
1297.0,4.87,142,151,11.0,11.0,165,1.36,270.0,172,143.0,3.4292856398964493,8.546344247688598,263.0,266.4,256.0,165.0,2.039607805437114,4691796843,BC 2
2071.0,10.44,166,179,1.0,1.0,172,1.76,529.0,186,167.5,6.827151675479314,8.321057625085889,200.0,198.4,178.0,170.5,2.90516780926679,4994332703,BC 1 + RT
896.0,5.18,144,156,6.0,6.0,178,1.94,198.0,208,146.5,6.465721580423607,5.418486873657626,173.0,173.8,165.0,178.0,3.858612300930075,5471013473,BC 1 + RT
389.2,2.08,139,152,2.0,2.0,176,1.82,80.0,188,138.5,3.5,5.0,186.0,186.0,181.0,176.5,0.5,5014903031,RT
1541.0,5.89,142,172,63.0,63.0,163,1.4,307.0,168,142.5,2.1343747458109497,9.498537899183338,258.5,261.3333333333333,249.0,163.5,1.5723301886761007,6460376243,BC 2
1329.0,4.96,148,168,47.0,47.0,162,1.38,301.0,168,150.0,7.440430095095309,6.151422599691879,266.0,267.6,259.0,162.0,1.4142135623730951,6447596887,BC 2
1149.0,4.4,133,149,17.0,17.0,161,1.43,188.0,167,134.0,5.425863986500215,8.870597499605086,262.5,263.25,252.0,161.0,1.4142135623730951,4587522222,Rozgrzewka
1530.0,5.82,147,171,41.0,41.0,160,1.42,312.0,167,147.0,9.073771725877464,11.05667219374799,260.5,262.5,248.0,160.5,1.2472191289246473,4612441391,BC 2
597.4,3.1,155,166,6.0,6.0,175,1.78,142.0,194,154.0,2.160246899469287,1.247219128924647,193.0,192.66666666666663,191.0,175.0,2.449489742783178,4994330520,BC 1 + RT
5081.0,20.02,149,170,49.0,49.0,163,1.45,1033.0,170,151.5,6.963476143421474,5.769532043415653,253.5,253.75,242.0,163.0,1.0535653752852738,6428113633,BC 2
1410.0,5.15,136,165,37.0,37.0,161,1.36,260.0,168,135.0,5.112620550059322,3.4641016151377544,273.0,274.0,270.0,161.0,3.0368111930480994,4326343302,BC 2
594.6,3.02,171,186,28.0,28.0,181,1.68,163.0,190,172.0,2.29128784747792,4.642796092394706,195.0,196.66666666666663,192.0,181.5,1.479019945774904,4355441493,BC 1 + RT
2776.0,10.67,148,171,123.0,123.0,163,1.41,585.0,187,151.0,7.3743218561010915,50.99928759933945,258.0,260.88235294117646,203.0,162.0,10.328513963394808,6054194100,fartelek
1047.0,3.47,123,132,24.0,24.0,155,1.28,154.0,162,124.0,1.920286436967152,10.07747763855398,298.0,301.3333333333333,291.0,155.0,0.4330127018922193,4994328707,Rozgrzewka
1127.0,4.24,144,170,36.0,36.0,161,1.4,221.0,169,152.0,12.639620247459968,8.699856320652657,266.0,268.75,260.0,162.0,1.9595917942265424,4520831353,Rozgrzewka
725.0,2.29,141,151,47.0,47.0,156,1.17,134.0,201,142.5,7.128113354878695,215.57645946750125,310.0,338.1111111111111,175.0,154.0,27.662429394397016,4587522654,RT
1109.0,4.03,140,167,33.0,33.0,163,1.34,218.0,170,141.0,4.261455150532503,6.519202405202649,272.5,275.0,269.0,163.0,1.3564659966250536,6482196750,Rozgrzewka
1110.0,4.03,140,149,2.0,2.0,159,1.37,208.0,168,142.0,2.85657137141714,5.5901699437494745,273.0,275.5,271.0,159.0,0.7483314773547883,4616249257,Rozgrzewka
3049.0,12.45,156,177,54.0,54.0,163,1.5,735.0,171,160.0,8.749640736496069,9.16515138991168,243.0,245.0,233.0,164.0,1.8873606379054304,4793108679,BC 2
650.0,1.99,137,161,15.0,15.0,161,1.14,122.0,172,137.0,4.0,22.0,326.0,326.0,304.0,162.0,2.0,4227156493,Rozgrzewka
4015.0,16.48,145,182,71.0,71.0,167,1.47,788.0,190,146.0,5.563101372958537,15.085174841545587,247.0,243.25,219.0,167.0,3.30879084951182,4695762064,fartelek
1750.0,7.82,148,182,67.0,67.0,171,1.57,358.0,185,137.0,20.982135258357285,4.968651728587948,223.5,223.75,217.0,171.5,1.5612494995995996,4267288217,BC 3
823.0,4.14,168,185,9.0,9.0,170,1.77,214.0,174,172.0,7.337574531137657,4.548351349665063,198.5,199.75,195.0,171.0,1.469693845669907,4941362803,BC 1 + RT
826.0,2.73,133,146,24.0,24.0,159,1.25,153.0,167,135.0,3.858612300930075,20.848661028149188,294.0,300.0,278.0,158.0,1.247219128924647,4892929378,Rozgrzewka
4027.0,16.61,155,182,193.0,193.0,170,1.45,816.0,195,154.0,11.651217320602305,26.67567610205466,242.0,241.76470588235293,203.0,171.0,4.933467375591001,4317626205,BC 3
1622.0,5.73,148,200,241.0,241.0,161,1.31,321.0,169,149.5,14.174507634012077,32.61901286060018,268.0,282.0,251.0,161.5,1.384437310486346,4587520968,BC 2
2569.0,9.53,144,165,49.0,49.0,163,1.37,503.0,171,143.5,6.343500610861483,13.94596715900335,269.5,269.1,252.0,163.0,1.7349351572897471,4304402228,BC 2
2073.0,8.06,147,173,61.0,61.0,164,1.43,451.0,170,152.0,9.809292646374775,14.234091997735575,258.5,257.125,235.0,163.0,1.49071198499986,4397142398,BC 2
1324.0,4.98,143,160,44.0,44.0,160,1.41,264.0,167,146.0,5.621387729022079,7.797435475847171,264.0,266.0,258.0,160.0,1.16619037896906,5737623037,BC 2
1081.0,4.02,150,178,4.0,4.0,162,1.38,247.0,167,154.0,5.0039984012787215,7.483314773547883,267.0,269.0,261.0,162.0,0.9797958971132712,4645850349,Rozgrzewka
1068.0,4.38,148,162,2.0,2.0,160,1.54,236.0,173,149.0,3.666060555964672,7.158910531638177,244.0,246.5,240.0,160.0,0.9797958971132712,5555226430,Rozgrzewka
2580.0,9.73,117,146,34.0,34.0,166,1.35,324.0,208,119.5,10.111874208078342,61.6075482388319,235.5,265.1,223.0,170.0,6.5,4348841614,fartelek
700.0,2.68,141,164,2.0,2.0,165,1.39,136.0,170,143.0,3.559026084010437,4.109609335312651,261.0,260.3333333333333,255.0,165.0,0.4714045207910317,4489170716,Rozgrzewka
1939.0,7.88,158,176,6.0,6.0,165,1.45,458.0,197,158.0,5.126538190617071,85.9349267431411,238.0,244.6315789473684,150.0,178.0,12.822153741141644,4961639453,BC 1 + RT
1054.0,4.07,150,162,9.0,9.0,164,1.41,246.0,229,152.0,4.079215610874227,7.084313657652377,258.0,259.25,252.0,165.0,1.019803902718557,4884835482,Rozgrzewka
605.0,3.13,151,161,8.0,8.0,174,1.79,138.0,178,153.0,3.491060010942235,2.8284271247461903,192.0,194.0,192.0,174.5,1.8708286933869709,4994330086,BC 1 + RT
1368.0,4.97,143,160,59.0,59.0,159,1.37,268.0,165,145.0,5.912698199637792,9.011104260855047,271.0,275.0,264.0,160.0,1.469693845669907,4223935802,BC 2
1348.0,4.83,132,159,32.0,32.0,159,1.36,238.0,167,132.0,4.963869458396343,8.997777503361595,278.0,278.2,262.0,159.0,2.449489742783178,4892928423,BC 2
1208.0,6.02,147,166,7.0,7.0,170,1.76,273.0,176,148.0,2.249716535431946,4.374801582802229,202.0,200.8333333333333,192.0,171.0,2.1852940772540506,5440228775,BC 1 + RT
5698.0,21.81,156,179,258.0,258.0,166,1.38,1111.0,178,158.0,11.487326829421646,10.786910494508096,261.0,261.22727272727275,240.0,166.0,2.6316572411145684,4239059061,BC 2
4315.0,17.74,154,175,75.0,75.0,166,1.49,976.0,174,155.5,9.334821309960295,10.074567662200048,242.0,243.0555555555556,231.0,166.0,2.414590423566748,4728936401,BC 2
3329.0,13.26,146,159,27.0,27.0,163,1.47,714.0,169,149.5,8.609439527611064,6.355354635610722,250.0,251.3846153846154,242.0,163.5,1.8461211404742977,4945687178,BC 2
1068.0,3.84,140,163,30.0,30.0,162,1.33,215.0,168,141.0,8.613216588476108,11.97914855071094,275.5,278.0,264.0,163.0,1.0897247358851685,6460377101,Rozgrzewka
5413.0,20.47,158,174,173.0,173.0,159,1.42,1132.0,172,159.0,4.958329760474332,9.632756614801393,262.0,265.1,252.0,160.0,2.319199173692556,4192913982,BC 2
781.0,4.16,173,187,2.0,2.0,177,1.8,213.0,190,175.0,4.841487374764082,2.947456530637899,189.5,188.75,184.0,179.0,4.09878030638384,4941364139,BC 1 + RT
1616.0,5.92,146,167,38.0,38.0,161,1.36,342.0,168,150.5,11.04033010778613,12.720281268728124,274.5,272.8333333333333,248.0,160.5,1.1547005383792517,4284763140,BC 2
1028.0,4.1,144,163,22.0,22.0,164,1.46,219.0,168,148.0,5.192301994298868,11.776565713313875,251.0,251.25,239.0,165.0,1.7204650534085253,4920294427,Rozgrzewka
1096.0,4.53,159,175,7.0,7.0,167,1.49,279.0,172,161.0,5.535341001239218,1.2,241.0,241.6,240.0,167.0,0.4,4736450099,Rozgrzewka
1431.0,6.56,160,181,26.0,26.0,170,1.62,339.0,174,164.0,15.76096961691463,5.0990195135927845,217.0,219.0,213.0,170.0,1.6781914463529617,4850247335,BC 3
3648.0,14.39,148,173,108.0,108.0,166,1.43,731.0,186,150.0,11.98420184033964,20.44330914722196,245.0,251.7333333333333,221.0,166.0,3.944438331372415,4270443641,BC 3
858.0,3.08,162,169,13.0,13.0,159,1.36,206.0,170,162.0,2.29128784747792,12.027745701779144,270.0,278.0,269.0,160.0,2.8722813232690143,4223936873,Rozgrzewka
2612.0,12.03,147,179,103.0,103.0,172,1.6,522.0,181,146.0,14.14422750091475,3.191786333700926,217.0,217.25,212.0,172.0,2.4543163282375104,4326344120,BC 3
630.0,2.29,155,166,12.0,12.0,160,1.37,151.0,167,158.0,3.559026084010437,19.0,278.0,278.0,259.0,162.0,2.6246692913372702,5918013029,Rozgrzewka
1612.0,5.01,128,151,55.0,55.0,159,1.17,244.0,169,128.0,8.578072821638514,13.093509842666329,322.0,321.6,308.0,159.5,2.0816659994661326,4248080187,BC 2
1342.0,5.46,149,163,16.0,16.0,167,1.46,298.0,189,151.0,3.590109871423002,18.148278155241066,253.0,244.8,214.0,167.0,1.9720265943665387,4716330302,fartelek
2054.0,10.45,136,163,1.0,1.0,172,1.77,343.0,184,135.5,5.436910887627274,6.48459713474939,197.5,196.5,182.0,171.0,3.645545226711637,5030858742,BC 1 + RT
1510.0,5.03,131,164,3.0,3.0,159,1.26,244.0,171,133.5,8.261355820929152,32.82316255329459,293.0,300.2,261.0,159.5,1.707825127659933,4488609114,BC 2
1175.0,5.06,167,180,58.0,58.0,170,1.52,285.0,194,169.0,4.740487551109297,4.317406628984581,235.0,232.6,226.0,170.0,4.068851871911234,4619239318,fartelek
2554.0,10.02,156,172,13.0,13.0,164,1.44,595.0,168,159.0,7.100226978096959,6.797058187186572,254.5,255.0,241.0,164.0,1.4142135623730951,4652442416,BC 2
1420.0,4.96,148,166,59.0,59.0,160,1.31,299.0,168,152.0,5.885575587824865,14.45544879967412,278.0,286.2,273.0,159.0,2.3151673805580453,4227155739,BC 2
1879.0,7.37,146,165,51.0,51.0,165,1.43,405.0,171,147.0,5.882973312875047,13.122655281331332,251.0,255.28571428571428,242.0,164.5,1.3919410907075054,4355439768,BC 2
1377.0,4.98,155,174,19.0,19.0,160,1.36,312.0,167,161.0,11.14629983447422,12.90891165048394,272.0,276.6,264.0,160.0,1.1661903789690602,4492781295,BC 2
834.0,2.81,153,172,16.0,16.0,159,1.28,203.0,165,155.0,6.97614984548545,9.41629792788369,292.0,296.0,287.0,159.0,0.4714045207910317,4397141346,Rozgrzewka
3176.0,12.03,153,171,160.0,160.0,167,1.35,645.0,232,156.0,10.343794412121534,52.77224386192255,236.0,258.4166666666667,206.0,167.0,20.11064071138673,4603086582,BC 3
1534.0,6.02,154,169,17.0,17.0,163,1.45,362.0,212,159.0,6.502746672423452,2.793842435706701,253.5,254.8333333333333,252.0,163.0,0.832993127835043,4847744205,BC 2
2034.0,7.92,143,163,64.0,64.0,161,1.46,423.0,167,144.0,4.031128874149275,7.053367989832942,255.0,256.5,247.0,160.5,1.118033988749895,4961637458,BC 2
598.5,3.12,159,173,5.0,5.0,177,1.77,148.0,184,158.0,3.741657386773941,2.0548046676563256,192.0,191.66666666666663,189.0,177.0,1.247219128924647,4994330888,BC 1 + RT
1117.0,5.22,162,176,45.0,45.0,172,1.64,267.0,182,170.0,12.754084313139328,1.247219128924647,214.0,213.66666666666663,212.0,172.0,0.4714045207910317,5234731121,BC 3
1335.0,4.84,149,163,21.0,21.0,160,1.36,305.0,166,150.0,5.035871324805668,10.89219904335208,270.0,275.6,263.0,160.0,2.280350850198276,4706924134,BC 2
1042.0,4.06,144,153,7.0,7.0,164,1.42,228.0,212,146.0,2.8705400188814645,4.493050188902857,255.0,257.25,254.0,165.0,1.8547236990991405,4920296594,Rozgrzewka
1458.0,4.97,136,148,44.0,44.0,162,1.26,248.0,170,136.0,3.919183588453084,4.261455150532503,294.0,293.2,286.0,162.0,0.7483314773547883,4244002410,BC 2
1995.0,8.05,152,176,89.0,89.0,166,1.45,449.0,197,152.0,8.933735744302629,49.2152302533361,246.5,241.16666666666663,174.0,165.0,12.954212996127186,4830271553,BC 1 + RT
1241.0,4.77,152,185,14.0,14.0,162,1.42,292.0,168,160.0,14.615060725156088,7.771743691090179,256.0,260.0,254.0,163.0,1.3564659966250534,4665673473,Rozgrzewka
1985.0,8.83,156,168,78.0,78.0,172,1.54,463.0,191,157.0,3.252136050181309,47.60599309448755,198.0,234.1818181818182,178.0,178.0,10.757426375403284,4450461689,BC 1 + RT
2121.0,9.72,164,180,335.0,335.0,168,1.64,525.0,174,166.0,9.0,2.0,218.0,218.0,216.0,168.5,0.5,5291874992,BC 3
1010.0,3.78,154,185,34.0,34.0,160,1.4,247.0,168,154.5,4.609772228646444,4.968651728587948,267.5,267.25,260.0,159.0,2.29128784747792,5490542745,Rozgrzewka
290.9,1.16,153,165,11.0,11.0,170,1.41,64.0,191,155.5,2.5,0.0,254.0,254.0,254.0,167.0,4.0,4612442048,Rozgrzewka
1050.0,4.13,143,161,4.0,4.0,158,1.49,230.0,192,146.0,9.558242516278815,13.75454470347892,260.0,255.75,234.0,158.0,1.8547236990991407,5471012614,Rozgrzewka
1231.0,4.78,120,169,15.0,15.0,163,1.43,168.0,172,115.0,9.826494797230598,5.748043145279966,258.0,257.4,251.0,163.0,1.7204650534085253,4850246092,Rozgrzewka
1200.0,4.63,150,182,17.0,17.0,164,1.41,281.0,215,150.0,6.228964600958975,10.49571341072154,257.0,258.2,247.0,165.0,1.2649110640673518,4691794935,Rozgrzewka
3117.0,12.79,151,184,146.0,146.0,169,1.45,649.0,189,150.0,8.58304369400823,36.70754400640621,233.0,243.69230769230768,208.0,170.0,4.347344969521474,4277220600,fartelek
3088.0,11.88,155,169,133.0,133.0,164,1.41,688.0,190,154.0,5.79271573232759,7.04548712928275,258.5,260.1666666666667,252.0,164.5,3.058458217250428,4232954867,BC 2
2307.0,9.72,159,183,20.0,20.0,167,1.5,517.0,186,157.0,9.301650931913732,214.4742926838138,258.0,301.6666666666667,189.0,166.0,7.367769246429956,4532823592,BC 1 + RT
2071.0,10.01,164,180,8.0,8.0,174,1.66,520.0,186,169.0,10.66701101372555,3.5,205.5,206.5,202.0,173.0,9.018804963807934,5964248697,BC 3
1702.0,6.08,136,148,37.0,37.0,158,1.36,290.0,171,137.0,3.870347766898304,13.466006584482772,275.5,280.0,267.0,159.0,1.124858267715973,4207384579,BC 2
1686.0,6.0,148,175,4.0,4.0,156,1.37,343.0,163,150.5,7.776388764858803,10.44695596280988,282.5,280.8333333333333,267.0,156.0,0.8975274678557507,4170801258,BC 2
1623.0,7.16,163,183,36.0,36.0,168,1.58,399.0,179,167.0,7.448783457719791,19.107643518140232,225.0,227.42857142857144,201.0,168.0,3.774917217635375,5490547911,fartelek
2570.0,10.02,154,169,25.0,25.0,163,1.44,562.0,168,158.0,6.733412431687711,10.37496987947435,254.5,256.6,241.0,163.0,1.1354541815269814,4623078765,BC 2
1258.0,4.51,134,154,29.0,29.0,160,1.34,226.0,168,136.0,5.192301994298868,9.971960689854328,277.0,277.4,265.0,160.0,0.4898979485566356,6482198263,Rozgrzewka
2040.0,7.83,137,165,74.0,74.0,161,1.43,365.0,172,137.5,10.615436872781071,16.792855623746664,259.5,260.0,237.0,161.5,1.118033988749895,5752366128,BC 2
1407.0,4.95,136,148,44.0,44.0,162,1.3,255.0,217,137.0,5.706137047074842,9.10823802938856,280.0,284.2,273.0,163.0,1.7888543819998317,4228057842,BC 2
873.0,3.08,140,165,7.0,7.0,159,1.33,166.0,169,141.0,2.29128784747792,9.843215373488931,285.0,283.6666666666667,271.0,158.5,0.82915619758885,5737624061,Rozgrzewka
1207.0,4.1,140,166,103.0,103.0,166,1.21,231.0,201,142.0,8.178073515602119,75.15927532026015,261.5,290.1666666666667,207.0,181.0,15.092879574501865,4994329318,fartelek
609.0,2.94,157,172,36.0,36.0,177,1.63,152.0,190,160.0,4.496912521077347,5.792715732327588,206.0,207.3333333333333,201.0,177.0,1.247219128924647,4355441058,fartelek
1383.0,5.58,163,183,74.0,74.0,165,1.46,326.0,231,162.0,8.839620404117412,9.03234926989282,246.5,247.5,233.0,165.0,3.023059524536176,5723323056,BC 2
1110.0,3.88,161,185,18.0,18.0,160,1.31,261.0,175,161.0,1.0897247358851685,25.990382836734053,278.5,285.0,259.0,159.5,1.479019945774904,5723323548,Rozgrzewka
1761.0,7.68,146,173,67.0,67.0,169,1.55,310.0,178,144.5,12.725466592624413,8.027297179001161,229.0,229.25,214.0,169.0,2.8256636388643286,4245352476,BC 3
1344.0,5.03,140,153,29.0,29.0,161,1.39,271.0,175,142.5,4.219662967057388,14.358272876638054,264.0,267.8,249.0,162.0,1.247219128924647,4691792307,Rozgrzewka
1296.0,4.81,144,166,9.0,9.0,163,1.37,276.0,172,145.0,2.154065922853801,10.658330075579382,271.0,269.0,253.0,163.0,0.7483314773547882,4691791100,Rozgrzewka
993.0,3.82,135,142,271.0,271.0,157,1.47,189.0,161,136.5,3.112474899497183,15.81731646013318,254.0,259.25,244.0,157.5,1.6393596310755,5986704558,Rozgrzewka
1014.0,4.04,149,175,7.0,7.0,165,1.45,234.0,171,153.0,5.564171097297422,5.494315243958978,250.0,251.25,245.0,165.0,1.095445115010332,4672870746,Rozgrzewka
1488.0,5.01,139,167,14.0,14.0,155,1.31,268.0,166,141.5,3.8908725099762496,10.917875251164944,297.0,297.0,282.0,155.0,0.5773502691896257,4188011194,BC 2
2179.0,7.95,145,174,90.0,90.0,158,1.38,417.0,165,146.0,6.339361166552983,6.152997237119484,274.0,274.125,265.0,158.5,1.224744871391589,4221020089,BC 2
3830.0,15.01,149,169,48.0,48.0,163,1.44,773.0,177,150.5,5.326818938165629,7.923523346480541,256.0,255.13333333333333,244.0,163.0,1.9364916731037085,4874585542,BC 2
2126.0,10.02,157,178,80.0,80.0,173,1.63,492.0,183,160.0,10.75574034705297,5.107837115648853,211.0,212.1,206.0,173.0,2.606412943060264,4306700012,BC 3
1782.0,8.02,158,174,77.0,77.0,170,1.59,398.0,177,159.0,3.644715437079272,6.650892797211514,222.0,222.375,214.0,170.0,2.298684540619689,4520832425,fartelek
7725.0,30.01,157,167,115.0,115.0,163,1.43,1634.0,173,157.0,3.643305265418193,7.727655961976223,256.0,257.5,243.0,163.0,1.6454775154653998,6383536639,BC 2
3377.0,13.66,149,177,52.0,52.0,165,1.47,690.0,178,149.0,11.04997922243868,7.923421751042788,245.0,247.07142857142856,238.0,165.5,1.2205719636167902,4339621246,BC 2
2024.0,7.58,144,157,35.0,35.0,163,1.38,410.0,170,146.0,4.58257569495584,15.066519173319364,266.0,266.0,242.0,162.0,1.479019945774904,4422867115,BC 2
955.0,2.92,131,163,23.0,23.0,157,1.17,166.0,163,133.0,4.784233364802441,1.8856180831641267,328.0,326.6666666666667,324.0,157.0,1.247219128924647,4927952543,Rozgrzewka
1538.0,6.04,155,168,44.0,44.0,163,1.45,369.0,170,158.0,6.233549779791836,11.967548714010828,249.5,254.3333333333333,247.0,163.0,0.6388765649999399,6460373870,BC 2
2123.0,8.07,142,161,9.0,9.0,162,1.41,407.0,171,143.0,6.751314458205917,4.898979485566356,262.5,263.0,257.0,162.0,1.133115447465063,4549625735,BC 2
751.0,2.82,153,179,6.0,6.0,164,1.37,177.0,169,157.0,7.25718035235908,9.428090415820632,259.0,265.6666666666667,259.0,164.0,0.4714045207910317,4400117393,Rozgrzewka
1659.0,7.93,150,174,52.0,52.0,173,1.65,369.0,184,155.5,14.560219778561036,5.218656436287025,211.0,209.375,201.0,173.5,2.496873044429772,5869570632,BC 3
1312.0,5.03,152,173,39.0,39.0,163,1.41,309.0,176,154.0,7.610300037887249,9.410632284814872,265.0,260.8,250.0,162.5,2.793842435706701,4355440298,Rozgrzewka
1790.0,6.28,152,169,77.0,77.0,161,1.31,382.0,170,149.0,6.318098396427423,15.99652740093577,280.0,284.6666666666667,267.0,161.0,1.7261494247992246,4258283294,BC 2
2744.0,10.16,145,168,32.0,32.0,157,1.41,542.0,174,144.0,5.331955744950975,7.184010022264724,268.5,270.3,261.0,158.0,1.233150906022776,5986704228,BC 2
1013.0,4.02,149,167,14.0,14.0,162,1.47,226.0,169,152.0,9.537295214053092,8.407585860400118,252.5,252.25,241.0,163.0,1.3564659966250536,4884833841,Rozgrzewka
863.0,2.72,141,157,18.0,18.0,162,1.16,172.0,172,146.0,5.656854249492381,17.90716802475106,320.0,315.0,291.0,164.0,1.8856180831641267,4235786517,Rozgrzewka
1981.0,7.54,148,168,30.0,30.0,165,1.38,435.0,172,155.0,13.628439932728911,10.427577618987067,262.0,261.375,240.0,165.0,1.3635890143294642,4397142759,BC 2
1422.0,5.0,140,159,43.0,43.0,160,1.32,259.0,165,142.0,6.211548384528075,5.71314274283428,285.0,284.4,277.0,160.0,3.4034296427770228,4590128641,BC 2
3372.0,14.14,161,181,25.0,25.0,164,1.53,806.0,187,163.0,8.03713602942961,17.604498497456234,238.5,238.28571428571428,216.0,165.0,4.552898954390366,5935096408,fartelek
1315.0,5.24,164,191,9.0,9.0,164,1.46,338.0,170,166.0,4.58257569495584,9.410632284814874,251.0,251.8,239.0,165.0,1.3743685418725538,5490548789,BC 2
2896.0,11.27,147,168,31.0,31.0,165,1.42,594.0,175,146.0,2.8710721961587025,7.732084063623606,255.0,257.1818181818182,247.0,165.0,1.6244657241348273,4329250684,BC 2
1403.0,5.02,153,189,49.0,49.0,166,1.29,304.0,191,162.0,16.237815945091466,14.235167719419396,283.0,276.4,252.0,166.5,3.7155828016013257,4248080816,Rozgrzewka
1743.0,8.01,164,179,44.0,44.0,173,1.59,445.0,182,171.0,13.112994215050604,2.7128168017763383,218.0,217.875,213.0,173.0,3.034777840832814,6363163599,BC 3
7854.0,30.01,150,167,246.0,246.0,162,1.41,1405.0,171,151.0,3.281138352245526,8.704341190208225,260.0,261.6333333333333,248.0,162.0,1.843513814481232,6466247135,BC 2
1577.0,5.98,138,166,61.0,61.0,163,1.4,291.0,169,142.0,9.626352718795768,6.5489609014628325,261.5,263.6666666666667,258.0,163.0,1.5275252316519468,4230308054,BC 2
728.0,3.29,159,179,1.0,1.0,172,1.58,184.0,187,163.5,9.86154146165801,3.2998316455372216,220.0,220.66666666666663,217.0,172.0,1.4142135623730951,4397140149,BC 3
1249.0,6.01,167,184,54.0,54.0,174,1.66,321.0,183,168.0,7.367883976130073,4.887626099538393,205.5,207.66666666666663,203.0,173.0,3.010186786529354,5904658953,fartelek
1895.0,8.11,156,187,14.0,14.0,166,1.52,450.0,199,157.0,11.335756481152902,74.64647338944154,168.0,231.51282051282053,151.0,172.5,12.007055217662655,5001333334,BC 1 + RT
2145.0,7.94,141,160,64.0,64.0,161,1.38,375.0,173,140.0,5.787918451395113,11.680646386223666,266.5,270.25,255.0,160.5,1.5811388300841898,4569410287,BC 2
1909.0,6.71,133,150,7.0,7.0,158,1.33,309.0,169,134.0,7.105617208826222,24.20659380568587,272.0,283.57142857142856,262.0,159.0,2.050385727772475,4520830670,BC 2
1204.0,4.78,155,178,13.0,13.0,163,1.46,292.0,172,159.0,8.447484832777151,5.564171097297422,253.0,251.8,246.0,163.0,1.2649110640673518,4816841227,Rozgrzewka
2922.0,11.71,151,175,51.0,51.0,162,1.48,611.0,171,158.5,14.079881233716268,7.386173268720113,249.0,249.3333333333333,240.0,162.5,1.1873172373979175,5737621854,BC 2
1471.0,5.11,145,173,39.0,39.0,158,1.32,285.0,168,147.5,10.414999866645328,13.227244611029162,297.0,289.2,269.0,157.5,1.4624940645653537,4587521377,BC 2
1376.0,6.01,159,173,51.0,51.0,168,1.56,324.0,175,166.0,13.801167422440113,4.5431266766402185,226.0,228.4,225.0,168.0,1.247219128924647,5183928345,BC 3
3903.0,16.04,158,171,74.0,74.0,164,1.5,942.0,171,161.0,6.635335836331094,5.9107952087684446,242.0,243.25,232.0,164.0,1.1314931800983143,4797751344,BC 2
1383.0,5.06,141,156,41.0,41.0,162,1.36,258.0,169,143.5,7.06320670013903,5.4626001134990645,274.0,273.6,265.0,161.5,1.5986105077709063,4603084436,BC 2
1723.0,7.39,158,175,76.0,76.0,167,1.54,387.0,233,160.0,9.35080210463252,3.7032803990902057,234.0,233.0,228.0,167.0,0.927024810886958,4207383836,BC 3
1003.0,3.5,159,174,33.0,33.0,164,1.27,232.0,185,159.0,2.9154759474226504,45.17189391646093,279.0,283.0,232.0,166.5,5.3091901453988255,4242289914,Rozgrzewka
1749.0,7.35,151,176,79.0,79.0,171,1.48,402.0,194,157.0,13.610083577994663,8.614179103817905,237.0,240.28571428571428,231.0,170.5,4.960783708246107,4892929077,BC 2
1036.0,4.81,150,162,48.0,48.0,176,1.59,236.0,233,151.0,3.03315017762062,4.31740662898458,215.0,215.6,210.0,175.0,1.743559577416269,4654522662,fartelek
1975.0,8.62,162,186,12.0,12.0,165,1.59,506.0,189,161.0,10.788654305722982,15.365505700500025,235.0,228.11111111111111,203.0,165.0,4.0,5447600518,BC 3
695.0,2.34,135,154,11.0,11.0,168,1.19,116.0,199,136.0,8.594677464897888,98.06329588587158,196.0,263.7,167.0,176.0,9.96479062269725,5197405932,RT
2047.0,8.11,147,167,7.0,7.0,164,1.45,444.0,181,150.0,7.709221670534069,9.17877987534291,251.0,252.5,242.0,165.0,1.3333333333333333,4334632855,BC 2
2862.0,11.71,142,184,122.0,122.0,166,1.47,573.0,198,141.5,12.00086802416114,10.664062182030928,245.0,244.3333333333333,216.0,167.0,2.0615528128088303,4732605589,BC 3
1095.0,4.05,149,172,28.0,28.0,162,1.37,238.0,167,149.5,0.5,11.5,266.5,266.5,255.0,162.5,1.5,5242549302,Rozgrzewka
828.0,3.25,149,157,28.0,28.0,165,1.43,192.0,168,150.5,3.112474899497183,11.469767022723502,254.0,255.3333333333333,242.0,164.5,1.118033988749895,6363164095,Rozgrzewka
1323.0,5.02,145,155,39.0,39.0,162,1.4,277.0,170,145.5,0.5,7.709734106958552,263.0,263.6,252.0,163.0,1.4142135623730951,4410868652,Rozgrzewka
2373.0,7.32,143,178,18.0,18.0,155,1.12,440.0,230,143.5,10.547511554864494,511.3739877740174,188.0,614.0909090909091,158.0,149.5,30.40924567006262,5277937633,fartelek
4025.0,14.89,154,179,86.0,86.0,162,1.37,884.0,172,154.0,4.546060565661952,11.82915419161019,270.0,270.06666666666666,243.0,162.0,1.4452988925785866,5691405486,BC 2
2066.0,9.4,171,191,53.0,53.0,173,1.57,544.0,186,169.0,7.4357245780085215,8.702206332978344,220.0,219.77777777777777,207.0,173.0,1.5620499351813308,4397141856,fartelek
1377.0,5.45,138,155,24.0,24.0,159,1.49,269.0,165,139.5,1.5,0.0,252.0,252.0,252.0,160.5,1.5,5964246352,BC 2
5334.0,20.03,146,169,77.0,77.0,161,1.4,958.0,208,153.0,14.184082931821148,7.320348352366846,266.5,266.25,251.0,161.0,1.4584183648679574,4214460243,BC 2
3647.0,15.09,179,199,35.0,35.0,164,1.51,956.0,182,182.5,14.542502363761196,16.773789077009404,241.0,241.8,215.0,165.0,3.4318134783230865,4484242108,BC 3
1313.0,4.88,141,166,37.0,37.0,163,1.37,261.0,168,147.0,9.042123644365851,8.039900496896712,269.0,268.6,254.0,163.0,0.7483314773547883,4304402949,Rozgrzewka
3093.0,11.59,145,184,152.0,152.0,166,1.35,591.0,189,137.5,17.800397935626794,59.824744044584094,235.5,266.0,197.0,168.5,7.133644853010899,4908421924,BC 1 + RT
3186.0,12.52,139,165,54.0,54.0,163,1.45,529.0,229,139.0,7.025734605403349,7.82047078593159,258.0,254.6153846153846,240.0,163.0,1.7027648939368196,4520833458,BC 2
3051.0,12.23,147,169,37.0,37.0,164,1.47,611.0,174,144.0,9.9537391505365,11.372481406154654,253.0,250.0,221.0,164.0,3.0730745162212583,5896024347,BC 3
1040.0,4.67,158,178,76.0,76.0,173,1.55,246.0,194,164.5,11.778039829369837,47.50727732532969,226.0,231.5652173913044,180.0,178.5,9.817784316682095,6383529086,BC 1 + RT
4091.0,13.61,124,141,24.0,24.0,164,1.17,540.0,191,124.0,6.59197099755855,643.0856550750558,197.0,771.3846153846154,171.0,152.5,32.11999186723154,5986707962,BC 1 + RT
2110.0,8.22,142,158,5.0,5.0,164,1.42,420.0,201,143.0,7.202537275840824,9.03811374126261,255.5,258.75,248.0,165.0,5.506449641495053,4422867522,BC 2
461.7,2.45,162,175,12.0,12.0,179,1.78,113.0,196,162.0,2.943920288775949,4.0,189.0,189.0,185.0,181.0,2.6246692913372702,5918013290,RT
623.0,2.92,149,162,28.0,28.0,172,1.63,144.0,194,151.0,4.320493798938574,2.0548046676563256,213.0,213.3333333333333,211.0,172.0,1.247219128924647,4355440681,fartelek
1227.0,4.67,140,161,34.0,34.0,163,1.4,242.0,182,140.0,7.833262411026455,13.16662447250623,266.0,262.8,239.0,164.0,1.469693845669907,4654521358,Rozgrzewka
1201.0,4.25,129,141,13.0,13.0,160,1.33,197.0,163,130.0,2.416609194718914,18.641351882307248,275.5,283.0,267.0,161.0,0.8,6482196193,Rozgrzewka
1577.0,6.02,139,153,30.0,30.0,161,1.42,295.0,214,139.0,5.469768491164755,7.71182353417285,259.0,262.1666666666667,257.0,161.0,3.398679215248663,4272590064,BC 2
1190.0,4.18,144,160,107.0,107.0,163,1.27,243.0,194,146.0,7.61232553166245,81.42926845903047,207.0,272.89473684210526,188.0,167.5,13.961017154921056,5865015784,BC 1 + RT
2207.0,10.02,164,193,44.0,44.0,169,1.61,567.0,180,172.0,10.932550533019493,4.029888335921977,220.5,220.4,213.0,170.0,2.886274157525008,4665674324,BC 3
2706.0,10.98,163,183,127.0,127.0,167,1.46,628.0,183,165.0,6.671761138875917,12.17503203111506,248.0,246.3636363636364,231.0,166.0,4.0451991747794525,4235786126,BC 2
630.0,2.32,160,171,8.0,8.0,154,1.44,138.0,164,164.0,5.2493385826745405,3.5,270.5,270.5,267.0,154.0,0.816496580927726,4152813607,Rozgrzewka
1976.0,7.83,149,165,50.0,50.0,160,1.48,435.0,172,152.5,10.148121747397395,9.93022532473458,252.0,252.125,239.0,161.0,1.3228756555322954,4920293646,BC 2
2199.0,10.02,139,166,56.0,56.0,171,1.6,402.0,198,139.0,5.209654102507057,3.348133808556641,220.5,219.7,214.0,171.0,1.6006197146962733,4719951381,fartelek
2183.0,10.02,155,194,82.0,82.0,171,1.61,479.0,183,145.0,19.516045528176328,7.542545989253231,217.5,217.9,202.0,170.0,2.6316572411145684,4286888924,BC 3
1356.0,5.02,141,154,39.0,39.0,161,1.38,258.0,167,143.0,6.7679801680823175,6.343500610861482,271.0,270.6,260.0,161.0,2.1343747458109497,4641259087,BC 2
5176.0,20.01,141,152,61.0,61.0,163,1.42,900.0,176,142.0,5.018785571906818,7.151748038067336,257.0,258.55,249.0,164.0,1.3058389715049608,4896691788,BC 2
662.0,2.32,143,159,4.0,4.0,160,1.31,136.0,172,145.0,2.6246692913372702,6.0,286.0,286.0,280.0,160.0,0.816496580927726,4630960957,Rozgrzewka
1113.0,4.87,153,165,49.0,49.0,169,1.55,256.0,178,152.0,4.2708313008125245,5.607138307550474,228.0,228.4,220.0,169.0,1.095445115010332,4654522046,fartelek
1396.0,4.9,136,160,26.0,26.0,159,1.32,259.0,165,138.0,6.794115100585211,3.1622776601683795,286.0,285.0,279.0,159.0,1.4142135623730951,4857167698,BC 2
1762.0,6.17,136,161,53.0,53.0,159,1.32,328.0,165,138.0,5.18238775634773,4.412734098291242,285.0,285.8333333333333,281.0,159.0,0.9258200997725514,6460371868,BC 2
1118.0,4.08,130,165,2.0,2.0,159,1.38,188.0,174,133.0,7.657675887630659,22.71563338320109,278.0,274.0,240.0,159.0,3.0983866769659336,4549626419,Rozgrzewka
2115.0,10.02,168,184,79.0,79.0,176,1.62,533.0,185,173.0,12.3643047947651,8.642337646724988,210.0,211.1,200.0,178.0,3.5698461665585204,4410869963,BC 3
4728.0,15.66,132,166,27.0,27.0,161,1.24,668.0,172,127.5,16.979652344791987,31.71448555077001,285.5,301.0625,260.0,160.5,1.7218721642444887,4565239635,BC 2
1227.0,5.34,166,187,61.0,61.0,169,1.55,320.0,199,169.0,6.039223643997813,7.135591542869215,229.0,228.5,220.0,169.0,0.816496580927726,5490543725,fartelek
1188.0,4.75,134,158,12.0,12.0,165,1.46,218.0,178,132.0,9.939818911831342,6.11228271597445,248.0,249.8,244.0,165.0,1.1661903789690602,4719950234,Rozgrzewka
1304.0,4.94,167,178,38.0,38.0,161,1.42,324.0,174,168.0,5.491812087098392,7.183313998427188,264.0,264.0,256.0,161.0,1.3564659966250536,5723322471,BC 2
2168.0,10.01,159,179,83.0,83.0,172,1.61,474.0,182,166.0,13.981097037792324,3.762977544445356,217.0,216.8,210.0,172.0,2.5389527352307164,4590129665,BC 3
3187.0,12.94,157,176,143.0,143.0,165,1.48,748.0,197,156.0,7.0585044596642845,10.149766080028147,243.0,246.46153846153845,226.0,165.0,2.39081081044924,4704192189,fartelek
1143.0,4.4,149,164,9.0,9.0,162,1.43,262.0,171,155.0,7.756287771866127,13.285330255586423,256.5,261.0,248.0,163.0,1.8547236990991405,4830270415,Rozgrzewka
1647.0,6.01,154,187,8.0,8.0,163,1.34,353.0,171,149.0,9.109313466817062,8.460693430998036,274.0,274.5,264.0,163.0,1.0301575072754257,4425215370,BC 2
1461.0,6.86,140,174,85.0,85.0,175,1.61,292.0,188,141.0,7.606535019310698,6.880911187881311,215.0,213.28571428571428,200.0,176.0,1.8027756377319943,4691793875,fartelek
1239.0,4.25,145,154,119.0,119.0,162,1.26,247.0,196,148.5,8.21751178885677,93.47220245387902,205.0,279.0,188.0,161.5,15.33818763739706,6363161280,BC 1 + RT
853.0,3.23,139,154,7.0,7.0,158,1.43,171.0,167,139.5,0.82915619758885,3.6817870057290873,266.0,265.6666666666667,261.0,159.5,1.6393596310755,5943090582,Rozgrzewka
3768.0,16.43,157,175,59.0,59.0,169,1.55,884.0,208,158.0,6.872542026792896,16.2450713679565,230.0,229.8125,202.0,170.0,4.17439882334357,4736449334,fartelek