Activity ID,Activity Name,Description,Begin Timestamp,Begin Timestamp (Raw Milliseconds),End Timestamp,End Timestamp (Raw Milliseconds),Device,Activity Parent,Activity Type,Event Type,Activity Time Zone,Max. Elevation,Max. Elevation (Raw),Begin Latitude (Decimal Degrees Raw),Begin Longitude (Decimal Degrees Raw),End Latitude (Decimal Degrees Raw),End Longitude (Decimal Degrees Raw),Average Moving Speed,Average Moving Speed (Raw),Max. Heart Rate (bpm),Average Heart Rate (bpm),Max. Speed,Max. Speed (Raw),Calories,Calories (Raw),Duration (h:m:s),Duration (Raw Seconds),Moving Duration (h:m:s),Moving Duration (Raw Seconds),Average Speed,Average Speed (Raw),Distance,Distance (Raw),Max. Heart Rate (bpm).1,Min. Elevation,Min. Elevation (Raw),Elevation Gain,Elevation Gain (Raw),Elevation Loss,Elevation Loss (Raw),Temperature (Raw),Wind Speed (Raw),Wind Direction,Humidity (Raw),Condition,Rainfall
2284658991,Freiburg im Breisgau Laufen,,"Sa, Nov 4, 2017 12:07",1509793643000,"Sa, Nov 4, 2017 13:06",1509797186000,vívoactive HR 4.0.0.0,Beliebiger Aktivitätstyp,Laufen,Nicht klassifiziert,(GMT+01:00) Mitteleuropäische Zeit,473 Meter,472.6,48.019178370013826,7.856356333941221,48.01936947740614,7.855830872431397,06:47,6.786783451192187,201.0,182.0,04:55,4.9207753922937,753,752.9796993809099,00:59:03,3542.83,00:58:50,3530.0,06:47 Minuten pro Kilometer,6.7861018152784816,8.67 Kilometer,8.66881,113.0,473 Meter,472.6,315 Meter,315.0,314 Meter,314.0,13.9,11,S,77,fair,no
2284658936,Freiburg im Breisgau Laufen,,"Fr, Nov 3, 2017 9:47",1509698845000,"Fr, Nov 3, 2017 10:35",1509701727000,vívoactive HR 4.0.0.0,Beliebiger Aktivitätstyp,Laufen,Nicht klassifiziert,(GMT+01:00) Mitteleuropäische Zeit,473 Meter,473.2,48.01785914227366,7.8818812407553205,48.01941046491265,7.8559215646237135,06:18,6.296687057938149,199.0,177.0,04:33,4.54504129131887,626,626.0113316881542,00:48:00,2880109.0,00:48:02,2882.0,06:18 Minuten pro Kilometer,6.29168256348911,7.63 Kilometer,7.62835,100.0,473 Meter,473.2,245 Meter,245.0,244 Meter,244.0,11.1,3,N,100,fair,no
2228102647,Freiburg im Breisgau Laufen,,"Mi, Okt 25, 2017 16:31",1508941914000,"Mi, Okt 25, 2017 17:11",1508944273000,vívoactive HR 4.0.0.0,Beliebiger Aktivitätstyp,Laufen,Nicht klassifiziert,(GMT+01:00) Mitteleuropäische Zeit,279 Meter,278.8,48.018395751714706,7.880602246150374,48.01932949572802,7.855920810252428,05:52,5.861981290834204,197.0,179.0,04:29,4.4766764557248235,528,527.9211077751419,00:39:18,2357898.0,00:38:44,2324.0,05:52 Minuten pro Kilometer,5.874750544292464,6.61 Kilometer,6.60755,95.0,279 Meter,278.8,208 Meter,208.0,272 Meter,272.0,20.0,6,SSW,60,fair,no
2104984694,Freiburg im Breisgau Laufen,,"Fr, Okt 13, 2017 11:53",1507888391000,"Fr, Okt 13, 2017 12:41",1507891281000,vívoactive HR 4.0.0.0,Beliebiger Aktivitätstyp,Laufen,Nicht klassifiziert,(GMT+01:00) Mitteleuropäische Zeit,472 Meter,471.6,48.019193960353725,7.856333786621691,48.01931214518846,7.8558944910764685,06:11,6.181441876509141,197.0,180.0,04:27,4.443259661079921,661,661.0946964453632,00:48:10,2890338.0,00:47:57,2877.0,06:11 Minuten pro Kilometer,6.1819977943334425,7.76 Kilometer,7.75709,109.0,472 Meter,471.6,246 Meter,246.0,244 Meter,244.0,17.2,5,SSO,72,fair,no
2084195352,Freiburg im Breisgau Laufen,,"Mo, Okt 2, 2017 14:51",1506948664000,"Mo, Okt 2, 2017 15:38",1506951524000,vívoactive HR 4.0.0.0,Beliebiger Aktivitätstyp,Laufen,Nicht klassifiziert,(GMT+01:00) Mitteleuropäische Zeit,495 Meter,494.6,48.01911617629229,7.857145154848695,48.01937132142485,7.856066403910518,06:01,6.023985903614342,194.0,174.0,04:19,4.324511227489839,619,619.0901236748274,00:47:40,2859788.0,00:47:04,2824.0,06:01 Minuten pro Kilometer,6.023370765424176,7.81 Kilometer,7.813210000000001,110.0,495 Meter,494.6,246 Meter,246.0,240 Meter,240.0,17.8,19,SW,77,mostly cloudy,no
2021230223,Freiburg im Breisgau Laufen,,"Sa, Sep 30, 2017 16:03",1506780220000,"Sa, Sep 30, 2017 16:51",1506783063000,vívoactive HR 4.0.0.0,Beliebiger Aktivitätstyp,Laufen,Nicht klassifiziert,(GMT+01:00) Mitteleuropäische Zeit,482 Meter,481.6,48.01913796924055,7.856386927887797,48.01940686069428,7.85595660097897,05:59,5.991189398271286,192.0,176.0,04:31,4.510599991280568,638,637.944448952511,00:47:23,2843227.0,00:47:20,2840.0,05:59 Minuten pro Kilometer,5.990893701710311,7.90 Kilometer,7.90049,101.0,482 Meter,481.6,239 Meter,239.0,249 Meter,249.0,20.0,14,NNW,64,mostly cloudy,no
2006998728,Freiburg im Breisgau Laufen,,"Mi, Sep 27, 2017 12:29",1506508164000,"Mi, Sep 27, 2017 13:34",1506512062000,vívoactive HR 4.0.0.0,Beliebiger Aktivitätstyp,Laufen,Nicht klassifiziert,(GMT+01:00) Mitteleuropäische Zeit,475 Meter,475.0,48.022312866523855,7.8624572698026896,48.019167138263576,7.857074327766894,07:00,6.993864031841124,191.0,170.0,04:55,4.9207753922937,821,820.9984677877434,01:04:57,3897147.0,01:04:53,3893.0,07:00 Minuten pro Kilometer,6.9998598794375715,9.28 Kilometer,9.27718,99.0,475 Meter,475.0,252 Meter,252.0,248 Meter,248.0,17.2,3,N,83,mostly clear,no
2006998614,Freiburg im Breisgau Laufen,,"Fr, Sep 22, 2017 15:36",1506087371000,"Fr, Sep 22, 2017 16:13",1506089629000,vívoactive HR 4.0.0.0,Beliebiger Aktivitätstyp,Laufen,Nicht klassifiziert,(GMT+01:00) Mitteleuropäische Zeit,458 Meter,458.2,48.01930719986558,7.856598990038037,48.01940493285656,7.856179056689142,05:53,5.889355963793541,196.0,177.0,04:22,4.36757513975644,515,515.0333411296367,00:37:38,2257524.0,00:37:22,2242.0,05:53 Minuten pro Kilometer,5.889281666425159,6.34 Kilometer,6.34478,100.0,458 Meter,458.2,209 Meter,209.0,207 Meter,207.0,21.1,5,NNO,49,fair,no
1988390950,Freiburg im Breisgau Laufen,,"Sa, Sep 16, 2017 12:33",1505558028000,"Sa, Sep 16, 2017 14:04",1505563451000,vívoactive HR 4.0.0.0,Beliebiger Aktivitätstyp,Laufen,Nicht klassifiziert,(GMT+01:00) Mitteleuropäische Zeit,678 Meter,677.6,48.00809657201171,7.899996880441903,48.01947584375739,7.856103954836726,06:34,6.572538158289216,200.0,170.0,04:53,4.880429532310476,"1,102",1101.904048190701,01:30:22,5421814.0,01:27:56,5276.0,06:34 Minuten pro Kilometer,6.572029408091723,13.38 Kilometer,13.3789,92.0,678 Meter,677.6,525 Meter,525.0,518 Meter,518.0,13.9,16,NW,63,showers,yes
1971778346,Freiburg im Breisgau Laufen,,"So, Sep 10, 2017 13:45",1505043950000,"So, Sep 10, 2017 14:54",1505048069000,vívoactive HR 4.0.0.0,Beliebiger Aktivitätstyp,Laufen,Nicht klassifiziert,(GMT+01:00) Mitteleuropäische Zeit,464 Meter,464.2,48.01607748493552,7.879863129928707,48.01940149627625,7.855888456106187,06:16,6.262298723384676,192.0,174.0,04:12,4.192872217994998,941,941.0456274671719,01:08:37,4116816.0,01:07:58,4078.0,06:16 Minuten pro Kilometer,6.258605331646825,10.85 Kilometer,10.85331,123.0,464 Meter,464.2,319 Meter,319.0,320 Meter,320.0,18.9,10,SSW,56,fair,no
1959936581,Freiburg im Breisgau Laufen,,"Di, Sep 5, 2017 15:32",1504618358000,"Di, Sep 5, 2017 16:17",1504621021000,vívoactive HR 4.0.0.0,Beliebiger Aktivitätstyp,Laufen,Nicht klassifiziert,(GMT+01:00) Mitteleuropäische Zeit,438 Meter,438.0,48.020392404869206,7.876742212101817,48.019479867070906,7.855915110558271,06:45,6.751618956307389,195.0,176.0,04:31,4.521613178264238,668,668.01590445869,00:44:22,2662.36,00:43:50,2630.0,06:45 Minuten pro Kilometer,6.750370994036123,6.49 Kilometer,6.4922699999999995,86.0,438 Meter,438.0,197 Meter,197.0,197 Meter,197.0,26.1,11,SSW,48,fair,no
1959936521,Freiburg im Breisgau Laufen,,"So, Sep 3, 2017 8:54",1504421641000,"So, Sep 3, 2017 9:33",1504423993000,vívoactive HR 4.0.0.0,Beliebiger Aktivitätstyp,Laufen,Nicht klassifiziert,(GMT+01:00) Mitteleuropäische Zeit,448 Meter,448.4,48.01868802867829,7.858128435909747,48.01942136138678,7.855924163013697,07:35,7.578722658435966,191.0,170.0,04:27,4.453946073737134,573,573.0282910344104,00:39:11,2350.75,00:39:07,2347.0,07:35 Minuten pro Kilometer,7.5895564271030524,5.16 Kilometer,5.16138,92.0,448 Meter,448.4,218 Meter,218.0,214 Meter,214.0,11.1,6,SSW,87,mostly cloudy,no
1959936468,Freiburg im Breisgau Laufen,,"Do, Aug 31, 2017 16:22",1504189355000,"Do, Aug 31, 2017 17:00",1504191624000,vívoactive HR 4.0.0.0,Beliebiger Aktivitätstyp,Laufen,Nicht klassifiziert,(GMT+01:00) Mitteleuropäische Zeit,463 Meter,463.2,48.019268224015825,7.85692697390914,48.01941264420748,7.855991050601005,05:49,5.821382078838132,198.0,173.0,03:41,3.690581804008656,562,562.0498231512022,00:37:49,2269383.0,00:36:37,2197.0,05:49 Minuten pro Kilometer,5.823433519675253,6.29 Kilometer,6.290030000000001,96.0,463 Meter,463.2,212 Meter,212.0,207 Meter,207.0,17.2,8,WNW,83,mostly cloudy,no
1947513013,Neuf-Brisach Laufen,,"Do, Aug 24, 2017 16:46",1503586003000,"Do, Aug 24, 2017 17:16",1503587803000,vívoactive HR 3.90.0.0,Beliebiger Aktivitätstyp,Laufen,Nicht klassifiziert,(GMT+01:00) Mitteleuropäische Zeit,194 Meter,194.0,48.01525471732021,7.53449996933341,48.01678248681129,7.535735797137022,05:29,5.491086234988997,179.0,135.0,04:53,4.880429532310476,304,304.0558278958096,00:30:00,1800026.0,00:30:00,1800.0,05:29 Minuten pro Kilometer,5.4914880379994955,5.46 Kilometer,5.4634,75.0,194 Meter,194.0,3 Meter,3.0,3 Meter,3.0,23.9,11,S,50,showers,yes
1947512990,Neuf-Brisach Laufen,,"Di, Aug 22, 2017 10:49",1503391788000,"Di, Aug 22, 2017 11:47",1503395243000,vívoactive HR 3.90.0.0,Beliebiger Aktivitätstyp,Laufen,Nicht klassifiziert,(GMT+01:00) Mitteleuropäische Zeit,202 Meter,201.6,48.01659582182765,7.5356758665293455,48.01681919954718,7.535828584805131,05:21,5.3487079660359935,185.0,168.0,04:21,4.345936506097091,768,768.0154271339993,00:57:35,3455203.0,00:57:35,3455.0,05:21 Minuten pro Kilometer,5.3487378059466035,10.77 Kilometer,10.765839999999999,129.0,202 Meter,201.6,28 Meter,28.0,25 Meter,25.0,21.1,5,N,56,fair,no
1947512894,Neuf-Brisach Laufen,,"Mo, Aug 21, 2017 17:25",1503329148000,"Mo, Aug 21, 2017 17:44",1503330244000,vívoactive HR 3.90.0.0,Beliebiger Aktivitätstyp,Laufen,Nicht klassifiziert,(GMT+01:00) Mitteleuropäische Zeit,196 Meter,196.4,48.016336904838674,7.535798577591777,48.01680536940694,7.535721128806473,04:50,4.833972288640167,192.0,169.0,04:06,4.1061016516414215,226,226.01324098691654,00:18:16,1095791.0,00:16:40,1000.0,04:50 Minuten pro Kilometer,4.830917807626247,3.45 Kilometer,3.4478199999999997,100.0,196 Meter,196.4,9 Meter,9.0,5 Meter,5.0,22.8,5,NNW,38,fair,no
1947512877,Neuf-Brisach Laufen,,"So, Aug 20, 2017 11:05",1503219947000,"So, Aug 20, 2017 11:47",1503222440000,vívoactive HR 3.90.0.0,Beliebiger Aktivitätstyp,Laufen,Nicht klassifiziert,(GMT+01:00) Mitteleuropäische Zeit,203 Meter,202.8,48.01652449183165,7.53558374941349,48.01675138995051,7.535779885947704,05:03,5.043473333798794,190.0,174.0,04:15,4.252785671831915,583,583.0521095364701,00:41:33,2493219.0,00:41:33,2493.0,05:03 Minuten pro Kilometer,5.044390789037555,8.24 Kilometer,8.23837,102.0,203 Meter,202.8,4 Meter,4.0,4 Meter,4.0,18.9,3,N,56,fair,no
1947512848,Neuf-Brisach Laufen,,"Sa, Aug 19, 2017 13:01",1503140510000,"Sa, Aug 19, 2017 13:22",1503141721000,vívoactive HR 3.90.0.0,Beliebiger Aktivitätstyp,Laufen,Nicht klassifiziert,(GMT+01:00) Mitteleuropäische Zeit,203 Meter,203.2,48.016592552885406,7.535720374435186,48.01670989952982,7.535757590085268,04:51,4.854797182718674,186.0,166.0,04:14,4.232266841046831,257,257.0393458742441,00:20:11,1211021.0,00:20:11,1211.0,04:51 Minuten pro Kilometer,4.854840151678566,4.16 Kilometer,4.1574,83.0,203 Meter,203.2,3 Meter,3.0,3 Meter,3.0,21.1,16,WNW,53,partly cloudy,no
1921139538,Freiburg im Breisgau Laufen,,"Mi, Aug 16, 2017 12:47",1502880431000,"Mi, Aug 16, 2017 13:25",1502882746000,vívoactive HR 3.90.0.0,Beliebiger Aktivitätstyp,Laufen,Nicht klassifiziert,(GMT+01:00) Mitteleuropäische Zeit,452 Meter,452.0,48.01925690844655,7.856211494654418,48.01943494006992,7.855959702283144,06:03,6.0446470486595585,192.0,172.0,04:01,4.014129784617446,498,498.0883146142501,00:38:34,2314442.0,00:37:03,2223.0,06:03 Minuten pro Kilometer,6.049606524262846,6.13 Kilometer,6.12939,79.0,452 Meter,452.0,207 Meter,207.0,208 Meter,208.0,25.0,5,N,61,mostly clear,no
1918988582,Freiburg im Breisgau Laufen,,"Mo, Aug 14, 2017 13:30",1502710230000,"Mo, Aug 14, 2017 14:19",1502713197000,vívoactive HR 3.90.0.0,Beliebiger Aktivitätstyp,Laufen,Nicht klassifiziert,(GMT+01:00) Mitteleuropäische Zeit,278 Meter,278.4,48.02137434482575,7.8619492426514626,48.0193392187357,7.856165561825037,06:31,6.511616782052418,192.0,175.0,05:02,5.032206064100667,678,678.0397229607496,00:49:25,2965421.0,00:49:27,2967.0,06:30 Minuten pro Kilometer,6.507874251908598,7.59 Kilometer,7.594119999999999,95.0,278 Meter,278.4,242 Meter,242.0,237 Meter,237.0,25.0,3,NNW,65,mostly clear,no
1918988551,Freiburg im Breisgau Laufen,,"Mi, Aug 9, 2017 16:22",1502288555000,"Mi, Aug 9, 2017 16:59",1502290765000,vívoactive HR 3.90.0.0,Beliebiger Aktivitätstyp,Laufen,Nicht klassifiziert,(GMT+01:00) Mitteleuropäische Zeit,440 Meter,439.8,48.01913788542152,7.856424981728196,48.01934374496341,7.855903962627053,06:00,5.994745220546699,185.0,166.0,04:08,4.125412580207591,464,463.95959923818987,00:36:50,2209759.0,00:36:50,2210.0,06:00 Minuten pro Kilometer,5.993048282093054,6.14 Kilometer,6.14427,95.0,440 Meter,439.8,212 Meter,212.0,216 Meter,216.0,22.8,6,N,47,fair,no
1899798162,Freiburg im Breisgau Laufen,,"So, Aug 6, 2017 10:45",1502009141000,"So, Aug 6, 2017 12:23",1502015005000,vívoactive HR 3.90.0.0,Beliebiger Aktivitätstyp,Laufen,Nicht klassifiziert,(GMT+01:00) Mitteleuropäische Zeit,730 Meter,730.4,48.019261602312326,7.856520367786287,48.01958112046122,7.8558553475886574,06:49,6.816469466474756,189.0,171.0,04:20,4.335761245672952,"1,263",1263.0011312595168,01:37:43,5862968.0,01:35:25,5725.0,06:49 Minuten pro Kilometer,6.819421697072675,14.00 Kilometer,13.99796,101.0,730 Meter,730.4,581 Meter,581.0,577 Meter,577.0,22.2,10,NNO,61,fair,no
1899798059,Freiburg im Breisgau Laufen,,"Sa, Aug 5, 2017 11:21",1501924905000,"Sa, Aug 5, 2017 12:00",1501927228000,vívoactive HR 3.90.0.0,Beliebiger Aktivitätstyp,Laufen,Nicht klassifiziert,(GMT+01:00) Mitteleuropäische Zeit,443 Meter,443.4,48.01911508664489,7.856477536261082,48.0193616822362,7.855915445834397,05:57,5.949257085834033,192.0,168.0,04:13,4.213009678713293,542,542.0021861470829,00:38:43,2322771.0,00:38:19,2299.0,05:57 Minuten pro Kilometer,5.954507509475343,6.44 Kilometer,6.440580000000001,95.0,443 Meter,443.4,209 Meter,209.0,206 Meter,206.0,23.9,16,S,65,cloudy,no
1893310601,Freiburg im Breisgau Laufen,,"Do, Aug 3, 2017 10:48",1501750086000,"Do, Aug 3, 2017 11:44",1501753496000,vívoactive HR 3.90.0.0,Beliebiger Aktivitätstyp,Laufen,Nicht klassifiziert,(GMT+01:00) Mitteleuropäische Zeit,278 Meter,278.4,48.02507939748465,7.868420239537954,48.019410213455565,7.855739928781986,06:19,6.311153588385665,192.0,177.0,04:41,4.688232448296311,833,832.9315850521001,00:56:49,3409183.0,00:56:24,3384.0,06:19 Minuten pro Kilometer,6.322711375276977,8.94 Kilometer,8.93656,90.0,278 Meter,278.4,304 Meter,304.0,301 Meter,301.0,25.0,3,SSO,83,fair,no
1893310544,Freiburg im Breisgau Laufen,,"So, Jul 30, 2017 9:12",1501398724000,"So, Jul 30, 2017 9:49",1501400983000,vívoactive HR 3.90.0.0,Beliebiger Aktivitätstyp,Laufen,Nicht klassifiziert,(GMT+01:00) Mitteleuropäische Zeit,451 Meter,451.0,48.02048318088055,7.8614573925733575,48.01858568564057,7.859941106289625,06:11,6.18485552933008,194.0,175.0,04:31,4.510599991280568,587,587.1093694063512,00:37:39,2259373.0,00:37:39,2259.0,06:11 Minuten pro Kilometer,6.186587465206656,6.09 Kilometer,6.08745,98.0,451 Meter,451.0,204 Meter,204.0,197 Meter,197.0,25.0,11,S,61,fair,no
1893310490,Freiburg im Breisgau Laufen,,"Do, Jul 27, 2017 13:33",1501155230000,"Do, Jul 27, 2017 14:22",1501158128000,vívoactive HR 3.90.0.0,Beliebiger Aktivitätstyp,Laufen,Nicht klassifiziert,(GMT+01:00) Mitteleuropäische Zeit,483 Meter,483.2,48.01926763728261,7.856342000886798,48.01956301555038,7.856167573481798,06:32,6.529679757847302,191.0,172.0,03:50,3.8252621409708114,767,767.0607777528508,00:48:18,2898431.0,00:47:56,2876.0,06:32 Minuten pro Kilometer,6.530825379196397,7.34 Kilometer,7.340839999999999,97.0,483 Meter,483.2,245 Meter,245.0,240 Meter,240.0,22.8,14,SSW,65,mostly cloudy,no
1842521418,Freiburg im Breisgau Laufen,,"Sa, Jul 8, 2017 10:04",1499501048000,"Sa, Jul 8, 2017 10:43",1499503418000,vívoactive HR 3.90.0.0,Beliebiger Aktivitätstyp,Laufen,Nicht klassifiziert,(GMT+01:00) Mitteleuropäische Zeit,734 Meter,733.8,48.00991502590478,7.901496989652514,48.01929982379079,7.855860460549593,14:11,14.1820185949094,194.0,169.0,05:07,5.118755052787209,405,405.0099999522676,00:39:30,2369915.0,00:38:29,2309.0,14:14 Minuten pro Kilometer,14.232849370087663,2.71 Kilometer,2.71353,143.0,734 Meter,733.8,12 Meter,12.0,467 Meter,467.0,28.9,8,SSO,52,mostly clear,no
1842521384,Freiburg im Breisgau Laufen,,"Sa, Jul 8, 2017 9:13",1499497994000,"Sa, Jul 8, 2017 10:02",1499500979000,vívoactive HR 3.90.0.0,Beliebiger Aktivitätstyp,Laufen,Nicht klassifiziert,(GMT+01:00) Mitteleuropäische Zeit,717 Meter,717.4,48.02101233042777,7.872846471145749,48.009655186906464,7.901399675756693,09:56,9.93798681288878,190.0,180.0,05:16,5.269258964226711,596,595.9398761819754,00:49:44,2984162.0,00:49:43,2983.0,09:56 Minuten pro Kilometer,9.938381760121436,5.00 Kilometer,5.00269,87.0,717 Meter,717.4,493 Meter,493.0,31 Meter,31.0,25.0,5,N,69,fair,no
1842521288,Freiburg im Breisgau Laufen,,"So, Jul 2, 2017 10:45",1498985139000,"So, Jul 2, 2017 11:25",1498987548000,vívoactive HR 3.90.0.0,Beliebiger Aktivitätstyp,Laufen,Nicht klassifiziert,(GMT+01:00) Mitteleuropäische Zeit,444 Meter,444.2,48.021059771999724,7.8739124815911055,48.01939981989562,7.855952912941575,06:20,6.333249128279594,189.0,168.0,04:51,4.853426497556568,435,435.08145545844656,00:40:08,2407723.0,00:40:04,2404.0,06:20 Minuten pro Kilometer,6.327511871069559,6.33 Kilometer,6.3264,101.0,444 Meter,444.2,210 Meter,210.0,208 Meter,208.0,17.2,10,S,100,mostly cloudy,no
1842521154,Freiburg im Breisgau Laufen,,"So, Jun 25, 2017 11:00",1498381209000,"So, Jun 25, 2017 13:00",1498388421000,vívoactive HR 3.90.0.0,Beliebiger Aktivitätstyp,Laufen,Nicht klassifiziert,(GMT+01:00) Mitteleuropäische Zeit,757 Meter,756.6,48.02211019210517,7.862421395257115,48.01939730532467,7.85604452714324,07:02,7.0307755515607475,185.0,169.0,04:44,4.73754042063644,"1,198",1198.0849733414161,02:00:11,7210832.0,01:55:40,6940.0,07:02 Minuten pro Kilometer,7.0323491440739065,16.45 Kilometer,16.45148,84.0,757 Meter,756.6,622 Meter,622.0,624 Meter,624.0,25.0,14,SSW,47,partly cloudy,no
1842521034,Freiburg im Breisgau Laufen,,"Do, Jun 22, 2017 16:24",1498141451000,"Do, Jun 22, 2017 17:08",1498144090000,vívoactive HR 3.90.0.0,Beliebiger Aktivitätstyp,Laufen,Nicht klassifiziert,(GMT+01:00) Mitteleuropäische Zeit,236 Meter,236.0,48.024095697328455,7.866979390382768,48.01938246935606,7.855965821072459,06:39,6.64671161106194,191.0,173.0,05:04,5.0597046509550205,506,505.96417200872565,00:43:59,2638938.0,00:43:58,2638.0,06:39 Minuten pro Kilometer,6.648052201655013,6.61 Kilometer,6.6148,90.0,236 Meter,236.0,190 Meter,190.0,186 Meter,186.0,32.8,8,SSW,34,mostly clear,no
1842520960,Freiburg im Breisgau Laufen,,"So, Jun 18, 2017 13:55",1497786922000,"So, Jun 18, 2017 15:14",1497791690000,vívoactive HR 3.90.0.0,Beliebiger Aktivitätstyp,Laufen,Nicht klassifiziert,(GMT+01:00) Mitteleuropäische Zeit,658 Meter,658.0,48.01938196644187,7.856737207621336,48.01936662755906,7.85591796040535,08:48,8.803465000660719,188.0,171.0,04:50,4.840739555072487,816,815.9865585367136,01:19:29,4768563.0,01:17:20,4640.0,08:49 Minuten pro Kilometer,8.818342218420137,8.78 Kilometer,8.784419999999999,95.0,658 Meter,658.0,449 Meter,449.0,421 Meter,421.0,26.1,18,NNO,45,fair,no
1842520903,Schuttertal Laufen,,"Sa, Jun 17, 2017 15:57",1497707875000,"Sa, Jun 17, 2017 16:52",1497711137000,vívoactive HR 3.90.0.0,Beliebiger Aktivitätstyp,Laufen,Nicht klassifiziert,(GMT+01:00) Mitteleuropäische Zeit,554 Meter,554.2,48.26184360310435,7.984674638137221,48.26172139495611,7.984624598175287,06:09,6.154948522611208,191.0,170.0,04:21,4.345936506097091,606,605.9636946840351,00:54:22,3262435.0,00:54:04,3244.0,06:10 Minuten pro Kilometer,6.163708095480526,8.78 Kilometer,8.78426,81.0,554 Meter,554.2,208 Meter,208.0,209 Meter,209.0,22.2,13,NNO,50,fair,no
1799215511,Freiburg im Breisgau Laufen,,"Do, Jun 15, 2017 8:56",1497509791000,"Do, Jun 15, 2017 9:57",1497513473000,vívoactive HR 3.90.0.0,Beliebiger Aktivitätstyp,Laufen,Nicht klassifiziert,(GMT+01:00) Mitteleuropäische Zeit,470 Meter,469.8,,,,,06:21,6.358213338314229,196.0,178.0,04:56,4.9338858979128535,729,729.1134648521963,01:01:21,3680894.0,01:01:08,3668.0,06:21 Minuten pro Kilometer,6.356470938226824,9.61 Kilometer,9.61486,99.0,470 Meter,469.8,248 Meter,248.0,247 Meter,247.0,21.1,3,WSW,73,fair,no
1799215435,Freiburg im Breisgau Laufen,,"Di, Jun 13, 2017 17:42",1497368529000,"Di, Jun 13, 2017 18:21",1497370872000,vívoactive HR 3.90.0.0,Beliebiger Aktivitätstyp,Laufen,Nicht klassifiziert,(GMT+01:00) Mitteleuropäische Zeit,393 Meter,393.0,,,,,05:55,5.920572251028734,196.0,178.0,04:31,4.521613178264238,470,469.9261578703682,00:39:01,2341146.0,00:38:32,2312.0,05:55 Minuten pro Kilometer,5.916459774854538,6.51 Kilometer,6.508380000000001,84.0,393 Meter,393.0,206 Meter,206.0,201 Meter,201.0,23.9,13,N,41,fair,no
1784822950,Freiburg im Breisgau Laufen,,"Mo, Jun 5, 2017 10:20",1496650828000,"Mo, Jun 5, 2017 10:56",1496653010000,vívoactive HR 3.80.0.0,Beliebiger Aktivitätstyp,Laufen,Nicht klassifiziert,(GMT+01:00) Mitteleuropäische Zeit,455 Meter,454.6,,,,,06:32,6.533047786168857,194.0,169.0,04:33,4.556223811215936,411,410.97655858444585,00:36:22,2181528.0,00:36:22,2182.0,06:32 Minuten pro Kilometer,6.530825379196397,5.57 Kilometer,5.56657,84.0,455 Meter,454.6,225 Meter,225.0,220 Meter,220.0,15.0,5,N,82,fair,no
1779110201,Freiburg im Breisgau Laufen,,"So, Jun 4, 2017 12:42",1496572935000,"So, Jun 4, 2017 13:48",1496576933000,vívoactive HR 3.80.0.0,Beliebiger Aktivitätstyp,Laufen,Nicht klassifiziert,(GMT+01:00) Mitteleuropäische Zeit,479 Meter,479.4,,,,,06:07,6.11804340315803,200.0,178.0,04:37,4.615526553574433,806,805.9627400346537,01:06:36,3996121.0,01:06:09,3969.0,06:07 Minuten pro Kilometer,6.113964136167499,10.81 Kilometer,10.81228,108.0,479 Meter,479.4,322 Meter,322.0,329 Meter,329.0,18.9,16,W ,56,fair,no
1779110134,Freiburg im Breisgau Laufen,,"Sa, Mai 27, 2017 16:00",1495893603000,"Sa, Mai 27, 2017 16:55",1495896941000,vívoactive HR 3.80.0.0,Beliebiger Aktivitätstyp,Laufen,Nicht klassifiziert,(GMT+01:00) Mitteleuropäische Zeit,469 Meter,468.6,,,,,06:19,6.324226043153193,197.0,181.0,05:13,5.223023110737596,737,736.9893222466719,00:55:38,3337836.0,00:55:38,3338.0,06:20 Minuten pro Kilometer,6.325110712329267,8.80 Kilometer,8.79686,99.0,469 Meter,468.6,250 Meter,250.0,248 Meter,248.0,31.1,5,OSO,26,fair,no
1743753909,Gundelfingen Laufen,,"Sa, Mai 20, 2017 11:47",1495273635000,"Sa, Mai 20, 2017 12:46",1495277206000,vívoactive HR 3.80.0.0,Beliebiger Aktivitätstyp,Laufen,Nicht klassifiziert,(GMT+01:00) Mitteleuropäische Zeit,255 Meter,255.4,,,,,05:46,5.760582977795456,190.0,167.0,04:26,4.432624124717941,698,698.0873599648689,00:59:31,3571383.0,00:59:19,3559.0,05:46 Minuten pro Kilometer,5.7610326010979005,10.30 Kilometer,10.29699,88.0,255 Meter,255.4,256 Meter,256.0,256 Meter,256.0,13.9,13,S,72,cloudy,no
1743753847,Freiburg im Breisgau Laufen,,"Di, Mai 16, 2017 14:35",1494938127000,"Di, Mai 16, 2017 15:12",1494940327000,vívoactive HR 3.80.0.0,Beliebiger Aktivitätstyp,Laufen,Nicht klassifiziert,(GMT+01:00) Mitteleuropäische Zeit,449 Meter,449.2,,,,,06:29,6.484849667860431,198.0,183.0,04:23,4.377900448916245,477,477.08602822898223,00:36:40,2199602.0,00:35:51,2151.0,06:29 Minuten pro Kilometer,6.487608652995045,5.53 Kilometer,5.52827,112.0,449 Meter,449.2,216 Meter,216.0,210 Meter,210.0,25.0,11,NW,47,fair,no
1743753793,Freiburg im Breisgau Laufen,,"So, Mai 14, 2017 15:30",1494768604000,"So, Mai 14, 2017 16:30",1494772246000,vívoactive HR 3.80.0.0,Beliebiger Aktivitätstyp,Laufen,Nicht klassifiziert,(GMT+01:00) Mitteleuropäische Zeit,481 Meter,481.4,,,,,05:57,5.944320331614872,195.0,176.0,04:10,4.172926099591791,761,761.0942191206725,01:00:41,3641.38,01:00:03,3603.0,05:58 Minuten pro Kilometer,5.965163636870459,10.10 Kilometer,10.10208,107.0,481 Meter,481.4,254 Meter,254.0,256 Meter,256.0,20.0,16,W ,64,thunderstorm,yes
1725657081,Freiburg im Breisgau Laufen,,"Mi, Mai 10, 2017 16:35",1494426906000,"Mi, Mai 10, 2017 17:16",1494429417000,vívoactive HR 3.80.0.0,Beliebiger Aktivitätstyp,Laufen,Nicht klassifiziert,(GMT+01:00) Mitteleuropäische Zeit,441 Meter,441.0,,,,,05:56,5.939826685796323,191.0,172.0,03:53,3.875067707142095,508,508.11213311630974,00:41:51,2510824.0,00:40:40,2440.0,05:57 Minuten pro Kilometer,5.94177050624267,6.85 Kilometer,6.846439999999999,88.0,441 Meter,441.0,202 Meter,202.0,196 Meter,196.0,18.9,6,NNO,43,fair,no
1719319574,Freiburg im Breisgau Laufen,,"So, Mai 7, 2017 10:31",1494145878000,"So, Mai 7, 2017 11:06",1494147971000,vívoactive HR 3.50.0.0,Beliebiger Aktivitätstyp,Laufen,Nicht klassifiziert,(GMT+01:00) Mitteleuropäische Zeit,290 Meter,290.0,,,,,05:12,5.193267627072444,195.0,174.0,04:34,4.568713447903655,438,437.94540360189217,00:34:52,2092394.0,00:34:53,2093.0,05:12 Minuten pro Kilometer,5.1921079341443805,6.72 Kilometer,6.71703,103.0,290 Meter,290.0,83 Meter,83.0,88 Meter,88.0,12.2,16,S,100,mostly cloudy,no
1719319514,Freiburg im Breisgau Laufen,,"Fr, Mai 5, 2017 16:04",1493993080000,"Fr, Mai 5, 2017 16:52",1493995977000,vívoactive HR 3.50.0.0,Beliebiger Aktivitätstyp,Laufen,Nicht klassifiziert,(GMT+01:00) Mitteleuropäische Zeit,485 Meter,485.4,,,,,06:03,6.048834101753209,197.0,181.0,03:33,3.54383721525211,623,622.9087211994215,00:48:18,2897.63,00:47:07,2827.0,06:04 Minuten pro Kilometer,6.058403164585668,7.79 Kilometer,7.78938,91.0,485 Meter,485.4,253 Meter,253.0,239 Meter,239.0,17.8,11,NNO,52,mostly clear,no
1719319455,Freiburg im Breisgau Laufen,,"Do, Mai 4, 2017 13:56",1493899004000,"Do, Mai 4, 2017 14:17",1493900237000,vívoactive HR 3.50.0.0,Beliebiger Aktivitätstyp,Laufen,Nicht klassifiziert,(GMT+01:00) Mitteleuropäische Zeit,508 Meter,508.2,,,,,05:25,5.4161297739554914,197.0,171.0,04:34,4.568713447903655,256,256.0846964930955,00:20:33,1232726.0,00:20:23,1223.0,05:25 Minuten pro Kilometer,5.416531424620919,3.76 Kilometer,3.76345,81.0,508 Meter,508.2,60 Meter,60.0,57 Meter,57.0,12.2,3,N,88,light rain,yes
1712125427,Neufahrn bei Freising Laufen,,"So, Apr 30, 2017 11:29",1493544552000,"So, Apr 30, 2017 11:54",1493546084000,vívoactive HR 3.50.0.0,Beliebiger Aktivitätstyp,Laufen,Nicht klassifiziert,(GMT+01:00) Mitteleuropäische Zeit,223 Meter,222.8,,,,,04:52,4.874939203739118,198.0,179.0,04:27,4.453946073737134,339,338.90053030773123,00:25:31,1531.29,00:25:25,1525.0,04:54 Minuten pro Kilometer,4.894762645141541,5.21 Kilometer,5.2137400000000005,74.0,223 Meter,222.8,11 Meter,11.0,6 Meter,6.0,11.1,27,OSO,50,fair,no
1712125369,"Wien, Leopoldstadt Laufen",,"Di, Apr 25, 2017 6:00",1493092825000,"Di, Apr 25, 2017 6:40",1493095233000,vívoactive HR 3.50.0.0,Beliebiger Aktivitätstyp,Laufen,Nicht klassifiziert,(GMT+01:00) Mitteleuropäische Zeit,160 Meter,159.8,,,,,05:31,5.511928478152066,191.0,170.0,04:40,4.6633092384245005,441,441.04801409062486,00:40:09,2408723.0,00:37:31,2251.0,05:31 Minuten pro Kilometer,5.513287018243767,6.81 Kilometer,6.80645,88.0,160 Meter,159.8,21 Meter,21.0,21 Meter,21.0,6.1,10,SO,93,fair,no
1712125334,"Wien, Leopoldstadt Laufen",,"Mo, Apr 24, 2017 6:10",1493007040000,"Mo, Apr 24, 2017 7:07",1493010462000,vívoactive HR 3.50.0.0,Beliebiger Aktivitätstyp,Laufen,Nicht klassifiziert,(GMT+01:00) Mitteleuropäische Zeit,257 Meter,257.2,,,,,06:04,6.069574052142118,188.0,171.0,04:52,4.8676012108562805,638,637.944448952511,00:57:01,3421196.0,00:53:49,3229.0,06:04 Minuten pro Kilometer,6.0694342148945495,8.87 Kilometer,8.86663,96.0,257 Meter,257.2,23 Meter,23.0,25 Meter,25.0,2.8,8,W ,70,fair,no
1689746438,Freiburg im Breisgau Laufen,,"Fr, Apr 21, 2017 12:04",1492769051000,"Fr, Apr 21, 2017 13:04",1492772650000,vívoactive HR 3.50.0.0,Beliebiger Aktivitätstyp,Laufen,Nicht klassifiziert,(GMT+01:00) Mitteleuropäische Zeit,499 Meter,499.0,,,,,05:41,5.690708573634922,198.0,178.0,04:29,4.4875246975179275,756,756.0823098696428,00:59:59,3599445.0,00:59:22,3562.0,05:42 Minuten pro Kilometer,5.696058097428505,10.43 Kilometer,10.432210000000001,84.0,499 Meter,499.0,269 Meter,269.0,266 Meter,266.0,11.1,5,N,32,fair,no
1676415824,Freiburg im Breisgau Laufen,,"Fr, Apr 14, 2017 11:22",1492161775000,"Fr, Apr 14, 2017 12:26",1492165561000,vívoactive HR 3.50.0.0,Beliebiger Aktivitätstyp,Laufen,Nicht klassifiziert,(GMT+01:00) Mitteleuropäische Zeit,471 Meter,470.96,,,,,05:59,5.979436840321016,192.0,173.0,04:43,4.713423813273661,749,748.9224395110286,01:03:06,3786025.0,01:02:56,3776.0,05:59 Minuten pro Kilometer,5.980146042432578,10.52 Kilometer,10.52496,101.0,471 Meter,470.96,263 Meter,263.31,265 Meter,264.65,12.2,8,W ,54,fair,no
1670817367,Freiburg im Breisgau Laufen,,"Di, Apr 11, 2017 11:36",1491903373000,"Di, Apr 11, 2017 12:40",1491907220000,vívoactive HR 3.40.0.0,Beliebiger Aktivitätstyp,Laufen,Nicht klassifiziert,(GMT+01:00) Mitteleuropäische Zeit,457 Meter,457.2,,,,,06:00,6.0079717947055125,194.0,175.0,04:12,4.192872217994998,771,771.1180376227322,01:04:07,3846894.0,01:03:47,3827.0,06:00 Minuten pro Kilometer,6.006005799599754,10.62 Kilometer,10.61645,93.0,457 Meter,457.2,268 Meter,268.0,289 Meter,289.0,10.0,13,NNO,62,fair,no
1670817325,Freiburg im Breisgau Laufen,,"Sa, Apr 8, 2017 13:14",1491650090000,"Sa, Apr 8, 2017 14:09",1491653397000,vívoactive HR 3.40.0.0,Beliebiger Aktivitätstyp,Laufen,Nicht klassifiziert,(GMT+01:00) Mitteleuropäische Zeit,443 Meter,442.6,,,,,05:53,5.875413219266152,194.0,179.0,04:35,4.580012900854209,679,678.9943723418983,00:55:07,3306942.0,00:54:34,3274.0,05:52 Minuten pro Kilometer,5.874750544292464,9.29 Kilometer,9.287289999999999,103.0,443 Meter,442.6,212 Meter,212.0,211 Meter,211.0,17.2,8,NO,52,fair,no
1653272214,Freiburg im Breisgau Laufen,,"Do, Mrz 30, 2017 15:28",1490880539000,"Do, Mrz 30, 2017 16:10",1490883041000,vívoactive HR 3.40.0.0,Beliebiger Aktivitätstyp,Laufen,Nicht klassifiziert,(GMT+01:00) Mitteleuropäische Zeit,441 Meter,440.6,,,,,08:29,8.477169933142408,194.0,176.0,04:19,4.324511227489839,490,489.9737948744875,00:41:40,2500487.0,00:41:05,2465.0,08:28 Minuten pro Kilometer,8.473140112873278,4.85 Kilometer,4.84635,105.0,441 Meter,440.6,202 Meter,202.0,196 Meter,196.0,20.0,6,W ,40,fair,no
1653272163,Freiburg im Breisgau Laufen,,"Di, Mrz 28, 2017 13:58",1490702330000,"Di, Mrz 28, 2017 14:47",1490705246000,vívoactive HR 3.40.0.0,Beliebiger Aktivitätstyp,Laufen,Nicht klassifiziert,(GMT+01:00) Mitteleuropäische Zeit,450 Meter,450.0,,,,,06:19,6.323582581630519,192.0,177.0,04:21,4.356159637919489,594,594.0305774196783,00:48:36,2916.45,00:48:33,2913.0,06:19 Minuten pro Kilometer,6.322711375276977,7.68 Kilometer,7.6776100000000005,95.0,450 Meter,450.0,229 Meter,229.0,227 Meter,227.0,20.0,10,S,37,fair,no
1638513069,Freiburg im Breisgau Laufen,,"Sa, Mrz 25, 2017 9:44",1490431469000,"Sa, Mrz 25, 2017 10:27",1490434027000,vívoactive HR 3.40.0.0,Beliebiger Aktivitätstyp,Laufen,Nicht klassifiziert,(GMT+01:00) Mitteleuropäische Zeit,449 Meter,449.4,,,,,06:11,6.182841687818451,197.0,170.0,04:47,4.789272004401883,497,496.8950028878144,00:42:39,2558709.0,00:42:19,2539.0,06:11 Minuten pro Kilometer,6.186587465206656,6.84 Kilometer,6.84421,93.0,449 Meter,449.4,210 Meter,210.0,202 Meter,202.0,7.8,16,NNO,87,fair,no
1637422532,Freiburg im Breisgau Laufen,,"Do, Mrz 23, 2017 16:29",1490282991000,"Do, Mrz 23, 2017 17:12",1490285551000,vívoactive HR 3.40.0.0,Beliebiger Aktivitätstyp,Laufen,Nicht klassifiziert,(GMT+01:00) Mitteleuropäische Zeit,446 Meter,445.8,48.01673345267773,7.884099762886763,48.01942924037576,7.855951068922878,06:04,6.062113400934756,194.0,173.0,04:57,4.948535188731993,515,515.0333411296367,00:42:39,2558.92,00:42:25,2545.0,06:04 Minuten pro Kilometer,6.067224897692796,7.00 Kilometer,6.99701,94.0,446 Meter,445.8,198 Meter,198.0,198 Meter,198.0,17.2,21,NNO,55,mostly clear,no
1637422472,Freiburg im Breisgau Laufen,,"So, Mrz 19, 2017 16:07",1489936046000,"So, Mrz 19, 2017 16:34",1489937648000,vívoactive HR 3.40.0.0,Beliebiger Aktivitätstyp,Laufen,Nicht klassifiziert,(GMT+01:00) Mitteleuropäische Zeit,297 Meter,297.4,48.01935589872301,7.856160700321197,48.01947182044387,7.855990966781974,05:09,5.14184143279913,197.0,173.0,03:42,3.6979513599998186,319,319.0915556488991,00:26:43,1602727.0,00:25:57,1557.0,05:09 Minuten pro Kilometer,5.1424458470672905,5.05 Kilometer,5.04683,100.0,297 Meter,297.4,70 Meter,70.0,68 Meter,68.0,15.0,23,SSW,72,partly cloudy,no
1625233698,Freiburg im Breisgau Laufen,,"Fr, Mrz 17, 2017 13:29",1489753742000,"Fr, Mrz 17, 2017 14:27",1489757244000,vívoactive HR 3.40.0.0,Beliebiger Aktivitätstyp,Laufen,Nicht klassifiziert,(GMT+01:00) Mitteleuropäische Zeit,435 Meter,434.6,48.017627382650964,7.882339647039771,48.01935506053268,7.8559326287359,06:23,6.3837585210229495,193.0,176.0,04:42,4.700131598628619,734,733.8867117579391,00:58:20,3500499.0,00:57:51,3471.0,06:23 Minuten pro Kilometer,6.3808065619024505,9.06 Kilometer,9.06206,100.0,435 Meter,434.6,213 Meter,213.0,211 Meter,211.0,,,,,,
1625233663,Freiburg im Breisgau Laufen,,"Mi, Mrz 15, 2017 14:31",1489584686000,"Mi, Mrz 15, 2017 15:28",1489588091000,vívoactive HR 3.40.0.0,Beliebiger Aktivitätstyp,Laufen,Nicht klassifiziert,(GMT+01:00) Mitteleuropäische Zeit,442 Meter,442.2,48.019137047231204,7.856412744149567,48.01936252042651,7.85605626180768,06:04,6.074664787956379,195.0,177.0,04:32,4.533913528429252,767,767.0607777528508,00:56:45,3405274.0,00:56:26,3386.0,06:05 Minuten pro Kilometer,6.0760723591832475,9.29 Kilometer,9.28995,86.0,442 Meter,442.2,215 Meter,215.0,213 Meter,213.0,,,,,,
1616887891,Freiburg im Breisgau Laufen,,"So, Mrz 12, 2017 14:49",1489326558000,"So, Mrz 12, 2017 15:44",1489329888000,vívoactive HR 3.40.0.0,Beliebiger Aktivitätstyp,Laufen,Nicht klassifiziert,(GMT+01:00) Mitteleuropäische Zeit,443 Meter,443.4,48.01921877078711,7.856650035828352,48.019380792975426,7.8560435213148585,05:58,5.963422933018376,200.0,178.0,04:20,4.335761245672952,834,833.8862344332484,00:55:30,3329986.0,00:55:04,3304.0,05:58 Minuten pro Kilometer,5.967299237057696,9.23 Kilometer,9.23407,97.0,443 Meter,443.4,216 Meter,216.0,212 Meter,212.0,,,,,,
1616887827,Freiburg im Breisgau Laufen,,"Sa, Mrz 11, 2017 9:28",1489220931000,"Sa, Mrz 11, 2017 9:55",1489222546000,vívoactive HR 3.40.0.0,Beliebiger Aktivitätstyp,Laufen,Nicht klassifiziert,(GMT+01:00) Mitteleuropäische Zeit,305 Meter,304.6,48.0191322695464,7.8565261512994775,48.01943376660347,7.856074450537562,05:19,5.315749086331519,202.0,169.0,04:30,4.4996400334318105,381,380.9051030782669,00:26:55,1615354.0,00:26:55,1615.0,05:19 Minuten pro Kilometer,5.316321121967162,5.06 Kilometer,5.0635699999999995,93.0,305 Meter,304.6,74 Meter,74.0,70 Meter,70.0,,,,,,
1600778328,Freiburg im Breisgau Laufen,,"So, Feb 26, 2017 13:39",1488112784000,"So, Feb 26, 2017 14:07",1488114465000,vívoactive HR 3.40.0.0,Beliebiger Aktivitätstyp,Laufen,Nicht klassifiziert,(GMT+01:00) Mitteleuropäische Zeit,309 Meter,308.6,,,,,05:21,5.346454720960024,200.0,178.0,04:20,4.335761245672952,430,430.0695462074167,00:28:01,1680969.0,00:27:32,1652.0,05:24 Minuten pro Kilometer,5.405989933729738,5.15 Kilometer,5.149830000000001,120.0,309 Meter,308.6,73 Meter,73.0,77 Meter,77.0,10.0,18,S,54,fair,no
1590545908,Freiburg im Breisgau Laufen,,"Sa, Feb 25, 2017 11:36",1488018984000,"Sa, Feb 25, 2017 12:14",1488021298000,vívoactive HR 3.40.0.0,Beliebiger Aktivitätstyp,Laufen,Nicht klassifiziert,(GMT+01:00) Mitteleuropäische Zeit,305 Meter,305.2,,,,,05:40,5.668413200767346,198.0,184.0,04:38,4.627059043723508,626,626.0113316881542,00:38:34,2314241.0,00:37:37,2257.0,05:42 Minuten pro Kilometer,5.703855940561044,6.64 Kilometer,6.636189999999999,108.0,305 Meter,305.2,95 Meter,95.0,90 Meter,90.0,5.0,3,N,81,fair,no
1581329976,Freiburg im Breisgau Laufen,,"So, Feb 19, 2017 13:34",1487507690000,"So, Feb 19, 2017 14:03",1487509386000,vívoactive HR 3.40.0.0,Beliebiger Aktivitätstyp,Laufen,Nicht klassifiziert,(GMT+01:00) Mitteleuropäische Zeit,301 Meter,300.6,,,,,05:21,5.35101812123575,195.0,162.0,04:16,4.262574501485156,388,388.064973436881,00:28:16,1695965.0,00:26:56,1616.0,05:25 Minuten pro Kilometer,5.413012889677059,5.03 Kilometer,5.03331,75.0,301 Meter,300.6,73 Meter,73.0,70 Meter,70.0,8.9,10,SSW,62,fair,no
1579593787,Freiburg im Breisgau Laufen,,"Sa, Feb 18, 2017 16:14",1487430879000,"Sa, Feb 18, 2017 16:41",1487432502000,vívoactive HR 3.30.0.0,Beliebiger Aktivitätstyp,Laufen,Nicht klassifiziert,(GMT+01:00) Mitteleuropäische Zeit,294 Meter,294.4,,,,,05:21,5.344191838789362,199.0,183.0,04:21,4.356159637919489,366,366.1080376704646,00:27:03,1622.89,00:26:48,1608.0,05:24 Minuten pro Kilometer,5.393743407642517,5.01 Kilometer,5.0147900000000005,93.0,294 Meter,294.4,72 Meter,72.0,72 Meter,72.0,10.0,6,NNO,58,mostly clear,no
1577715948,Freiburg im Breisgau Laufen,,"Do, Feb 16, 2017 16:22",1487258558000,"Do, Feb 16, 2017 16:50",1487260202000,vívoactive HR 3.30.0.0,Beliebiger Aktivitätstyp,Laufen,Nicht klassifiziert,(GMT+01:00) Mitteleuropäische Zeit,282 Meter,281.8,,,,,05:26,5.4375356449437655,204.0,191.0,04:50,4.828119100904081,387,387.1103240557325,00:27:22,1642292.0,00:27:01,1621.0,05:28 Minuten pro Kilometer,5.4698611887929856,4.97 Kilometer,4.96855,104.0,282 Meter,281.8,73 Meter,73.0,71 Meter,71.0,15.0,8,S,51,mostly clear,no
1559164359,Freiburg im Breisgau Laufen,,"So, Feb 5, 2017 13:56",1486299388000,"So, Feb 5, 2017 14:23",1486300997000,vívoactive HR 3.30.0.0,Beliebiger Aktivitätstyp,Laufen,Nicht klassifiziert,(GMT+01:00) Mitteleuropäische Zeit,279 Meter,279.2,,,,,04:59,4.977027993095819,199.0,177.0,03:25,3.4153004663558497,350,350.11766053622665,00:26:48,1607923.0,00:26:32,1592.0,05:02 Minuten pro Kilometer,5.026135929843007,5.33 Kilometer,5.33116,113.0,279 Meter,279.2,76 Meter,76.0,72 Meter,72.0,5.0,6,W ,100,light rain,yes
1559163234,Freiburg im Breisgau Laufen,,"Fr, Feb 3, 2017 14:30",1486128613000,"Fr, Feb 3, 2017 14:58",1486130300000,vívoactive HR 3.30.0.0,Beliebiger Aktivitätstyp,Laufen,Nicht klassifiziert,(GMT+01:00) Mitteleuropäische Zeit,273 Meter,272.6,,,,,05:26,5.430278555514756,204.0,192.0,05:04,5.0597046509550205,409,409.0672598221489,00:28:05,1685358.0,00:27:39,1659.0,05:31 Minuten pro Kilometer,5.516937163772707,5.09 Kilometer,5.091819999999999,132.0,273 Meter,272.6,74 Meter,74.0,68 Meter,68.0,12.2,14,S,62,partly cloudy,no
1503320032,Freiburg im Breisgau Laufen,,"Sa, Dez 31, 2016 11:04",1483178691000,"Sa, Dez 31, 2016 11:30",1483180250000,vívoactive HR 3.30.0.0,Beliebiger Aktivitätstyp,Laufen,Nicht klassifiziert,(GMT+01:00) Mitteleuropäische Zeit,747 Meter,747.2,,,,,05:03,5.054982752598005,207.0,176.0,04:29,4.4875246975179275,349,348.9243488097909,00:25:59,1559273.0,00:25:36,1536.0,05:08 Minuten pro Kilometer,5.1313630376367865,5.06 Kilometer,5.06431,115.0,747 Meter,747.2,84 Meter,84.0,75 Meter,75.0,-2.8,5,S,100,mist,yes
1503319978,Freiburg im Breisgau Laufen,,"Mo, Dez 26, 2016 10:51",1482745904000,"Mo, Dez 26, 2016 11:19",1482747573000,vívoactive HR 3.30.0.0,Beliebiger Aktivitätstyp,Laufen,Nicht klassifiziert,(GMT+01:00) Mitteleuropäische Zeit,302 Meter,302.4,,,,,05:22,5.363852799654263,202.0,180.0,04:32,4.533913528429252,371,370.8812845762073,00:27:49,1668864.0,00:27:09,1629.0,05:23 Minuten pro Kilometer,5.386769916651876,5.06 Kilometer,5.06166,117.0,302 Meter,302.4,75 Meter,75.0,69 Meter,69.0,7.2,13,S,93,cloudy,no
1495486864,Freiburg im Breisgau Laufen,,"So, Dez 25, 2016 15:52",1482677574000,"So, Dez 25, 2016 16:27",1482679622000,vívoactive HR 3.30.0.0,Beliebiger Aktivitätstyp,Laufen,Nicht klassifiziert,(GMT+01:00) Mitteleuropäische Zeit,417 Meter,416.8,,,,,06:10,6.160144380084689,208.0,182.0,04:26,4.432624124717941,457,457.0383912248629,00:34:08,2048066.0,00:33:51,2030874.0,06:13 Minuten pro Kilometer,6.211951592114136,5.49 Kilometer,5.49466,99.0,417 Meter,416.8,226 Meter,226.0,259 Meter,259.0,10.0,8,S,71,cloudy,no
1478424835,Freiburg im Breisgau Laufen,,"Sa, Dez 10, 2016 14:00",1481374831000,"Sa, Dez 10, 2016 14:27",1481376424000,vívoactive HR 3.30.0.0,Beliebiger Aktivitätstyp,Laufen,Nicht klassifiziert,(GMT+01:00) Mitteleuropäische Zeit,286 Meter,286.0,,,,,05:12,5.207910150804636,200.0,183.0,04:40,4.6633092384245005,370,369.92663519505885,00:26:33,1593417.0,00:26:17,1577.0,05:16 Minuten pro Kilometer,5.262603844513949,5.05 Kilometer,5.04681,90.0,286 Meter,286.0,79 Meter,79.0,73 Meter,73.0,7.2,2,SSO,66,fair,no
1469882231,Freiburg im Breisgau Laufen,,"Sa, Dez 3, 2016 11:00",1480759205000,"Sa, Dez 3, 2016 11:42",1480761731000,vívoactive HR 3.30.0.0,Beliebiger Aktivitätstyp,Laufen,Nicht klassifiziert,(GMT+01:00) Mitteleuropäische Zeit,459 Meter,458.8,,,,,06:00,6.005587150362944,195.0,177.0,04:30,4.4996400334318105,557,557.0379139001724,00:42:06,2525506.0,00:41:20,2480.0,06:02 Minuten pro Kilometer,6.040835913896818,6.88 Kilometer,6.88248,107.0,459 Meter,458.8,220 Meter,220.0,209 Meter,209.0,1.1,8,N,100,mist,yes
1469058571,Freiburg im Breisgau Laufen,,"Fr, Dez 2, 2016 14:51",1480686701000,"Fr, Dez 2, 2016 15:18",1480688312000,vívoactive HR 3.30.0.0,Beliebiger Aktivitätstyp,Laufen,Nicht klassifiziert,(GMT+01:00) Mitteleuropäische Zeit,303 Meter,302.8,,,,,05:09,5.147979832105446,195.0,174.0,04:19,4.314436196932063,351,351.0723099173752,00:26:51,1610618.0,00:25:58,1558.0,05:13 Minuten pro Kilometer,5.21648419871817,5.04 Kilometer,5.04405,99.0,303 Meter,302.8,78 Meter,78.0,74 Meter,74.0,3.9,6,N,87,mostly cloudy,no
1467778728,Freiburg im Breisgau Laufen,,"Do, Dez 1, 2016 14:56",1480600587000,"Do, Dez 1, 2016 15:42",1480603369000,vívoactive HR 3.30.0.0,Beliebiger Aktivitätstyp,Laufen,Nicht klassifiziert,(GMT+01:00) Mitteleuropäische Zeit,286 Meter,285.8,,,,,05:50,5.839962034083964,204.0,180.0,04:33,4.556223811215936,653,652.9801767056005,00:46:21,2780546.0,00:45:54,2754.0,05:54 Minuten pro Kilometer,5.895531390220442,7.86 Kilometer,7.85964,92.0,286 Meter,285.8,245 Meter,245.0,232 Meter,232.0,6.1,5,N,52,fair,no
1462453056,Freiburg im Breisgau Laufen,,"So, Nov 27, 2016 9:46",1480236416000,"So, Nov 27, 2016 10:33",1480239217000,vívoactive HR 3.30.0.0,Beliebiger Aktivitätstyp,Laufen,Nicht klassifiziert,(GMT+01:00) Mitteleuropäische Zeit,462 Meter,462.2,,,,,05:57,5.9418053426342405,204.0,167.0,04:29,4.4875246975179275,553,552.980654030291,00:46:41,2801078.0,00:45:57,2757.0,06:01 Minuten pro Kilometer,6.019019987438179,7.73 Kilometer,7.733339999999999,103.0,462 Meter,462.2,238 Meter,238.0,238 Meter,238.0,7.2,6,NNO,100,mist,no
1453109120,Freiburg im Breisgau Laufen,,"Sa, Nov 19, 2016 11:33",1479551618000,"Sa, Nov 19, 2016 12:01",1479553303000,vívoactive HR 3.30.0.0,Beliebiger Aktivitätstyp,Laufen,Nicht klassifiziert,(GMT+01:00) Mitteleuropäische Zeit,304 Meter,303.6,,,,,05:28,5.465355308058829,192.0,168.0,04:51,4.853426497556568,356,356.0842191684049,00:28:05,1685365.0,00:27:40,1660.0,05:33 Minuten pro Kilometer,5.548158106653797,5.06 Kilometer,5.06219,81.0,304 Meter,303.6,80 Meter,80.0,74 Meter,74.0,6.1,11,SSW,100,mostly cloudy,no
1449838811,Freiburg im Breisgau Laufen,,"Mi, Nov 16, 2016 16:40",1479310840000,"Mi, Nov 16, 2016 17:08",1479312503000,vívoactive HR 3.30.0.0,Beliebiger Aktivitätstyp,Laufen,Nicht klassifiziert,(GMT+01:00) Mitteleuropäische Zeit,303 Meter,303.2,,,,,05:26,5.426234252056116,199.0,179.0,04:34,4.568713447903655,393,393.0768826879108,00:27:43,1662805.0,00:27:29,1649.0,05:28 Minuten pro Kilometer,5.471656810831895,5.06 Kilometer,5.0649,100.0,303 Meter,303.2,73 Meter,73.0,68 Meter,68.0,10.0,16,S,100,mostly cloudy,no
1444300576,Freiburg im Breisgau Laufen,,"Sa, Nov 12, 2016 9:24",1478939047000,"Sa, Nov 12, 2016 9:50",1478940654000,vívoactive HR 3.30.0.0,Beliebiger Aktivitätstyp,Laufen,Nicht klassifiziert,(GMT+01:00) Mitteleuropäische Zeit,198 Meter,198.2,,,,,05:09,5.148246101343704,198.0,171.0,04:21,4.356159637919489,345,345.1057512851968,00:26:46,1606364.0,00:25:50,1550.0,05:12 Minuten pro Kilometer,5.19534506048546,5.02 Kilometer,5.01789,84.0,198 Meter,198.2,78 Meter,78.0,78 Meter,78.0,2.8,5,N,93,cloudy,no
1441979099,Freiburg im Breisgau Laufen,,"Do, Nov 10, 2016 15:24",1478787871000,"Do, Nov 10, 2016 15:50",1478789457000,vívoactive HR 3.30.0.0,Beliebiger Aktivitätstyp,Laufen,Nicht klassifiziert,(GMT+01:00) Mitteleuropäische Zeit,298 Meter,297.8,,,,,05:18,5.306033696309896,199.0,181.0,04:33,4.54504129131887,372,372.074596302643,00:26:26,1585784.0,00:25:58,1558.0,05:21 Minuten pro Kilometer,5.3453067682940505,4.89 Kilometer,4.8938,98.0,298 Meter,297.8,69 Meter,69.0,68 Meter,68.0,8.9,18,SW,76,light rain,yes
1441979057,Freiburg im Breisgau Laufen,,"Di, Nov 8, 2016 6:08",1478581735000,"Di, Nov 8, 2016 6:28",1478582888000,vívoactive HR 3.30.0.0,Beliebiger Aktivitätstyp,Laufen,Nicht klassifiziert,(GMT+01:00) Mitteleuropäische Zeit,304 Meter,304.4,,,,,05:19,5.317865246172155,201.0,173.0,04:49,4.814173073620979,253,252.98208600436283,00:19:13,1153068.0,00:18:35,1115.0,05:23 Minuten pro Kilometer,5.3902544067083715,3.49 Kilometer,3.49451,96.0,304 Meter,304.4,66 Meter,66.0,61 Meter,61.0,-1.1,5,S,100,fair,no
1415427085,Freiburg im Breisgau Laufen,,"Sa, Okt 22, 2016 10:15",1477124151000,"Sa, Okt 22, 2016 10:55",1477126545000,vívoactive HR 2.90.0.0,Beliebiger Aktivitätstyp,Laufen,Nicht klassifiziert,(GMT+01:00) Mitteleuropäische Zeit,452 Meter,452.2,,,,,05:49,5.823524940962404,194.0,171.0,04:35,4.580012900854209,527,526.9664583939933,00:39:54,2394325.0,00:39:23,2363.0,05:51 Minuten pro Kilometer,5.85617249598426,6.76 Kilometer,6.7628,89.0,452 Meter,452.2,215 Meter,215.0,208 Meter,208.0,7.8,10,SSW,76,mostly cloudy,no
1412741214,Freiburg im Breisgau Laufen,,"Do, Okt 20, 2016 6:14",1476936897000,"Do, Okt 20, 2016 6:42",1476938535000,vívoactive HR 2.90.0.0,Beliebiger Aktivitätstyp,Laufen,Nicht klassifiziert,(GMT+01:00) Mitteleuropäische Zeit,303 Meter,303.4,,,,,05:17,5.280914906168906,194.0,179.0,04:35,4.580012900854209,394,394.0315320690594,00:27:18,1637619.0,00:26:45,1605.0,05:20 Minuten pro Kilometer,5.3384582891326,5.07 Kilometer,5.06541,91.0,303 Meter,303.4,75 Meter,75.0,71 Meter,71.0,8.9,13,S,87,mostly cloudy,no
1407081922,Freiburg im Breisgau Laufen,,"Sa, Okt 15, 2016 12:00",1476525615000,"Sa, Okt 15, 2016 12:27",1476527224000,vívoactive HR 2.90.0.0,Beliebiger Aktivitätstyp,Laufen,Nicht klassifiziert,(GMT+01:00) Mitteleuropäische Zeit,196 Meter,195.6,,,,,05:14,5.229673440372544,191.0,173.0,04:27,4.453946073737134,377,377.0865055536728,00:26:49,1608685.0,00:26:26,1586.0,05:18 Minuten pro Kilometer,5.304477046191564,5.05 Kilometer,5.05449,96.0,196 Meter,195.6,70 Meter,70.0,74 Meter,74.0,16.1,18,SSW,59,fair,no
1403499506,Freiburg im Breisgau Laufen,,"Do, Okt 13, 2016 15:16",1476364618000,"Do, Okt 13, 2016 15:51",1476366665000,vívoactive HR 2.90.0.0,Beliebiger Aktivitätstyp,Laufen,Nicht klassifiziert,(GMT+01:00) Mitteleuropäische Zeit,196 Meter,196.0,,,,,05:02,5.038273066024392,188.0,171.0,04:02,4.041383698775513,465,464.91424861933837,00:34:07,2047443.0,00:33:37,2017.0,05:07 Minuten pro Kilometer,5.11404306375452,6.67 Kilometer,6.6722600000000005,98.0,196 Meter,196.0,83 Meter,83.0,81 Meter,81.0,11.1,8,N,62,fair,no
1399642711,Freiburg im Breisgau Laufen,,"Mo, Okt 10, 2016 17:24",1476113049000,"Mo, Okt 10, 2016 17:48",1476114503000,vívoactive HR 2.90.0.0,Beliebiger Aktivitätstyp,Laufen,Nicht klassifiziert,(GMT+01:00) Mitteleuropäische Zeit,304 Meter,304.2,,,,,04:42,4.706985370094114,192.0,174.0,04:04,4.069010223399052,340,340.09384203416687,00:24:14,1454497.0,00:23:42,1422.0,04:48 Minuten pro Kilometer,4.7920261711124725,5.04 Kilometer,5.035069999999999,97.0,304 Meter,304.2,75 Meter,75.0,70 Meter,70.0,12.2,10,NNO,67,mostly cloudy,no
1395194145,Freiburg im Breisgau Laufen,,"Fr, Okt 7, 2016 16:49",1475851768000,"Fr, Okt 7, 2016 17:42",1475854961000,vívoactive HR 2.90.0.0,Beliebiger Aktivitätstyp,Laufen,Nicht klassifiziert,(GMT+01:00) Mitteleuropäische Zeit,443 Meter,443.4,,,,,05:43,5.714670750077914,189.0,168.0,04:30,4.4996400334318105,710,710.0204772292258,00:53:13,3193345.0,00:52:19,3139.0,05:46 Minuten pro Kilometer,5.773005258807339,9.15 Kilometer,9.1548,83.0,443 Meter,443.4,216 Meter,216.0,213 Meter,213.0,13.9,8,NNO,63,mostly cloudy,no
1393848573,Freiburg im Breisgau Laufen,,"Do, Okt 6, 2016 15:30",1475760607000,"Do, Okt 6, 2016 16:53",1475765610000,vívoactive HR 2.90.0.0,Beliebiger Aktivitätstyp,Laufen,Nicht klassifiziert,(GMT+01:00) Mitteleuropäische Zeit,642 Meter,642.42,,,,,06:11,6.180548646396543,188.0,168.0,04:01,4.022849664554717,"1,199",1199.0396227225647,01:23:11,4990788.0,01:20:52,4852.0,06:15 Minuten pro Kilometer,6.251563150132585,13.08 Kilometer,13.084060000000001,82.0,642 Meter,642.42,499 Meter,498.89,509 Meter,509.47,12.2,19,NO,67,mostly cloudy,no
1389882184,Freiburg im Breisgau Laufen,,"Mo, Okt 3, 2016 16:36",1475505383000,"Mo, Okt 3, 2016 18:53",1475513612000,vívoactive 4.20.0.0,Beliebiger Aktivitätstyp,Laufen,Nicht klassifiziert,(GMT+01:00) Mitteleuropäische Zeit,280 Meter,279.6,,,,,27:42,27.70523577554905,,,04:04,4.059100556124212,386,385.9170123292968,00:24:12,1452105.0,02:16:45,8205.0,04:52 Minuten pro Kilometer,4.871869818205775,4.94 Kilometer,4.9358900000000006,,280 Meter,279.6,9 Meter,8.66,42 Meter,41.94,17.2,11,WNW,45,partly cloudy,no
1386523776,Freiburg im Breisgau Laufen,,"Sa, Okt 1, 2016 16:21",1475331702000,"Sa, Okt 1, 2016 17:00",1475334040000,vívoactive 4.20.0.0,Beliebiger Aktivitätstyp,Laufen,Nicht klassifiziert,(GMT+01:00) Mitteleuropäische Zeit,446 Meter,446.34,,,,,05:34,5.567828516167615,,,04:08,4.125412580207591,542,542.0021861470829,00:38:57,2337271.0,00:38:11,2291.0,05:40 Minuten pro Kilometer,5.670863315140022,6.86 Kilometer,6.85785,,446 Meter,446.34,205 Meter,205.19,207 Meter,206.89,17.2,11,S,94,light rain,yes
1385830022,Freiburg im Breisgau Laufen,,"Fr, Sep 30, 2016 16:13",1475244818000,"Fr, Sep 30, 2016 16:38",1475246328000,vívoactive 4.20.0.0,Beliebiger Aktivitätstyp,Laufen,Nicht klassifiziert,(GMT+01:00) Mitteleuropäische Zeit,319 Meter,319.17,,,,,04:58,4.969683054455896,,,04:21,4.345936506097091,398,398.08879193894063,00:25:10,1509.78,00:24:54,1494.0,05:01 Minuten pro Kilometer,5.021592840594421,5.01 Kilometer,5.0103800000000005,,319 Meter,319.17,76 Meter,76.33,79 Meter,79.46,22.2,8,W ,53,fair,no
1380895815,Freiburg im Breisgau Laufen,,"Di, Sep 27, 2016 13:58",1474977532000,"Di, Sep 27, 2016 15:06",1474981615000,vívoactive 4.20.0.0,Beliebiger Aktivitätstyp,Laufen,Nicht klassifiziert,(GMT+01:00) Mitteleuropäische Zeit,316 Meter,316.25,,,,,05:52,5.874586060567546,181.0,167.0,04:35,4.591368082982449,865,864.9123393205763,01:08:03,4082988.0,01:07:10,4030.0,05:57 Minuten pro Kilometer,5.952381053749397,11.43 Kilometer,11.43343,89.0,316 Meter,316.25,167 Meter,167.35,170 Meter,169.83,20.0,6,N,60,mostly clear,no
1375924642,Freiburg im Breisgau Laufen,,"Sa, Sep 24, 2016 12:36",1474713378000,"Sa, Sep 24, 2016 13:02",1474714923000,vívoactive 4.20.0.0,Beliebiger Aktivitätstyp,Laufen,Nicht klassifiziert,(GMT+01:00) Mitteleuropäische Zeit,308 Meter,307.59,,,,,04:57,4.953583155264727,,,04:09,4.154203967605183,398,398.08879193894063,00:25:46,1545.8,00:25:04,1504.0,05:03 Minuten pro Kilometer,5.047445922354005,5.06 Kilometer,5.060309999999999,,308 Meter,307.59,69 Meter,69.16,72 Meter,71.91,17.2,2,N,68,fair,no
1374757819,Freiburg im Breisgau Laufen,,"Fr, Sep 23, 2016 14:25",1474633543000,"Fr, Sep 23, 2016 15:42",1474638170000,vívoactive 4.20.0.0,Beliebiger Aktivitätstyp,Laufen,Nicht klassifiziert,(GMT+01:00) Mitteleuropäische Zeit,457 Meter,456.66,,,,,06:18,6.2942024652122655,,,04:16,4.2735041690034725,923,922.9072892253497,01:17:07,4627317.0,01:15:23,4523.0,06:23 Minuten pro Kilometer,6.3808065619024505,11.98 Kilometer,11.97663,,457 Meter,456.66,390 Meter,390.34,393 Meter,392.94,20.0,8,NW,53,mostly clear,no
1368959971,Freiburg im Breisgau Laufen,,"Mo, Sep 19, 2016 13:40",1474285258000,"Mo, Sep 19, 2016 14:36",1474288601000,vívoactive 4.20.0.0,Beliebiger Aktivitätstyp,Laufen,Nicht klassifiziert,(GMT+01:00) Mitteleuropäische Zeit,444 Meter,443.88,,,,,06:04,6.065243613376139,,,04:08,4.125412580207591,712,711.9297759915227,00:55:43,3342627.0,00:54:51,3291.0,06:10 Minuten pro Kilometer,6.1614296254145815,9.04 Kilometer,9.043330000000001,,444 Meter,443.88,211 Meter,211.33,215 Meter,215.1,17.8,5,N,64,mostly cloudy,no
1365322706,Freiburg im Breisgau Laufen,,"Sa, Sep 17, 2016 11:22",1474104170000,"Sa, Sep 17, 2016 12:33",1474108380000,vívoactive 4.20.0.0,Beliebiger Aktivitätstyp,Laufen,Nicht klassifiziert,(GMT+01:00) Mitteleuropäische Zeit,318 Meter,317.6,,,,,06:03,6.048739889464247,,,04:15,4.2430414409287405,892,891.8811843380223,01:10:10,4210274.0,01:09:14,4154.0,06:07 Minuten pro Kilometer,6.120700096634092,11.45 Kilometer,11.445910000000001,,318 Meter,317.6,182 Meter,182.34,183 Meter,183.39,17.8,3,N,73,fair,no
1364120580,Freiburg im Breisgau Laufen,,"Fr, Sep 16, 2016 15:02",1474030956000,"Fr, Sep 16, 2016 15:28",1474032502000,vívoactive 4.20.0.0,Beliebiger Aktivitätstyp,Laufen,Nicht klassifiziert,(GMT+01:00) Mitteleuropäische Zeit,309 Meter,308.63,,,,,05:03,5.04250787429896,,,04:23,4.377900448916245,388,388.064973436881,00:25:46,1546454.0,00:25:19,1519.0,05:08 Minuten pro Kilometer,5.132943262814937,5.02 Kilometer,5.02065,,309 Meter,308.63,70 Meter,69.76,72 Meter,72.5,18.9,6,N,64,mostly cloudy,no
1361005812,Freiburg im Breisgau Laufen,,"Mi, Sep 14, 2016 14:35",1473856504000,"Mi, Sep 14, 2016 15:14",1473858842000,vívoactive 4.20.0.0,Beliebiger Aktivitätstyp,Laufen,Nicht klassifiziert,(GMT+01:00) Mitteleuropäische Zeit,457 Meter,456.73,,,,,06:18,6.292356130221658,,,04:08,4.134623194954745,453,452.9811313549816,00:38:58,2338116.0,00:38:26,2306.0,06:23 Minuten pro Kilometer,6.3808065619024505,6.11 Kilometer,6.10794,,457 Meter,456.73,217 Meter,216.91,217 Meter,217.28,27.2,5,N,48,fair,no
1356756720,Freiburg im Breisgau Laufen,,"Mo, Sep 12, 2016 17:46",1473695185000,"Mo, Sep 12, 2016 18:27",1473697672000,vívoactive 4.20.0.0,Beliebiger Aktivitätstyp,Laufen,Nicht klassifiziert,(GMT+01:00) Mitteleuropäische Zeit,319 Meter,319.13,,,,,05:39,5.6517376254391705,,,04:17,4.283388981695731,567,567.061732402232,00:41:27,2487433.0,00:40:47,2447.0,05:45 Minuten pro Kilometer,5.7451453068496106,7.22 Kilometer,7.216069999999999,,319 Meter,319.13,116 Meter,116.08,114 Meter,113.96,31.1,3,N,33,fair,no
1346243421,Freiburg im Breisgau Laufen,,"Do, Sep 8, 2016 12:49",1473331763000,"Do, Sep 8, 2016 13:16",1473333386000,vívoactive 4.20.0.0,Beliebiger Aktivitätstyp,Laufen,Nicht klassifiziert,(GMT+01:00) Mitteleuropäische Zeit,308 Meter,307.59,,,,,05:16,5.274532441524866,,,04:41,4.6763937079346,396,395.9408308313565,00:27:04,1623609.0,00:26:42,1602.0,05:21 Minuten pro Kilometer,5.3453067682940505,5.06 Kilometer,5.06206,,308 Meter,307.59,69 Meter,69.46,73 Meter,73.04,27.2,11,SSW,48,fair,no
1342292594,Freiburg im Breisgau Laufen,,"Di, Sep 6, 2016 14:25",1473164726000,"Di, Sep 6, 2016 15:12",1473167570000,vívoactive 4.20.0.0,Beliebiger Aktivitätstyp,Laufen,Nicht klassifiziert,(GMT+01:00) Mitteleuropäische Zeit,456 Meter,456.46,,,,,06:12,6.193027298256454,,,04:08,4.125412580207591,562,562.0498231512022,00:47:24,2843858.0,00:47:00,2820.0,06:15 Minuten pro Kilometer,6.2445362407120735,7.59 Kilometer,7.589180000000001,,456 Meter,456.46,210 Meter,209.94,213 Meter,212.86,22.8,11,N,53,mostly clear,no
1336112517,Freiburg im Breisgau Laufen,,"Sa, Sep 3, 2016 18:24",1472919850000,"Sa, Sep 3, 2016 19:02",1472922168000,vívoactive 4.20.0.0,Beliebiger Aktivitätstyp,Laufen,Nicht klassifiziert,(GMT+01:00) Mitteleuropäische Zeit,457 Meter,456.65,,,,,06:12,6.203004226677153,,,03:50,3.8252621409708114,441,441.04801409062486,00:38:38,2318393.0,00:37:42,2262.0,06:17 Minuten pro Kilometer,6.279829084844281,6.08 Kilometer,6.0777,,457 Meter,456.65,213 Meter,212.98,213 Meter,213.32,27.8,10,S,37,fair,no
1333212708,Freiburg im Breisgau Laufen,,"Fr, Sep 2, 2016 10:15",1472804148000,"Fr, Sep 2, 2016 11:31",1472808701000,vívoactive 4.20.0.0,Beliebiger Aktivitätstyp,Laufen,Nicht klassifiziert,(GMT+01:00) Mitteleuropäische Zeit,494 Meter,494.14,,,,,05:58,5.970319602251041,,,00:29,0.4868454198191163,956,956.0813552202617,01:15:53,4553183.0,01:13:50,4430.0,06:08 Minuten pro Kilometer,6.136475027644322,12.37 Kilometer,12.36673,,494 Meter,494.14,517 Meter,516.85,518 Meter,518.29,21.1,3,N,60,fair,no
1328511240,Freiburg im Breisgau Laufen,,"Di, Aug 30, 2016 17:16",1472570183000,"Di, Aug 30, 2016 17:42",1472571749000,vívoactive 4.20.0.0,Beliebiger Aktivitätstyp,Laufen,Nicht klassifiziert,(GMT+01:00) Mitteleuropäische Zeit,310 Meter,310.01,,,,,05:05,5.080064088582185,,,03:15,3.247596797695918,397,396.89548021250505,00:26:05,1565254.0,00:25:53,1553.0,05:07 Minuten pro Kilometer,5.120327520949828,5.10 Kilometer,5.09508,,310 Meter,310.01,70 Meter,69.69,72 Meter,71.5,26.1,21,N,45,fair,no
1324421362,Freiburg im Breisgau Laufen,,"So, Aug 28, 2016 7:31",1472362264000,"So, Aug 28, 2016 8:00",1472364016000,vívoactive 4.20.0.0,Beliebiger Aktivitätstyp,Laufen,Nicht klassifiziert,(GMT+01:00) Mitteleuropäische Zeit,309 Meter,308.74,,,,,05:34,5.573052091616087,,,04:25,4.410337780679936,384,384.00771356699966,00:29:12,1752432.0,00:28:05,1685.0,05:41 Minuten pro Kilometer,5.690224387516296,5.04 Kilometer,5.03913,,309 Meter,308.74,73 Meter,72.83,73 Meter,72.96,18.9,3,S,88,fair,no
1323339525,Freiburg im Breisgau Laufen,,"Sa, Aug 27, 2016 11:36",1472290570000,"Sa, Aug 27, 2016 12:03",1472292191000,vívoactive 4.20.0.0,Beliebiger Aktivitätstyp,Laufen,Nicht klassifiziert,(GMT+01:00) Mitteleuropäische Zeit,308 Meter,308.36,,,,,05:16,5.2644038883028275,,,04:31,4.521613178264238,394,394.0315320690594,00:27:01,1621003.0,00:26:32,1592.0,05:21 Minuten pro Kilometer,5.355612701785599,5.04 Kilometer,5.04014,,308 Meter,308.36,63 Meter,63.23,66 Meter,66.12,27.8,3,N,58,fair,no
1320313680,Freiburg im Breisgau Laufen,,"Do, Aug 25, 2016 12:32",1472121147000,"Do, Aug 25, 2016 13:21",1472124070000,vívoactive 4.20.0.0,Beliebiger Aktivitätstyp,Laufen,Nicht klassifiziert,(GMT+01:00) Mitteleuropäische Zeit,457 Meter,456.81,,,,,06:18,6.30478694301895,,,04:36,4.604051710927782,577,577.0855509042917,00:48:43,2923316.0,00:48:02,2882.0,06:24 Minuten pro Kilometer,6.39549770077632,7.62 Kilometer,7.61855,,457 Meter,456.81,220 Meter,219.57,222 Meter,222.48,26.1,6,SW,54,fair,no
1318476604,Freiburg im Breisgau Laufen,,"Di, Aug 23, 2016 17:33",1471966393000,"Di, Aug 23, 2016 17:50",1471967432000,vívoactive 4.20.0.0,Beliebiger Aktivitätstyp,Laufen,Nicht klassifiziert,(GMT+01:00) Mitteleuropäische Zeit,307 Meter,307.47,,,,,04:59,4.976330608573972,,,04:15,4.252785671831915,266,266.1085149951552,00:17:19,1039213.0,00:17:02,1022.0,05:04 Minuten pro Kilometer,5.0597046509550205,3.42 Kilometer,3.4228699999999996,,307 Meter,307.47,70 Meter,70.32,70 Meter,70.06,27.8,14,NNO,48,fair,no
1315677029,Freiburg im Breisgau Laufen,,"Mo, Aug 22, 2016 14:01",1471867290000,"Mo, Aug 22, 2016 14:29",1471868974000,vívoactive 4.20.0.0,Beliebiger Aktivitätstyp,Laufen,Nicht klassifiziert,(GMT+01:00) Mitteleuropäische Zeit,311 Meter,310.62,,,,,05:31,5.509076270088255,,,03:36,3.6012678154101585,398,398.08879193894063,00:28:04,1684077.0,00:27:39,1659.0,05:36 Minuten pro Kilometer,5.592841127513988,5.02 Kilometer,5.0189900000000005,,311 Meter,310.62,72 Meter,72.07,76 Meter,75.56,21.1,3,N,49,partly cloudy,no
1315677016,Freiburg im Breisgau Laufen,,"So, Aug 21, 2016 9:15",1471763745000,"So, Aug 21, 2016 9:41",1471765292000,vívoactive 4.20.0.0,Beliebiger Aktivitätstyp,Laufen,Nicht klassifiziert,(GMT+01:00) Mitteleuropäische Zeit,313 Meter,313.37,,,,,05:03,5.056336444197726,,,04:23,4.388274418061673,400,399.99809070123774,00:25:47,1547056.0,00:25:24,1524.0,05:08 Minuten pro Kilometer,5.132943262814937,5.02 Kilometer,5.0234,,313 Meter,313.37,64 Meter,64.3,68 Meter,67.51,17.2,11,SW,88,mostly clear,no
1310687218,Freiburg im Breisgau Laufen,,"Fr, Aug 19, 2016 9:12",1471590727000,"Fr, Aug 19, 2016 10:00",1471593608000,vívoactive 4.20.0.0,Beliebiger Aktivitätstyp,Laufen,Nicht klassifiziert,(GMT+01:00) Mitteleuropäische Zeit,457 Meter,456.78,,,,,06:07,6.115801444260297,,,04:12,4.202386870907503,581,580.9041484288857,00:48:02,2881632.0,00:47:23,2843.0,06:12 Minuten pro Kilometer,6.1980912385705285,7.75 Kilometer,7.7476899999999995,,457 Meter,456.78,241 Meter,240.93,244 Meter,243.6,17.8,6,SSW,94,mostly clear,no
1308419266,Freiburg im Breisgau Laufen,,"Mi, Aug 17, 2016 14:36",1471437385000,"Mi, Aug 17, 2016 15:03",1471439024000,vívoactive 4.20.0.0,Beliebiger Aktivitätstyp,Laufen,Nicht klassifiziert,(GMT+01:00) Mitteleuropäische Zeit,308 Meter,308.38,,,,,05:25,5.411069551128828,,,03:57,3.9429064902117337,384,384.00771356699966,00:27:19,1638948.0,00:26:46,1606.0,05:31 Minuten pro Kilometer,5.522421235296368,4.95 Kilometer,4.94665,,308 Meter,308.38,63 Meter,63.16,65 Meter,65.26,22.2,13,NNO,65,fair,no
1305068132,Freiburg im Breisgau Laufen,,"Mo, Aug 15, 2016 15:46",1471268819000,"Mo, Aug 15, 2016 17:03",1471273433000,vívoactive 4.0.0.0,Beliebiger Aktivitätstyp,Laufen,Nicht klassifiziert,(GMT+01:00) Mitteleuropäische Zeit,457 Meter,456.68,,,,,06:27,6.443171472351845,,,04:10,4.163544234818469,891,890.9265349568738,01:16:54,4613658.0,01:16:04,4564.0,06:31 Minuten pro Kilometer,6.51296075314059,11.81 Kilometer,11.80578,,457 Meter,456.68,361 Meter,360.92,364 Meter,364.08,27.2,13,NNO,54,mostly clear,no
1301508121,Freiburg im Breisgau Laufen,,"Sa, Aug 13, 2016 8:10",1471068651000,"Sa, Aug 13, 2016 8:55",1471071302000,vívoactive 4.0.0.0,Beliebiger Aktivitätstyp,Laufen,Nicht klassifiziert,(GMT+01:00) Mitteleuropäische Zeit,450 Meter,450.34,,,,,06:16,6.271423841722001,,,04:17,4.283388981695731,545,545.1047966358157,00:44:11,2650989.0,00:43:07,2587.0,06:20 Minuten pro Kilometer,6.3371353389502225,6.88 Kilometer,6.8751,,450 Meter,450.34,204 Meter,203.82,204 Meter,204.42,20.0,10,SSW,68,fair,no
1300004132,Freiburg im Breisgau Laufen,,"Fr, Aug 12, 2016 11:55",1470995725000,"Fr, Aug 12, 2016 12:23",1470997417000,vívoactive 4.0.0.0,Beliebiger Aktivitätstyp,Laufen,Nicht klassifiziert,(GMT+01:00) Mitteleuropäische Zeit,308 Meter,308.05,,,,,05:41,5.682957811507859,,,04:41,4.688232448296311,387,387.1103240557325,00:28:12,1691835.0,00:27:52,1672.0,05:45 Minuten pro Kilometer,5.751092703829305,4.90 Kilometer,4.90355,,308 Meter,308.05,63 Meter,62.59,53 Meter,53.17,18.9,13,S,60,mostly cloudy,no
1298666930,Freiburg im Breisgau Laufen,,"Do, Aug 11, 2016 12:33",1470911632000,"Do, Aug 11, 2016 13:20",1470914453000,vívoactive 4.0.0.0,Beliebiger Aktivitätstyp,Laufen,Nicht klassifiziert,(GMT+01:00) Mitteleuropäische Zeit,457 Meter,456.79,,,,,06:06,6.104925843170157,,,04:06,4.1061016516414215,576,575.892239177856,00:47:01,2820967.0,00:46:24,2784.0,06:11 Minuten pro Kilometer,6.186587465206656,7.60 Kilometer,7.60042,,457 Meter,456.79,218 Meter,218.23,222 Meter,221.96,17.2,5,N,63,mostly clear,no
1296783447,Freiburg im Breisgau Laufen,,"Di, Aug 9, 2016 10:51",1470732708000,"Di, Aug 9, 2016 11:49",1470736178000,vívoactive 3.80.0.0,Beliebiger Aktivitätstyp,Laufen,Nicht klassifiziert,(GMT+01:00) Mitteleuropäische Zeit,309 Meter,309.41,,,,,05:40,5.665881322112121,,,04:15,4.2430414409287405,804,804.0534412723567,00:57:49,3468729.0,00:56:49,3409.0,05:43 Minuten pro Kilometer,5.719514917742862,10.03 Kilometer,10.02786,,309 Meter,309.41,134 Meter,134.5,133 Meter,132.61,17.2,6,NO,77,mostly cloudy,no
1293702794,Neufahrn bei Freising Laufen,,"So, Aug 7, 2016 9:26",1470554772000,"So, Aug 7, 2016 9:54",1470556493000,vívoactive 3.80.0.0,Beliebiger Aktivitätstyp,Laufen,Nicht klassifiziert,(GMT+01:00) Mitteleuropäische Zeit,468 Meter,467.57,,,,,05:20,5.335301706591629,,,04:29,4.4875246975179275,415,415.03381845432716,00:28:41,1720528.0,00:28:20,1700.0,05:24 Minuten pro Kilometer,5.3989851776289255,5.31 Kilometer,5.3105400000000005,,468 Meter,467.57,4 Meter,3.57,5 Meter,4.93,17.8,5,N,83,fair,no
1293702779,Neufahrn bei Freising Laufen,,"Sa, Aug 6, 2016 9:19",1470467954000,"Sa, Aug 6, 2016 9:45",1470469555000,vívoactive 3.80.0.0,Beliebiger Aktivitätstyp,Laufen,Nicht klassifiziert,(GMT+01:00) Mitteleuropäische Zeit,467 Meter,467.49,,,,,04:54,4.899631303677418,,,04:02,4.041383698775513,417,416.9431172166243,00:26:41,1601091.0,00:25:59,1559.0,05:01 Minuten pro Kilometer,5.015548268510455,5.30 Kilometer,5.30312,,467 Meter,467.49,3 Meter,3.46,5 Meter,4.7,15.0,5,W ,94,mostly cloudy,no
1288185545,Freiburg im Breisgau Laufen,,"Do, Aug 4, 2016 14:48",1470314896000,"Do, Aug 4, 2016 15:16",1470316571000,vívoactive 3.80.0.0,Beliebiger Aktivitätstyp,Laufen,Nicht klassifiziert,(GMT+01:00) Mitteleuropäische Zeit,308 Meter,307.63,,,,,05:18,5.306796263794932,,,03:56,3.934529373588775,395,394.986181450208,00:27:55,1674758.0,00:26:51,1611.0,05:27 Minuten pro Kilometer,5.451968299973059,5.06 Kilometer,5.05955,,308 Meter,307.63,71 Meter,70.55,74 Meter,74.27,22.8,16,NNO,65,mostly clear,no
1286283124,Freiburg im Breisgau Laufen,,"Mi, Aug 3, 2016 13:34",1470224091000,"Mi, Aug 3, 2016 14:22",1470226936000,vívoactive 3.80.0.0,Beliebiger Aktivitätstyp,Laufen,Nicht klassifiziert,(GMT+01:00) Mitteleuropäische Zeit,457 Meter,456.89,,,,,06:11,6.178776440614717,,,04:21,4.356159637919489,589,589.0186681686483,00:47:25,2844718.0,00:46:50,2810.0,06:15 Minuten pro Kilometer,6.2562561756288115,7.58 Kilometer,7.57971,,457 Meter,456.89,218 Meter,217.63,221 Meter,220.75,25.0,18,SSW,57,mostly clear,no
1281813186,Freiburg im Breisgau Laufen,,"So, Jul 31, 2016 10:36",1469954170000,"So, Jul 31, 2016 11:35",1469957734000,vívoactive 3.80.0.0,Beliebiger Aktivitätstyp,Laufen,Fitness,(GMT+01:00) Mitteleuropäische Zeit,313 Meter,312.97,,,,,05:50,5.836758976870146,,,03:27,3.454947569492872,825,825.0557276576246,00:59:25,3564639.0,00:58:40,3520.0,05:55 Minuten pro Kilometer,5.9101656245435406,10.05 Kilometer,10.05124,,313 Meter,312.97,135 Meter,134.9,137 Meter,136.54,21.1,13,NW,69,fair,no
1279484235,Freiburg im Breisgau Laufen,,"Sa, Jul 30, 2016 8:28",1469860133000,"Sa, Jul 30, 2016 9:18",1469863114000,vívoactive 3.80.0.0,Beliebiger Aktivitätstyp,Laufen,Nicht klassifiziert,(GMT+01:00) Mitteleuropäische Zeit,456 Meter,456.12,,,,,06:31,6.52300125209802,,,04:09,4.154203967605183,579,578.9948496665887,00:49:42,2981592.0,00:49:06,2946.0,06:36 Minuten pro Kilometer,6.600659816704433,7.53 Kilometer,7.52721,,456 Meter,456.12,216 Meter,215.56,219 Meter,218.94,21.1,5,N,78,mostly clear,no
1275047500,Freiburg im Breisgau Laufen,,"Mi, Jul 27, 2016 17:34",1469633694000,"Mi, Jul 27, 2016 18:03",1469635416000,vívoactive 3.80.0.0,Beliebiger Aktivitätstyp,Laufen,Nicht klassifiziert,(GMT+01:00) Mitteleuropäische Zeit,308 Meter,307.92,,,,,05:19,5.3187955230873945,,,04:06,4.097017532713789,392,391.88357096147524,00:28:42,1721774.0,00:26:24,1584.0,05:22 Minuten pro Kilometer,5.369415649188783,4.96 Kilometer,4.96353,,308 Meter,307.92,68 Meter,67.72,71 Meter,70.9,26.1,6,N,45,fair,no
1273607968,Freiburg im Breisgau Laufen,,"Di, Jul 26, 2016 18:31",1469550703000,"Di, Jul 26, 2016 18:49",1469551783000,vívoactive 3.80.0.0,Beliebiger Aktivitätstyp,Laufen,Nicht klassifiziert,(GMT+01:00) Mitteleuropäische Zeit,308 Meter,308.42,,,,,05:02,5.0328559543888,,,04:08,4.134623194954745,273,273.0297230084821,00:17:59,1079439.0,00:17:23,1043.0,05:06 Minuten pro Kilometer,5.101520315581451,3.45 Kilometer,3.4539699999999995,,308 Meter,308.42,63 Meter,62.78,64 Meter,63.85,27.2,8,NW,48,fair,no
1268238762,Freiburg im Breisgau Laufen,,"Sa, Jul 23, 2016 8:57",1469257066000,"Sa, Jul 23, 2016 9:39",1469259583000,vívoactive 3.80.0.0,Beliebiger Aktivitätstyp,Laufen,Nicht klassifiziert,(GMT+01:00) Mitteleuropäische Zeit,457 Meter,456.65,,,,,06:47,6.77599100431466,,,03:41,3.690581804008656,435,435.08145545844656,00:41:57,2517022.0,00:40:47,2447.0,06:54 Minuten pro Kilometer,6.898455062010214,6.02 Kilometer,6.0188,,457 Meter,456.65,207 Meter,206.98,210 Meter,209.81,20.0,2,N,88,fair,no
1265510007,Freiburg im Breisgau Laufen,,"Do, Jul 21, 2016 8:05",1469081156000,"Do, Jul 21, 2016 8:34",1469082870000,vívoactive 3.80.0.0,Beliebiger Aktivitätstyp,Laufen,Nicht klassifiziert,(GMT+01:00) Mitteleuropäische Zeit,308 Meter,308.36,,,,,05:43,5.7223039008055165,,,04:25,4.420866512198408,396,395.9408308313565,00:28:34,1714025.0,00:28:14,1694.0,05:39 Minuten pro Kilometer,5.651633548661943,4.93 Kilometer,4.93391,,308 Meter,308.36,66 Meter,65.96,70 Meter,69.73,18.9,3,N,94,fair,no
1263971527,Freiburg im Breisgau Laufen,,"Di, Jul 19, 2016 17:40",1468942847000,"Di, Jul 19, 2016 18:09",1468944546000,vívoactive 3.80.0.0,Beliebiger Aktivitätstyp,Laufen,Nicht klassifiziert,(GMT+01:00) Mitteleuropäische Zeit,313 Meter,312.59,,,,,05:22,5.36374578860196,,,03:10,3.1727902829908667,413,412.885857346743,00:28:20,1699923.0,00:26:51,1611.0,05:29 Minuten pro Kilometer,5.489679378580876,5.01 Kilometer,5.0058300000000004,,313 Meter,312.59,71 Meter,71.16,74 Meter,73.86,31.1,13,NNO,43,fair,no
1260175899,Freiburg im Breisgau Laufen,,"So, Jul 17, 2016 10:06",1468742778000,"So, Jul 17, 2016 10:53",1468745607000,vívoactive 3.80.0.0,Beliebiger Aktivitätstyp,Laufen,Nicht klassifiziert,(GMT+01:00) Mitteleuropäische Zeit,457 Meter,456.51,,,,,06:24,6.402619721413343,,,04:22,4.36757513975644,564,563.9591219134992,00:47:10,2829574.0,00:46:39,2799.0,06:27 Minuten pro Kilometer,6.4524456150102605,7.29 Kilometer,7.28608,,457 Meter,456.51,208 Meter,208.43,212 Meter,211.72,22.2,,,69,fair,no
1257020376,Freiburg im Breisgau Laufen,,"Fr, Jul 15, 2016 13:18",1468581494000,"Fr, Jul 15, 2016 13:56",1468583819000,vívoactive 3.70.0.0,Beliebiger Aktivitätstyp,Laufen,Nicht klassifiziert,(GMT+01:00) Mitteleuropäische Zeit,397 Meter,396.58,,,,,05:57,5.941989274670214,,,04:41,4.688232448296311,516,515.9879905107853,00:38:45,2325462.0,00:37:57,2277.0,06:03 Minuten pro Kilometer,6.049606524262846,6.39 Kilometer,6.38675,,397 Meter,396.58,158 Meter,157.62,161 Meter,161.02,17.8,13,NNW,52,mostly cloudy,no
1257020317,Freiburg im Breisgau Laufen,,"Do, Jul 14, 2016 15:09",1468501777000,"Do, Jul 14, 2016 15:36",1468503402000,vívoactive 3.70.0.0,Beliebiger Aktivitätstyp,Laufen,Nicht klassifiziert,(GMT+01:00) Mitteleuropäische Zeit,307 Meter,307.26,,,,,05:24,5.398741240609616,,,03:41,3.6832411746752296,406,405.96464933341616,00:27:05,1625014.0,00:26:48,1608.0,05:24 Minuten pro Kilometer,5.400734559976074,4.96 Kilometer,4.964119999999999,,307 Meter,307.26,68 Meter,68.01,71 Meter,71.37,16.1,18,WNW,63,showers,yes
1251515952,Freiburg im Breisgau Laufen,,"Mo, Jul 11, 2016 18:18",1468253895000,"Mo, Jul 11, 2016 18:37",1468255041000,vívoactive 3.70.0.0,Beliebiger Aktivitätstyp,Laufen,Nicht klassifiziert,(GMT+01:00) Mitteleuropäische Zeit,309 Meter,308.56,,,,,05:29,5.489506239213645,,,03:48,3.800835985569976,281,280.90558040295747,00:19:07,1146531.0,00:18:47,1127.0,05:35 Minuten pro Kilometer,5.585344117885738,3.42 Kilometer,3.4216800000000003,,309 Meter,308.56,70 Meter,70.44,70 Meter,69.74,22.2,8,NO,78,partly cloudy,no
1249069863,Freiburg im Breisgau Laufen,,"So, Jul 10, 2016 8:35",1468132503000,"So, Jul 10, 2016 9:02",1468134131000,vívoactive 3.70.0.0,Beliebiger Aktivitätstyp,Laufen,Nicht klassifiziert,(GMT+01:00) Mitteleuropäische Zeit,308 Meter,308.38,,,,,05:21,5.351378437519203,,,04:48,4.8016902556358705,408,408.1126104410003,00:27:09,1628879.0,00:26:49,1609.0,05:25 Minuten pro Kilometer,5.418292197989629,5.01 Kilometer,5.01117,,308 Meter,308.38,69 Meter,68.7,72 Meter,71.93,22.2,2,N,69,fair,no
1246713325,Freiburg im Breisgau Laufen,,"Fr, Jul 8, 2016 11:31",1467970297000,"Fr, Jul 8, 2016 12:00",1467972028000,vívoactive 3.70.0.0,Beliebiger Aktivitätstyp,Laufen,Nicht klassifiziert,(GMT+01:00) Mitteleuropäische Zeit,308 Meter,307.83,,,,,05:45,5.743239435918361,,,04:39,4.651595569065275,421,421.00037708650564,00:28:51,1731459.0,00:28:32,1712.0,05:38 Minuten pro Kilometer,5.636343107849991,4.97 Kilometer,4.96816,,308 Meter,307.83,64 Meter,63.85,67 Meter,66.63,25.0,11,S,54,fair,no
1242848513,Freiburg im Breisgau Laufen,,"Di, Jul 5, 2016 18:50",1467737452000,"Di, Jul 5, 2016 19:09",1467738566000,vívoactive 3.70.0.0,Beliebiger Aktivitätstyp,Laufen,Nicht klassifiziert,(GMT+01:00) Mitteleuropäische Zeit,308 Meter,307.87,,,,,05:21,5.357472148675341,,,04:12,4.192872217994998,285,284.96284027283883,00:18:34,1113533.0,00:18:18,1098.0,05:23 Minuten pro Kilometer,5.388511806049423,3.42 Kilometer,3.4157900000000003,,308 Meter,307.87,68 Meter,67.94,68 Meter,67.6,25.0,16,WNW,41,fair,no
1238253380,Dolcedo Laufen,,"Fr, Jul 1, 2016 16:15",1467382513000,"Fr, Jul 1, 2016 16:35",1467383734000,vívoactive 3.50.0.0,Beliebiger Aktivitätstyp,Laufen,Nicht klassifiziert,(GMT+01:00) Mitteleuropäische Zeit,326 Meter,326.01,,,,,05:35,5.587167899877783,,,03:49,3.8165024670435135,281,280.90558040295747,00:20:21,1221244.0,00:18:04,1084.0,05:43 Minuten pro Kilometer,5.721478220235791,3.23 Kilometer,3.2336,,326 Meter,326.01,84 Meter,84.03,81 Meter,80.57,23.9,13,NO,78,mostly clear,no
1235134799,Dolcedo Laufen,,"Mi, Jun 29, 2016 16:20",1467210043000,"Mi, Jun 29, 2016 16:40",1467211207000,vívoactive 3.50.0.0,Beliebiger Aktivitätstyp,Laufen,Nicht klassifiziert,(GMT+01:00) Mitteleuropäische Zeit,326 Meter,325.69,,,,,06:02,6.033627387501979,,,03:07,3.122853101034919,279,278.99628164066047,00:19:24,1163724.0,00:19:14,1154.0,06:02 Minuten pro Kilometer,6.027727318022749,3.19 Kilometer,3.1876900000000004,,326 Meter,325.69,72 Meter,72.45,70 Meter,70.13,23.9,8,S,65,mostly clear,no
1235135076,Dolcedo Laufen,,"Di, Jun 28, 2016 17:24",1467127480000,"Di, Jun 28, 2016 18:05",1467129939000,vívoactive 3.50.0.0,Beliebiger Aktivitätstyp,Laufen,Nicht klassifiziert,(GMT+01:00) Mitteleuropäische Zeit,405 Meter,405.08,,,,,06:02,6.032060057927649,,,04:26,4.432624124717941,573,573.0282910344104,00:40:59,2458935.0,00:40:22,2422.0,06:07 Minuten pro Kilometer,6.122949073865239,6.69 Kilometer,6.692019999999999,,405 Meter,405.08,169 Meter,169.35,167 Meter,166.75,22.2,14,SSW,61,fair,no
1231356877,Dolcedo Laufen,,"Mo, Jun 27, 2016 10:34",1467016443000,"Mo, Jun 27, 2016 11:10",1467018615000,vívoactive 3.50.0.0,Beliebiger Aktivitätstyp,Laufen,Nicht klassifiziert,(GMT+01:00) Mitteleuropäische Zeit,393 Meter,392.84,,,,,05:48,5.796387925784094,,,04:31,4.510599991280568,522,521.9545491429635,00:36:12,2172449.0,00:35:33,2133.0,05:54 Minuten pro Kilometer,5.903884851904028,6.13 Kilometer,6.13313,,393 Meter,392.84,140 Meter,139.73,135 Meter,135.22,22.8,14,NNO,69,fair,no
1231355094,Dolcedo Laufen,,"Sa, Jun 25, 2016 9:58",1466841526000,"Sa, Jun 25, 2016 10:26",1466843160000,vívoactive 3.50.0.0,Beliebiger Aktivitätstyp,Laufen,Nicht klassifiziert,(GMT+01:00) Mitteleuropäische Zeit,328 Meter,328.0,,,,,05:42,5.7074776822798094,,,04:51,4.853426497556568,343,342.9577901776125,00:27:14,1633974.0,00:22:53,1373.0,05:45 Minuten pro Kilometer,5.753077748952293,4.01 Kilometer,4.00936,,328 Meter,328.0,89 Meter,89.2,87 Meter,87.15,22.8,18,NNO,73,mostly clear,no
1231354921,Dolcedo Laufen,,"Fr, Jun 24, 2016 16:20",1466778027000,"Fr, Jun 24, 2016 16:37",1466779055000,vívoactive 3.50.0.0,Beliebiger Aktivitätstyp,Laufen,Nicht klassifiziert,(GMT+01:00) Mitteleuropäische Zeit,327 Meter,326.68,,,,,05:28,5.461701595806353,,,04:38,4.627059043723508,267,267.0631643763037,00:17:07,1027.37,00:16:58,1018.0,05:31 Minuten pro Kilometer,5.511463973419692,3.11 Kilometer,3.10648,,327 Meter,326.68,71 Meter,70.87,73 Meter,72.59,27.8,18,SW,55,mostly clear,no
1226716000,Dolcedo Laufen,,"Do, Jun 23, 2016 15:26",1466688377000,"Do, Jun 23, 2016 15:43",1466689392000,vívoactive 3.50.0.0,Beliebiger Aktivitätstyp,Laufen,Fitness,(GMT+01:00) Mitteleuropäische Zeit,330 Meter,329.63,,,,,05:15,5.252234993614303,,,04:41,4.6763937079346,267,267.0631643763037,00:16:55,1015089.0,00:16:27,987.0,05:24 Minuten pro Kilometer,5.402485076362469,3.13 Kilometer,3132.0,,330 Meter,329.63,73 Meter,72.53,80 Meter,80.25,27.2,24,SW,39,fair,no
1226716207,Dolcedo Laufen,,"Mi, Jun 22, 2016 16:22",1466605359000,"Mi, Jun 22, 2016 16:38",1466606320000,vívoactive 3.50.0.0,Beliebiger Aktivitätstyp,Laufen,Nicht klassifiziert,(GMT+01:00) Mitteleuropäische Zeit,338 Meter,338.28,,,,,05:49,5.824593484582019,,,03:09,3.150003215864603,224,224.10394222461946,00:16:01,960719.0,00:15:44,944.0,05:51 Minuten pro Kilometer,5.850005897003396,2.70 Kilometer,2.70119,,338 Meter,338.28,62 Meter,62.47,63 Meter,63.28,23.9,13,SW,57,fair,no
1226716363,Dolcedo Laufen,,"Di, Jun 21, 2016 16:25",1466519113000,"Di, Jun 21, 2016 16:47",1466520438000,vívoactive 3.50.0.0,Beliebiger Aktivitätstyp,Laufen,Nicht klassifiziert,(GMT+01:00) Mitteleuropäische Zeit,302 Meter,302.19,,,,,05:27,5.443814134564231,,,03:36,3.60828465427069,343,342.9577901776125,00:22:06,1325.66,00:21:51,1311.0,05:30 Minuten pro Kilometer,5.504182967722762,4.01 Kilometer,4.013730000000001,,302 Meter,302.19,67 Meter,66.64,67 Meter,66.52,21.1,3,SO,78,fair,no
1226716855,Dolcedo Laufen,,"Mo, Jun 20, 2016 17:16",1466435761000,"Mo, Jun 20, 2016 17:37",1466437063000,vívoactive 3.50.0.0,Beliebiger Aktivitätstyp,Laufen,Nicht klassifiziert,(GMT+01:00) Mitteleuropäische Zeit,323 Meter,323.33,,,,,05:25,5.422628229713828,,,03:34,3.5650622431411767,341,341.04849141531554,00:21:43,1302624.0,00:21:28,1288.0,05:29 Minuten pro Kilometer,5.4842601113456855,3.96 Kilometer,3.9587199999999996,,323 Meter,323.33,85 Meter,85.03,111 Meter,111.03,22.2,27,SW,61,fair,no
1226718161,Steinbach am Attersee Laufen,,"Sa, Jun 18, 2016 12:07",1466244476000,"Sa, Jun 18, 2016 12:24",1466245493000,vívoactive 3.50.0.0,Beliebiger Aktivitätstyp,Laufen,Nicht klassifiziert,(GMT+01:00) Mitteleuropäische Zeit,558 Meter,557.62,,,,,05:33,5.54268138371077,,,04:43,4.713423813273661,258,257.99399525539263,00:16:57,1017449.0,00:16:46,1006.0,05:36 Minuten pro Kilometer,5.606009548825659,3.03 Kilometer,3.02501,,558 Meter,557.62,71 Meter,70.82,76 Meter,76.47,21.1,3,N,49,mostly clear,no
1213547758,Freiburg im Breisgau Laufen,,"Mi, Jun 15, 2016 14:38",1465994306000,"Mi, Jun 15, 2016 15:08",1465996135000,vívoactive 3.50.0.0,Beliebiger Aktivitätstyp,Laufen,Nicht klassifiziert,(GMT+01:00) Mitteleuropäische Zeit,311 Meter,311.26,,,,,05:22,5.371153931691604,,,04:02,4.041383698775513,477,477.08602822898223,00:30:29,1828935.0,00:29:56,1796.0,05:27 Minuten pro Kilometer,5.448403590562478,5.57 Kilometer,5.57298,,311 Meter,311.26,82 Meter,81.66,83 Meter,82.76,17.2,21,S,77,mostly clear,no
1212184359,Freiburg im Breisgau Laufen,,"Di, Jun 14, 2016 14:33",1465907619000,"Di, Jun 14, 2016 15:01",1465909300000,vívoactive 3.50.0.0,Beliebiger Aktivitätstyp,Laufen,Nicht klassifiziert,(GMT+01:00) Mitteleuropäische Zeit,310 Meter,309.72,,,,,05:26,5.434483802189268,,,03:48,3.800835985569976,428,427.92158509983255,00:28:01,1681218.0,00:27:20,1640.0,05:30 Minuten pro Kilometer,5.504182967722762,5.03 Kilometer,5.02961,,310 Meter,309.72,74 Meter,74.06,76 Meter,76.12,16.1,21,S,77,partly cloudy,no
1208826417,Freiburg im Breisgau Laufen,,"So, Jun 12, 2016 9:43",1465717397000,"So, Jun 12, 2016 10:12",1465719155000,vívoactive 3.50.0.0,Beliebiger Aktivitätstyp,Laufen,Fitness,(GMT+01:00) Mitteleuropäische Zeit,308 Meter,308.37,,,,,05:48,5.805971542853606,,,04:02,4.032583373338968,428,427.92158509983255,00:29:18,1757887.0,00:29:04,1744.0,05:51 Minuten pro Kilometer,5.8520598231940975,5.01 Kilometer,5.00634,,308 Meter,308.37,70 Meter,69.82,73 Meter,72.96,15.0,5,N,88,rain,yes
1207350801,Freiburg im Breisgau Laufen,,"Sa, Jun 11, 2016 10:05",1465632310000,"Sa, Jun 11, 2016 10:35",1465634115000,vívoactive 3.50.0.0,Beliebiger Aktivitätstyp,Laufen,Fitness,(GMT+01:00) Mitteleuropäische Zeit,308 Meter,307.74,,,,,05:55,5.914659013176475,,,04:59,4.97512451974075,420,420.04572770535697,00:30:05,1804557.0,00:29:29,1769.0,06:01 Minuten pro Kilometer,6.023370765424176,4.98 Kilometer,4.98479,,308 Meter,307.74,52 Meter,51.54,55 Meter,54.59,17.2,10,S,88,cloudy,no
1205026379,Freiburg im Breisgau Laufen,,"Do, Jun 9, 2016 14:56",1465476988000,"Do, Jun 9, 2016 15:17",1465478258000,vívoactive 3.50.0.0,Beliebiger Aktivitätstyp,Laufen,Nicht klassifiziert,(GMT+01:00) Mitteleuropäische Zeit,309 Meter,308.59,,,,,05:54,5.905843892127994,,,04:41,4.688232448296311,308,308.11308776569086,00:21:10,1269688.0,00:21:00,1260.0,05:57 Minuten pro Kilometer,5.950255609787764,3.56 Kilometer,3.5558,,309 Meter,308.59,67 Meter,67.47,69 Meter,69.46,21.1,14,N,53,mostly clear,no
1203784563,Freiburg im Breisgau Laufen,,"Di, Jun 7, 2016 9:10",1465283453000,"Di, Jun 7, 2016 9:42",1465285356000,vívoactive 3.50.0.0,Beliebiger Aktivitätstyp,Laufen,Nicht klassifiziert,(GMT+01:00) Mitteleuropäische Zeit,309 Meter,309.47,,,,,06:21,6.341727577222026,,,04:53,4.880429532310476,386,385.9170123292968,00:31:43,1903.08,00:31:20,1880.0,06:25 Minuten pro Kilometer,6.420133647269503,4.94 Kilometer,4.9408199999999995,,309 Meter,309.47,71 Meter,70.94,74 Meter,73.86,21.1,2,N,73,fair,no
912662907,Freiburg im Breisgau Laufen,,"Mo, Sep 28, 2015 17:19",1443453564000,"Mo, Sep 28, 2015 17:39",1443454796000,vívoactive 3.20.0.0,Beliebiger Aktivitätstyp,Laufen,Nicht klassifiziert,(GMT+01:00) Mitteleuropäische Zeit,308 Meter,308.37,,,,,06:01,6.0233336295986915,199.0,174.0,04:06,4.1061016516414215,287,287.110801380423,00:20:32,1231866.0,00:20:27,1227.0,06:03 Minuten pro Kilometer,6.04741161571378,3.40 Kilometer,3.3951300000000004,70.0,308 Meter,308.37,52 Meter,52.29,55 Meter,55.11,17.8,21,O,34,fair,no
908332579,Waldspielplatz,,"Do, Sep 24, 2015 12:55",1443092115000,"Do, Sep 24, 2015 13:16",1443093390000,vívoactive 3.20.0.0,Beliebiger Aktivitätstyp,Laufen,Fitness,(GMT+01:00) Mitteleuropäische Zeit,307 Meter,307.23,,,,,06:18,6.303711273800873,202.0,186.0,03:53,3.8831937040309112,351,351.0723099173752,00:21:15,1274677.0,00:21:15,1275.0,06:18 Minuten pro Kilometer,6.301197272912084,3.37 Kilometer,3.37103,115.0,307 Meter,307.23,62 Meter,62.46,64 Meter,64.2,16.1,8,WSW,59,mostly clear,no
1199436564,Freiburg im Breisgau Laufen,,"Do, Jan 1, 2015 3:34",1420079698000,"So, Jun 5, 2016 12:48",1465123716000,vívoactive 3.50.0.0,Beliebiger Aktivitätstyp,Laufen,Nicht klassifiziert,(GMT+01:00) Mitteleuropäische Zeit,260 Meter,260.36,,,,,--:--,-Infinity,,,03:19,3.320053133464473,401,400.9527400823863,00:31:41,1901285.0,581:44:56,2094296.04,06:23 Minuten pro Kilometer,6.383250201862885,4.96 Kilometer,4.96411,,260 Meter,260.36,6 Meter,5.88,19 Meter,18.73,,,,,,
