{"cod":"200","message":0.0427,"cnt":40,"list":[{"dt":1511794800,"main":{"temp":278.96,"temp_min":276.432,"temp_max":278.96,"pressure":979.72,"sea_level":1037.5,"grnd_level":979.72,"humidity":87,"temp_kf":2.53},"weather":[{"id":500,"main":"Rain","description":"light rain","icon":"10d"}],"clouds":{"all":88},"wind":{"speed":4.43,"deg":227},"rain":{"3h":0.1075},"snow":{"3h":0.006},"sys":{"pod":"d"},"dt_txt":"2017-11-27 15:00:00"},{"dt":1511805600,"main":{"temp":277.47,"temp_min":275.577,"temp_max":277.47,"pressure":978.14,"sea_level":1035.89,"grnd_level":978.14,"humidity":94,"temp_kf":1.89},"weather":[{"id":500,"main":"Rain","description":"light rain","icon":"10n"}],"clouds":{"all":100},"wind":{"speed":4.76,"deg":216.506},"rain":{"3h":0.72},"snow":{"3h":0.1315},"sys":{"pod":"n"},"dt_txt":"2017-11-27 18:00:00"},{"dt":1511816400,"main":{"temp":276.81,"temp_min":275.542,"temp_max":276.81,"pressure":975.79,"sea_level":1033.52,"grnd_level":975.79,"humidity":97,"temp_kf":1.26},"weather":[{"id":500,"main":"Rain","description":"light rain","icon":"10n"}],"clouds":{"all":92},"wind":{"speed":5.16,"deg":217.5},"rain":{"3h":0.495},"snow":{"3h":0.1155},"sys":{"pod":"n"},"dt_txt":"2017-11-27 21:00:00"},{"dt":1511827200,"main":{"temp":276.06,"temp_min":275.429,"temp_max":276.06,"pressure":973.49,"sea_level":1031.09,"grnd_level":973.49,"humidity":97,"temp_kf":0.63},"weather":[{"id":500,"main":"Rain","description":"light rain","icon":"10n"}],"clouds":{"all":92},"wind":{"speed":5.31,"deg":222.504},"rain":{"3h":0.955},"snow":{"3h":0.195},"sys":{"pod":"n"},"dt_txt":"2017-11-28 00:00:00"},{"dt":1511838000,"main":{"temp":275.318,"temp_min":275.318,"temp_max":275.318,"pressure":971.45,"sea_level":1029.04,"grnd_level":971.45,"humidity":96,"temp_kf":0},"weather":[{"id":500,"main":"Rain","description":"light rain","icon":"10n"}],"clouds":{"all":92},"wind":{"speed":5.56,"deg":223.5},"rain":{"3h":1.7525},"snow":{"3h":0.402},"sys":{"pod":"n"},"dt_txt":"2017-11-28 03:00:00"},{"dt":1511848800,"main":{"temp":275.393,"temp_min":275.393,"temp_max":275.393,"pressure":970.12,"sea_level":1027.65,"grnd_level":970.12,"humidity":95,"temp_kf":0},"weather":[{"id":500,"main":"Rain","description":"light rain","icon":"10n"}],"clouds":{"all":92},"wind":{"speed":5.35,"deg":226},"rain":{"3h":1.15},"snow":{"3h":0.311},"sys":{"pod":"n"},"dt_txt":"2017-11-28 06:00:00"},{"dt":1511859600,"main":{"temp":275.285,"temp_min":275.285,"temp_max":275.285,"pressure":969.43,"sea_level":1026.86,"grnd_level":969.43,"humidity":98,"temp_kf":0},"weather":[{"id":500,"main":"Rain","description":"light rain","icon":"10d"}],"clouds":{"all":92},"wind":{"speed":4.87,"deg":229.5},"rain":{"3h":1.685},"snow":{"3h":0.715},"sys":{"pod":"d"},"dt_txt":"2017-11-28 09:00:00"},{"dt":1511870400,"main":{"temp":275.291,"temp_min":275.291,"temp_max":275.291,"pressure":968.05,"sea_level":1025.27,"grnd_level":968.05,"humidity":100,"temp_kf":0},"weather":[{"id":500,"main":"Rain","description":"light rain","icon":"10d"}],"clouds":{"all":92},"wind":{"speed":4.11,"deg":230.5},"rain":{"3h":2.36},"snow":{"3h":0.723},"sys":{"pod":"d"},"dt_txt":"2017-11-28 12:00:00"},{"dt":1511881200,"main":{"temp":274.654,"temp_min":274.654,"temp_max":274.654,"pressure":966.94,"sea_level":1024.11,"grnd_level":966.94,"humidity":100,"temp_kf":0},"weather":[{"id":500,"main":"Rain","description":"light rain","icon":"10d"}],"clouds":{"all":92},"wind":{"speed":3.01,"deg":224.501},"rain":{"3h":2.065},"snow":{"3h":0.7595},"sys":{"pod":"d"},"dt_txt":"2017-11-28 15:00:00"},{"dt":1511892000,"main":{"temp":274.042,"temp_min":274.042,"temp_max":274.042,"pressure":966.4,"sea_level":1023.84,"grnd_level":966.4,"humidity":99,"temp_kf":0},"weather":[{"id":500,"main":"Rain","description":"light rain","icon":"10n"}],"clouds":{"all":92},"wind":{"speed":2.22,"deg":210.502},"rain":{"3h":1.045},"snow":{"3h":0.91},"sys":{"pod":"n"},"dt_txt":"2017-11-28 18:00:00"},{"dt":1511902800,"main":{"temp":273.674,"temp_min":273.674,"temp_max":273.674,"pressure":965.68,"sea_level":1023.29,"grnd_level":965.68,"humidity":97,"temp_kf":0},"weather":[{"id":500,"main":"Rain","description":"light rain","icon":"10n"}],"clouds":{"all":100},"wind":{"speed":1.86,"deg":193.503},"rain":{"3h":0.115},"snow":{"3h":0.155},"sys":{"pod":"n"},"dt_txt":"2017-11-28 21:00:00"},{"dt":1511913600,"main":{"temp":273.4,"temp_min":273.4,"temp_max":273.4,"pressure":965.09,"sea_level":1022.7,"grnd_level":965.09,"humidity":94,"temp_kf":0},"weather":[{"id":500,"main":"Rain","description":"light rain","icon":"10n"}],"clouds":{"all":92},"wind":{"speed":1.84,"deg":182.001},"rain":{"3h":0.010000000000002},"snow":{"3h":0.0725},"sys":{"pod":"n"},"dt_txt":"2017-11-29 00:00:00"},{"dt":1511924400,"main":{"temp":274.137,"temp_min":274.137,"temp_max":274.137,"pressure":964.62,"sea_level":1022.4,"grnd_level":964.62,"humidity":99,"temp_kf":0},"weather":[{"id":500,"main":"Rain","description":"light rain","icon":"10n"}],"clouds":{"all":92},"wind":{"speed":2.19,"deg":201.502},"rain":{"3h":0.079999999999998},"snow":{"3h":0.077500000000001},"sys":{"pod":"n"},"dt_txt":"2017-11-29 03:00:00"},{"dt":1511935200,"main":{"temp":273.79,"temp_min":273.79,"temp_max":273.79,"pressure":964.99,"sea_level":1022.83,"grnd_level":964.99,"humidity":96,"temp_kf":0},"weather":[{"id":500,"main":"Rain","description":"light rain","icon":"10n"}],"clouds":{"all":92},"wind":{"speed":1.28,"deg":203.005},"rain":{"3h":0.030000000000001},"snow":{"3h":0.1325},"sys":{"pod":"n"},"dt_txt":"2017-11-29 06:00:00"},{"dt":1511946000,"main":{"temp":274.22,"temp_min":274.22,"temp_max":274.22,"pressure":965.45,"sea_level":1023.15,"grnd_level":965.45,"humidity":98,"temp_kf":0},"weather":[{"id":500,"main":"Rain","description":"light rain","icon":"10d"}],"clouds":{"all":80},"wind":{"speed":1.66,"deg":211.001},"rain":{"3h":0.049999999999999},"snow":{"3h":0.0475},"sys":{"pod":"d"},"dt_txt":"2017-11-29 09:00:00"},{"dt":1511956800,"main":{"temp":275.026,"temp_min":275.026,"temp_max":275.026,"pressure":965.22,"sea_level":1022.49,"grnd_level":965.22,"humidity":95,"temp_kf":0},"weather":[{"id":500,"main":"Rain","description":"light rain","icon":"10d"}],"clouds":{"all":88},"wind":{"speed":1.56,"deg":238.001},"rain":{"3h":0.010000000000002},"snow":{"3h":0.0099999999999998},"sys":{"pod":"d"},"dt_txt":"2017-11-29 12:00:00"},{"dt":1511967600,"main":{"temp":274.657,"temp_min":274.657,"temp_max":274.657,"pressure":965.33,"sea_level":1022.84,"grnd_level":965.33,"humidity":91,"temp_kf":0},"weather":[{"id":800,"main":"Clear","description":"clear sky","icon":"01d"}],"clouds":{"all":88},"wind":{"speed":1.23,"deg":229.005},"rain":{},"snow":{"3h":0.0075000000000003},"sys":{"pod":"d"},"dt_txt":"2017-11-29 15:00:00"},{"dt":1511978400,"main":{"temp":273.128,"temp_min":273.128,"temp_max":273.128,"pressure":966.13,"sea_level":1023.87,"grnd_level":966.13,"humidity":96,"temp_kf":0},"weather":[{"id":500,"main":"Rain","description":"light rain","icon":"10n"}],"clouds":{"all":88},"wind":{"speed":1.78,"deg":205.001},"rain":{"3h":0.059999999999999},"snow":{"3h":0.06},"sys":{"pod":"n"},"dt_txt":"2017-11-29 18:00:00"},{"dt":1511989200,"main":{"temp":272.258,"temp_min":272.258,"temp_max":272.258,"pressure":966.47,"sea_level":1024.39,"grnd_level":966.47,"humidity":97,"temp_kf":0},"weather":[{"id":600,"main":"Snow","description":"light snow","icon":"13n"}],"clouds":{"all":76},"wind":{"speed":1.65,"deg":193.001},"rain":{},"snow":{"3h":0.0625},"sys":{"pod":"n"},"dt_txt":"2017-11-29 21:00:00"},{"dt":1512000000,"main":{"temp":270.534,"temp_min":270.534,"temp_max":270.534,"pressure":966.47,"sea_level":1024.39,"grnd_level":966.47,"humidity":98,"temp_kf":0},"weather":[{"id":800,"main":"Clear","description":"clear sky","icon":"01n"}],"clouds":{"all":64},"wind":{"speed":1.6,"deg":194},"rain":{},"snow":{"3h":0.0175},"sys":{"pod":"n"},"dt_txt":"2017-11-30 00:00:00"},{"dt":1512010800,"main":{"temp":269.976,"temp_min":269.976,"temp_max":269.976,"pressure":965.93,"sea_level":1023.96,"grnd_level":965.93,"humidity":100,"temp_kf":0},"weather":[{"id":600,"main":"Snow","description":"light snow","icon":"13n"}],"clouds":{"all":80},"wind":{"speed":1.78,"deg":179.001},"rain":{},"snow":{"3h":0.435},"sys":{"pod":"n"},"dt_txt":"2017-11-30 03:00:00"},{"dt":1512021600,"main":{"temp":271.804,"temp_min":271.804,"temp_max":271.804,"pressure":965.75,"sea_level":1023.84,"grnd_level":965.75,"humidity":100,"temp_kf":0},"weather":[{"id":600,"main":"Snow","description":"light snow","icon":"13n"}],"clouds":{"all":80},"wind":{"speed":1.66,"deg":178.501},"rain":{},"snow":{"3h":1.1875},"sys":{"pod":"n"},"dt_txt":"2017-11-30 06:00:00"},{"dt":1512032400,"main":{"temp":272.77,"temp_min":272.77,"temp_max":272.77,"pressure":966.49,"sea_level":1024.4,"grnd_level":966.49,"humidity":99,"temp_kf":0},"weather":[{"id":600,"main":"Snow","description":"light snow","icon":"13d"}],"clouds":{"all":48},"wind":{"speed":1.67,"deg":208.5},"rain":{},"snow":{"3h":0.1075},"sys":{"pod":"d"},"dt_txt":"2017-11-30 09:00:00"},{"dt":1512043200,"main":{"temp":274.334,"temp_min":274.334,"temp_max":274.334,"pressure":966.29,"sea_level":1023.81,"grnd_level":966.29,"humidity":97,"temp_kf":0},"weather":[{"id":800,"main":"Clear","description":"clear sky","icon":"01d"}],"clouds":{"all":88},"wind":{"speed":2.45,"deg":208.501},"rain":{},"snow":{"3h":0.029999999999999},"sys":{"pod":"d"},"dt_txt":"2017-11-30 12:00:00"},{"dt":1512054000,"main":{"temp":273.845,"temp_min":273.845,"temp_max":273.845,"pressure":965.94,"sea_level":1023.44,"grnd_level":965.94,"humidity":94,"temp_kf":0},"weather":[{"id":500,"main":"Rain","description":"light rain","icon":"10d"}],"clouds":{"all":92},"wind":{"speed":2.87,"deg":220.5},"rain":{"3h":0.06},"snow":{"3h":0.1},"sys":{"pod":"d"},"dt_txt":"2017-11-30 15:00:00"},{"dt":1512064800,"main":{"temp":273.429,"temp_min":273.429,"temp_max":273.429,"pressure":965.92,"sea_level":1023.67,"grnd_level":965.92,"humidity":92,"temp_kf":0},"weather":[{"id":500,"main":"Rain","description":"light rain","icon":"10n"}],"clouds":{"all":92},"wind":{"speed":2.32,"deg":237.501},"rain":{"3h":0.029999999999999},"snow":{"3h":0.7275},"sys":{"pod":"n"},"dt_txt":"2017-11-30 18:00:00"},{"dt":1512075600,"main":{"temp":272.925,"temp_min":272.925,"temp_max":272.925,"pressure":965.41,"sea_level":1023.28,"grnd_level":965.41,"humidity":95,"temp_kf":0},"weather":[{"id":600,"main":"Snow","description":"light snow","icon":"13n"}],"clouds":{"all":92},"wind":{"speed":3.01,"deg":219.507},"rain":{},"snow":{"3h":0.3625},"sys":{"pod":"n"},"dt_txt":"2017-11-30 21:00:00"},{"dt":1512086400,"main":{"temp":272.823,"temp_min":272.823,"temp_max":272.823,"pressure":965.05,"sea_level":1023,"grnd_level":965.05,"humidity":93,"temp_kf":0},"weather":[{"id":600,"main":"Snow","description":"light snow","icon":"13n"}],"clouds":{"all":92},"wind":{"speed":2.73,"deg":229},"rain":{},"snow":{"3h":1.3825},"sys":{"pod":"n"},"dt_txt":"2017-12-01 00:00:00"},{"dt":1512097200,"main":{"temp":272.372,"temp_min":272.372,"temp_max":272.372,"pressure":964.64,"sea_level":1022.68,"grnd_level":964.64,"humidity":91,"temp_kf":0},"weather":[{"id":600,"main":"Snow","description":"light snow","icon":"13n"}],"clouds":{"all":80},"wind":{"speed":2.47,"deg":220.504},"rain":{},"snow":{"3h":0.145},"sys":{"pod":"n"},"dt_txt":"2017-12-01 03:00:00"},{"dt":1512108000,"main":{"temp":270.685,"temp_min":270.685,"temp_max":270.685,"pressure":964.36,"sea_level":1022.36,"grnd_level":964.36,"humidity":94,"temp_kf":0},"weather":[{"id":800,"main":"Clear","description":"clear sky","icon":"01n"}],"clouds":{"all":76},"wind":{"speed":2.04,"deg":191.504},"rain":{},"snow":{"3h":0.024999999999999},"sys":{"pod":"n"},"dt_txt":"2017-12-01 06:00:00"},{"dt":1512118800,"main":{"temp":271.252,"temp_min":271.252,"temp_max":271.252,"pressure":965,"sea_level":1023.09,"grnd_level":965,"humidity":93,"temp_kf":0},"weather":[{"id":800,"main":"Clear","description":"clear sky","icon":"01d"}],"clouds":{"all":24},"wind":{"speed":1.59,"deg":169.006},"rain":{},"snow":{"3h":0.0050000000000008},"sys":{"pod":"d"},"dt_txt":"2017-12-01 09:00:00"},{"dt":1512129600,"main":{"temp":273.75,"temp_min":273.75,"temp_max":273.75,"pressure":965.39,"sea_level":1023.3,"grnd_level":965.39,"humidity":94,"temp_kf":0},"weather":[{"id":803,"main":"Clouds","description":"broken clouds","icon":"04d"}],"clouds":{"all":64},"wind":{"speed":1.66,"deg":170.004},"rain":{},"snow":{},"sys":{"pod":"d"},"dt_txt":"2017-12-01 12:00:00"},{"dt":1512140400,"main":{"temp":272.741,"temp_min":272.741,"temp_max":272.741,"pressure":966.88,"sea_level":1024.89,"grnd_level":966.88,"humidity":94,"temp_kf":0},"weather":[{"id":800,"main":"Clear","description":"clear sky","icon":"01d"}],"clouds":{"all":44},"wind":{"speed":1.15,"deg":23.0035},"rain":{},"snow":{"3h":0.0075000000000003},"sys":{"pod":"d"},"dt_txt":"2017-12-01 15:00:00"},{"dt":1512151200,"main":{"temp":268.629,"temp_min":268.629,"temp_max":268.629,"pressure":969.28,"sea_level":1027.72,"grnd_level":969.28,"humidity":92,"temp_kf":0},"weather":[{"id":800,"main":"Clear","description":"clear sky","icon":"01n"}],"clouds":{"all":32},"wind":{"speed":1.67,"deg":11},"rain":{},"snow":{"3h":0.004999999999999},"sys":{"pod":"n"},"dt_txt":"2017-12-01 18:00:00"},{"dt":1512162000,"main":{"temp":267.785,"temp_min":267.785,"temp_max":267.785,"pressure":971.63,"sea_level":1030.18,"grnd_level":971.63,"humidity":91,"temp_kf":0},"weather":[{"id":800,"main":"Clear","description":"clear sky","icon":"01n"}],"clouds":{"all":64},"wind":{"speed":1.51,"deg":10.0014},"rain":{},"snow":{"3h":0.025},"sys":{"pod":"n"},"dt_txt":"2017-12-01 21:00:00"},{"dt":1512172800,"main":{"temp":268.997,"temp_min":268.997,"temp_max":268.997,"pressure":973.3,"sea_level":1032.22,"grnd_level":973.3,"humidity":97,"temp_kf":0},"weather":[{"id":600,"main":"Snow","description":"light snow","icon":"13n"}],"clouds":{"all":80},"wind":{"speed":1.14,"deg":8.00043},"rain":{},"snow":{"3h":0.065},"sys":{"pod":"n"},"dt_txt":"2017-12-02 00:00:00"},{"dt":1512183600,"main":{"temp":269.694,"temp_min":269.694,"temp_max":269.694,"pressure":974.73,"sea_level":1033.84,"grnd_level":974.73,"humidity":99,"temp_kf":0},"weather":[{"id":600,"main":"Snow","description":"light snow","icon":"13n"}],"clouds":{"all":88},"wind":{"speed":1.26,"deg":333.508},"rain":{},"snow":{"3h":0.15},"sys":{"pod":"n"},"dt_txt":"2017-12-02 03:00:00"},{"dt":1512194400,"main":{"temp":270.455,"temp_min":270.455,"temp_max":270.455,"pressure":976.29,"sea_level":1035.41,"grnd_level":976.29,"humidity":97,"temp_kf":0},"weather":[{"id":600,"main":"Snow","description":"light snow","icon":"13n"}],"clouds":{"all":88},"wind":{"speed":1.26,"deg":348},"rain":{},"snow":{"3h":0.385},"sys":{"pod":"n"},"dt_txt":"2017-12-02 06:00:00"},{"dt":1512205200,"main":{"temp":271.025,"temp_min":271.025,"temp_max":271.025,"pressure":977.89,"sea_level":1036.79,"grnd_level":977.89,"humidity":96,"temp_kf":0},"weather":[{"id":600,"main":"Snow","description":"light snow","icon":"13d"}],"clouds":{"all":68},"wind":{"speed":0.56,"deg":172.001},"rain":{},"snow":{"3h":0.105},"sys":{"pod":"d"},"dt_txt":"2017-12-02 09:00:00"},{"dt":1512216000,"main":{"temp":272.697,"temp_min":272.697,"temp_max":272.697,"pressure":977.83,"sea_level":1036.53,"grnd_level":977.83,"humidity":98,"temp_kf":0},"weather":[{"id":600,"main":"Snow","description":"light snow","icon":"13d"}],"clouds":{"all":88},"wind":{"speed":1.44,"deg":256.502},"rain":{},"snow":{"3h":0.095000000000001},"sys":{"pod":"d"},"dt_txt":"2017-12-02 12:00:00"}],"city":{"id":2925177,"name":"Freiburg","coord":{"lat":47.9959,"lon":7.8522},"country":"DE"}}