,Unnamed: 0,Time,Distance,Avg HR,Max HR,Elev Gain,Elev Loss,Avg Run Cadence,Calories,Avg Temperature,Max Run Cadence,HR median,HR std,Pace std,Lap pace median,Avg Pace(s/km),Best Lap,File name,Date,Start time,Type
0,0,2003.0,8.09,145,156.0,36,75,83,390,18.5,88,147.0,7.682167376015585,13.54577114854852,247.3363314680711,252.2092912051766,285.6190476190476,Szymon+_ywko+_2019-11-04_10-33-46.CSV,2019-11-04,10-33-46,0
1,0,836.0,2.46,132,156.0,0,0,77,135,31.2,103,135.0,10.30752958737238,110.4201097557698,293.048275862069,365.1363582036072,521.1444866920152,Szymon+_ywko+_2019-07-24_17-01-19.CSV,2019-07-24,17-01-19,-1
2,0,1426.0,5.4,142,156.0,15,48,80,263,14.9,94,147.0,12.563799712644744,101.25232074703656,248.78273739247769,295.94799024487924,519.5748792270531,Szymon+_ywko+_2020-01-30_10-57-13.CSV,2020-01-30,10-57-13,-1
3,0,2888.0,12.07,143,152.0,61,107,82,549,15.9,89,145.0,6.787789586913372,4.498989608033344,239.39860529986052,241.4888121477293,252.6936170212766,Szymon+_ywko+_2020-01-02_13-59-38.CSV,2020-01-02,13-59-38,0
4,0,2530.0,10.02,137,148.0,44,20,83,448,26.7,93,139.0,6.421550336172314,9.654477882444674,253.647859375,254.9341536109019,271.255905511811,Szymon+_ywko+_2019-08-11_18-40-30.CSV,2019-08-11,18-40-30,0
5,0,770.0,2.76,127,138.0,5,5,83,119,28.7,87,129.0,8.706234685072985,7.269361207096839,279.0143884892086,278.7220230347667,287.47535211267603,Szymon+_ywko+_2019-08-12_10-10-02.CSV,2019-08-12,10-10-02,0
6,0,2937.0,6.12,141,181.0,0,0,72,543,29.7,115,140.0,17.03869036144356,535.0546636498137,539.3657289002557,648.4053903864949,1923.3414043583532,Szymon+_ywko+_2019-08-27_17-50-36.CSV,2019-08-27,17-50-36,-1
7,0,664.0,2.48,143,151.0,0,0,82,128,21.7,88,145.0,6.914944108566376,14.275699285037229,272.0685483870968,280.7301438630655,300.8541666666667,Szymon+_ywko+_2019-10-22_19-09-51.CSV,2019-10-22,19-09-51,0
8,0,733.0,2.86,133,143.0,0,0,80,123,22.6,93,135.0,9.35173901179434,45.37939134684283,278.9812734082397,293.081590615479,354.35185185185185,Szymon+_ywko+_2019-11-16_15-39-00.CSV,2019-11-16,15-39-00,-1
9,0,5103.0,20.45,144,158.0,115,140,82,983,18.6,92,146.0,7.430216041380714,11.78470138972092,250.86,252.1736983530603,287.2,Szymon+_ywko+_2020-05-24_10-12-40.CSV,2020-05-24,10-12-40,0
10,0,3259.0,12.1,146,173.0,71,71,82,637,15.8,102,151.0,17.927160824998555,128.1184458783229,256.29813596491226,318.5881839867884,566.5460829493088,Szymon+_ywko+_2019-12-14_14-45-23.CSV,2019-12-14,14-45-23,-1
11,0,2161.0,8.04,141,151.0,37,56,83,401,12.0,90,143.0,9.68927640910102,15.654047306363523,266.50559701492534,272.6696547769208,311.2431506849315,Szymon+_ywko+_2020-01-20_10-34-07.CSV,2020-01-20,10-34-07,0
12,0,4176.0,17.03,141,156.0,119,130,83,780,17.0,91,143.0,8.053440411163761,16.86168128272508,248.2131147540984,252.49371264211865,289.804,Szymon+_ywko+_2019-12-19_12-26-45.CSV,2019-12-19,12-26-45,0
13,0,2273.0,10.62,166,172.0,10,15,87,549,13.0,91,167.0,6.359910143026828,10.18891288697944,213.64788732394365,216.5212389057505,248.38248847926263,Szymon+_ywko+_2019-12-10_11-01-18.CSV,2019-12-10,11-01-18,1
14,0,3666.000000000001,13.71,134,151.0,120,128,81,620,12.2,87,134.0,7.732068115187197,11.598953075794954,268.6924582907729,269.58015460179627,301.4508474576271,Szymon+_ywko+_2019-11-07_10-36-31.CSV,2019-11-07,10-36-31,0
15,0,530.0,2.03,142,150.0,0,0,82,100,27.2,85,142.0,7.280355065814247,12.664595227638712,263.5539232908798,263.5539232908798,276.2185185185185,Szymon+_ywko+_2019-09-10_15-44-51.CSV,2019-09-10,15-44-51,0
16,0,861.0,3.07,141,154.0,61,5,82,160,20.3,89,144.0,10.02228796654586,17.547568940678644,274.2564102564103,286.0139562897952,310.81879194630875,Szymon+_ywko+_2019-11-05_10-18-13.CSV,2019-11-05,10-18-13,0
17,0,726.0,0.65,108,157.0,5,5,64,65,20.8,99,107.0,19.11649249665205,0.0,2350.431724137931,2350.431724137931,2350.431724137931,Szymon+_ywko+_2019-12-21_10-41-21.CSV,2019-12-21,10-41-21,-1
18,0,2169.0,10.02,163,168.0,52,58,84,509,16.2,88,164.0,5.074242831293144,3.466615190964925,216.08960390782627,216.722854466361,224.6435185185185,Szymon+_ywko+_2019-10-29_10-56-08.CSV,2019-10-29,10-56-08,1
19,0,990.0,4.03,136,142.0,12,25,83,174,19.3,90,138.0,6.124779855033587,12.646555251694108,242.59190615251876,248.2240511929764,269.8300395256917,Szymon+_ywko+_2020-01-23_17-08-23.CSV,2020-01-23,17-08-23,0
20,0,731.0,2.75,136,145.0,5,11,80,127,28.4,85,138.0,8.42417272013784,18.037813403971267,278.0486891385768,275.29652425836025,295.88321167883214,Szymon+_ywko+_2020-05-19_12-04-28.CSV,2020-05-19,12-04-28,0
21,0,5417.0,21.19,141,156.0,36,76,82,1008,20.1,95,142.0,5.98091185443618,13.483632730887363,253.244140625,254.35996666723148,304.11578947368423,Szymon+_ywko+_2020-05-31_09-53-15.CSV,2020-05-31,09-53-15,0
22,0,2256.0,9.22,138,146.0,16,20,83,407,11.5,92,140.0,5.740160753813353,15.654548726941568,249.6217997951869,248.35575120665055,272.7909836065574,Szymon+_ywko+_2020-01-03_14-21-12.CSV,2020-01-03,14-21-12,0
23,0,771.0,3.01,141,154.0,33,21,82,146,26.4,96,142.5,7.232468026199632,15.90044520585905,267.015503875969,276.2492919636409,298.6225680933852,Szymon+_ywko+_2019-10-19_14-55-40.CSV,2019-10-19,14-55-40,0
24,0,2222.0,10.13,154,164.0,20,32,84,480,13.3,88,157.0,8.453579334895363,15.304617151367676,220.6909090909091,221.23568412192984,249.66666666666663,Szymon+_ywko+_2020-02-09_17-26-26.CSV,2020-02-09,17-26-26,-1
25,0,1898.0,4.01,125,160.0,0,0,71,272,14.9,115,125.0,17.48517492109815,241.47091407581155,515.3571699681897,647.3516834341522,1065.1326923076922,Szymon+_ywko+_2020-01-13_17-38-48.CSV,2020-01-13,17-38-48,-1
26,0,1309.0,4.61,132,147.0,0,0,81,216,24.6,85,131.0,4.57212138626761,16.511617925191352,283.43356643356645,278.3575551733121,294.1510067114094,Szymon+_ywko+_2019-07-19_16-35-56.CSV,2019-07-19,16-35-56,0
27,0,502.00000000000006,1.92,144,153.0,35,21,83,97,19.2,90,146.0,6.928881407025256,39.27405395822589,286.4660182439402,286.4660182439402,325.74007220216606,Szymon+_ywko+_2019-10-29_11-37-01.CSV,2019-10-29,11-37-01,-1
28,0,663.0,2.55,137,150.0,20,52,82,116,22.0,95,140.0,9.838182916631684,25.139850324995308,245.3571428571429,260.0547323888233,295.4392857142857,Szymon+_ywko+_2019-10-29_10-35-53.CSV,2019-10-29,10-35-53,-1
29,0,1013.0,0.96,111,135.0,13,11,69,92,32.2,90,107.0,14.87731132028407,0.0,396.14624505928856,396.14624505928856,396.14624505928856,Szymon+_ywko+_2019-07-24_18-16-07.CSV,2019-07-24,18-16-07,-1
30,0,817.0,3.0,140,151.0,10,6,81,150,23.4,84,142.0,7.769985822283658,11.4198641950575,267.2342007434944,272.9143758687018,288.84727272727275,Szymon+_ywko+_2020-05-23_10-38-11.CSV,2020-05-23,10-38-11,0
31,0,3020.0,12.02,145,159.0,59,65,83,591,28.0,88,144.0,7.394723888623525,10.841665775337304,255.9387566618217,251.6331992889469,267.0968992248062,Szymon+_ywko+_2019-08-19_19-31-33.CSV,2019-08-19,19-31-33,0
32,0,2463.0,9.85,142,151.0,10,10,81,462,25.8,88,142.0,5.569860716108676,4.72535780674126,246.9985587511336,247.1730728294149,254.76653696498053,Szymon+_ywko+_2019-10-25_14-51-28.CSV,2019-10-25,14-51-28,0
33,0,3652.000000000001,14.27,138,156.0,81,115,82,656,13.1,90,140.0,7.667659677948213,21.17763579489677,259.6356589147287,261.4694325787277,308.8339222614841,Szymon+_ywko+_2020-02-23_13-14-08.CSV,2020-02-23,13-14-08,0
34,0,1878.0,5.82,142,158.0,28,35,81,355,27.2,92,140.0,7.205722802244135,19.81753301657744,322.59284485230853,323.3316331615423,358.0287356321839,Szymon+_ywko+_2019-09-28_10-41-52.CSV,2019-09-28,10-41-52,0
35,0,1156.0,4.08,134,142.0,0,0,82,195,16.9,91,137.0,7.664194457930175,13.67131150529837,279.8858123569794,285.3713968114382,308.2269736842105,Szymon+_ywko+_2019-12-03_10-36-10.CSV,2019-12-03,10-36-10,0
36,0,4746.0,18.02,137,149.0,40,40,84,840,15.4,93,138.0,6.432069882384839,13.543591272788182,264.6090647857889,264.1935488066787,302.2730263157895,Szymon+_ywko+_2019-12-08_09-13-45.CSV,2019-12-08,09-13-45,0
37,0,1043.0,4.17,142,150.0,5,10,84,196,26.2,90,144.0,6.346445290537769,762.5901497576211,246.14859437751005,625.2950924014497,2150.398406374502,Szymon+_ywko+_2019-08-21_11-13-53.CSV,2019-08-21,11-13-53,-1
38,0,376.0,0.76,131,156.0,5,5,66,61,25.7,103,129.0,13.168993617163345,0.0,787.632,787.632,787.632,Szymon+_ywko+_2020-05-16_11-04-33.CSV,2020-05-16,11-04-33,0
39,0,3082.0,12.01,144,162.0,98,103,81,599,18.6,109,145.0,8.619523587605183,19.94119716858026,265.1277734873912,267.5758530292874,314.19591836734696,Szymon+_ywko+_2019-10-09_16-15-52.CSV,2019-10-09,16-15-52,0
40,0,401.0,0.51,115,154.0,0,0,62,44,26.2,99,111.0,19.77475015644951,0.0,4943.965,4943.965,4943.965,Szymon+_ywko+_2019-09-10_15-02-07.CSV,2019-09-10,15-02-07,-1
41,0,313.0,1.1,124,133.0,0,0,82,45,19.0,85,126.0,7.577262682892755,0.0,292.4366197183099,292.4366197183099,292.4366197183099,Szymon+_ywko+_2020-01-22_18-34-15.CSV,2020-01-22,18-34-15,0
42,0,3896.000000000001,15.24,157,178.0,95,72,83,864,11.2,93,159.0,14.139116373878243,34.10492679900701,265.8116959064328,275.4828986370954,362.7142857142857,Szymon+_ywko+_2019-11-12_10-57-39.CSV,2019-11-12,10-57-39,-1
43,0,1984.0,9.16,159,169.0,65,67,85,448,24.8,93,159.0,6.8688162015910175,5.673120219179564,217.97916666666669,217.5198470352106,226.7061403508772,Szymon+_ywko+_2019-10-19_14-20-45.CSV,2019-10-19,14-20-45,1
44,0,3136.0,11.72,153,181.0,0,0,78,653,8.2,94,158.0,24.38626770901276,100.88182773129112,301.0567374741736,302.1346296463198,584.738203957382,Szymon+_ywko+_2019-11-23_14-40-26.CSV,2019-11-23,14-40-26,-1
45,0,3019.0,6.32,140,187.0,0,0,71,550,27.8,113,137.0,19.13362053823285,766.8523870289036,604.8660714285714,1046.4083562709036,2255.3025936599424,Szymon+_ywko+_2019-08-20_17-43-53.CSV,2019-08-20,17-43-53,-1
46,0,5012.0,15.67,128,155.0,26,5,80,767,16.1,88,141.0,25.23419348755695,103.47737348629826,257.7877359239329,284.71025349544675,684.0204582651392,Szymon+_ywko+_2020-05-14_17-18-38.CSV,2020-05-14,17-18-38,-1
47,0,2231.0,8.02,133,142.0,5,25,83,372,15.7,105,135.0,5.9618436748727,17.6272739723974,271.3468634686347,278.0959479753602,317.64536741214056,Szymon+_ywko+_2019-12-06_16-19-07.CSV,2019-12-06,16-19-07,0
48,0,3083.0,11.87,133,153.0,57,66,80,521,13.6,92,133.0,5.769769121904444,8.545262569435017,259.3783629730962,261.34864645056007,278.97482014388487,Szymon+_ywko+_2019-11-18_17-06-12.CSV,2019-11-18,17-06-12,0
49,0,2542.0,10.24,140,148.0,5,40,82,466,9.6,97,142.0,7.835061068474887,8.756646209113406,252.70355731225297,255.12865999997572,270.8255813953488,Szymon+_ywko+_2020-02-21_12-56-20.CSV,2020-02-21,12-56-20,0
50,0,1872.0,8.02,152,165.0,10,15,83,395,22.0,88,156.0,10.648873576327045,20.4132104225124,225.66592920353983,235.37069991341667,285.41263940520446,Szymon+_ywko+_2019-12-02_16-18-01.CSV,2019-12-02,16-18-01,0
51,0,688.0,2.71,146,153.0,0,0,81,136,21.1,84,149.0,8.25033488133829,21.250308221250695,250.87698412698413,262.76691216623044,292.6145038167939,Szymon+_ywko+_2020-04-19_14-00-45.CSV,2020-04-19,14-00-45,0
52,0,1544.0,5.18,127,139.0,15,26,81,241,18.5,95,130.0,9.093433999503675,783.3060440516007,279.6649698691231,622.3568014213736,2373.507692307692,Szymon+_ywko+_2020-01-13_16-42-57.CSV,2020-01-13,16-42-57,-1
53,0,3649.0,13.56,154,178.0,67,128,82,772,14.0,93,159.0,18.45972209846501,199.4260930377704,263.1926129426129,324.1777157609759,1036.3346534653465,Szymon+_ywko+_2019-11-06_11-01-28.CSV,2019-11-06,11-01-28,-1
54,0,3924.000000000001,15.9,142,158.0,106,138,84,739,14.4,95,144.0,9.78775929193631,413.1253607282302,258.1399847428073,364.8875505460214,1962.988326848249,Szymon+_ywko+_2019-12-15_12-03-11.CSV,2019-12-15,12-03-11,-1
55,0,2228.0,7.29,149,180.0,0,0,78,449,20.3,93,151.0,20.38646043837682,124.28260219294742,417.54221016832406,434.23069871776056,651.6986301369863,Szymon+_ywko+_2020-04-17_13-11-56.CSV,2020-04-17,13-11-56,-1
56,0,1740.0,6.15,133,147.0,32,35,82,290,18.1,92,136.0,9.38499447057602,39.52102237790499,275.83393501805057,295.4568831447811,366.3140243902439,Szymon+_ywko+_2020-01-18_17-03-24.CSV,2020-01-18,17-03-24,-1
57,0,3074.0,12.55,159,177.0,20,10,82,691,20.0,90,173.0,20.965485086141943,960.8130760073363,190.44102564102565,482.9567609441373,3809.3958944281526,Szymon+_ywko+_2020-05-07_11-18-38.CSV,2020-05-07,11-18-38,-1
58,0,2564.0,10.04,137,153.0,60,73,82,458,13.7,108,139.0,7.403027084172958,15.73182756453825,253.82116044616043,263.4954608323927,290.9227941176471,Szymon+_ywko+_2020-02-27_15-15-09.CSV,2020-02-27,15-15-09,0
59,0,714.0,0.69,119,151.0,5,5,60,84,25.6,99,116.0,14.421003300833137,0.0,2745.6507713884994,2745.6507713884994,2745.6507713884994,Szymon+_ywko+_2020-05-23_11-00-45.CSV,2020-05-23,11-00-45,-1
60,0,233.00000000000003,0.61,119,123.0,0,0,79,29,17.2,81,120.0,3.368914339779993,0.0,379.0905172413793,379.0905172413793,379.0905172413793,Szymon+_ywko+_2020-01-17_18-08-46.CSV,2020-01-17,18-08-46,-1
61,0,3072.0,12.03,137,145.0,5,30,82,543,25.3,88,137.0,5.5399790809112135,7.789096162213144,259.3961251795977,257.56178131235987,272.24615384615385,Szymon+_ywko+_2019-09-04_15-28-57.CSV,2019-09-04,15-28-57,0
62,0,806.0,3.01,136,149.0,10,15,81,142,21.4,88,136.0,9.49800335705351,13.945134316756656,268.5851851851852,268.35108064092464,285.31205673758865,Szymon+_ywko+_2020-05-30_10-36-18.CSV,2020-05-30,10-36-18,0
63,0,385.0,0.79,129,158.0,0,0,64,59,17.3,103,127.0,14.29942747213384,0.0,620.5963541666666,620.5963541666666,620.5963541666666,Szymon+_ywko+_2020-02-22_12-50-52.CSV,2020-02-22,12-50-52,0
64,0,4247.0,15.03,137,155.0,187,218,82,747,12.1,100,137.0,8.038660941183812,26.35280541061324,285.26223776223776,288.57694399821867,336.24458204334366,Szymon+_ywko+_2019-11-13_10-35-04.CSV,2019-11-13,10-35-04,-1
65,0,4217.0,12.95,116,166.0,0,0,78,616,14.0,96,115.0,20.56748630360901,334.6139776944056,355.61538461538464,514.0199845927559,1436.2,Szymon+_ywko+_2020-03-31_13-38-04.CSV,2020-03-31,13-38-04,-1
66,0,6261.0,14.46,129,188.0,40,36,71,925,24.3,115,126.0,24.042730193754963,470.8729548454026,384.3811659192825,495.5298174958789,2224.7593984962405,Szymon+_ywko+_2020-02-08_11-02-17.CSV,2020-02-08,11-02-17,-1
67,0,634.0,2.48,142,155.0,15,21,83,119,21.5,95,147.0,12.018442785542597,26.013128600451232,279.384,274.6771631311483,303.92134831460675,Szymon+_ywko+_2020-01-21_16-03-54.CSV,2020-01-21,16-03-54,-1
68,0,774.0,3.02,144,153.0,5,5,83,148,19.4,88,145.0,8.326833696942098,7.802663321636735,255.0350194552529,258.8915328958455,269.7734375,Szymon+_ywko+_2019-12-21_10-15-46.CSV,2019-12-21,10-15-46,0
69,0,1693.0,6.03,133,145.0,65,45,84,284,23.6,96,134.0,7.064493067337073,9.517527992192887,281.41624423963134,281.71635820460244,298.2721088435374,Szymon+_ywko+_2019-07-22_10-44-56.CSV,2019-07-22,10-44-56,0
70,0,2378.0,9.03,154,181.0,0,0,80,511,18.4,102,161.0,21.13425216899757,126.9436188908458,413.4244409757514,397.3668164340844,670.3235294117648,Szymon+_ywko+_2020-04-19_13-15-43.CSV,2020-04-19,13-15-43,-1
71,0,2021.0,7.57,136,144.0,35,25,81,354,27.6,92,138.0,6.665248785191239,55.72781298535869,261.89163400041264,284.8229428055868,428.0388888888889,Szymon+_ywko+_2019-09-12_15-06-24.CSV,2019-09-12,15-06-24,-1
72,0,3519.0,9.35,137,178.0,84,85,77,594,16.1,115,136.0,20.19569959570544,803.2728114393137,415.4390497142152,767.1073355631347,2673.570257611241,Szymon+_ywko+_2020-01-13_11-28-54.CSV,2020-01-13,11-28-54,-1
73,0,2072.0,8.02,136,149.0,40,61,81,361,17.8,86,136.0,7.125254695730642,5.536268125418185,259.6431196343648,260.9195273741617,273.2967032967033,Szymon+_ywko+_2019-11-08_10-56-59.CSV,2019-11-08,10-56-59,0
74,0,524.0,2.03,147,158.0,0,0,82,104,18.8,88,150.0,8.994955245210603,19.127569981418205,268.5813852424624,268.5813852424624,287.7089552238806,Szymon+_ywko+_2020-04-15_14-25-22.CSV,2020-04-15,14-25-22,0
75,0,605.0,2.11,134,140.0,0,0,81,103,25.4,88,135.0,5.591197610896171,8.068075657098603,287.4284996853671,287.4284996853671,295.49657534246575,Szymon+_ywko+_2019-10-26_16-22-19.CSV,2019-10-26,16-22-19,0
76,0,1741.0,3.98,169,177.0,0,0,66,434,23.0,90,173.0,8.779854899526734,204.85040835612847,433.7708284623178,432.2708214217613,668.8473282442748,Szymon+_ywko+_2020-01-07_18-26-32.CSV,2020-01-07,18-26-32,-1
77,0,1185.0,4.47,152,175.0,0,0,81,247,18.6,90,154.0,16.1961499581238,79.67002927017063,273.650406504065,305.335708839879,460.98867924528304,Szymon+_ywko+_2020-03-28_17-25-02.CSV,2020-03-28,17-25-02,-1
78,0,2848.0,12.06,160,174.0,15,26,83,646,14.4,88,167.0,15.450881970760353,16.297932783812925,214.5305164319249,220.81719655803283,256.5944881889764,Szymon+_ywko+_2019-12-24_10-49-00.CSV,2019-12-24,10-49-00,1
79,0,1054.0,2.82,129,156.0,10,15,75,157,16.3,100,133.0,14.877653335215143,74.46629787802026,364.4920913884007,349.7376090581179,432.6630434782609,Szymon+_ywko+_2019-12-03_11-58-25.CSV,2019-12-03,11-58-25,-1
80,0,736.0,2.78,133,149.0,0,0,79,121,25.7,96,136.0,9.340830570073122,45.06804056409413,273.4941634241245,289.7309852865864,351.2251082251082,Szymon+_ywko+_2019-10-26_15-17-40.CSV,2019-10-26,15-17-40,-1
81,0,2679.0,10.04,141,151.0,35,30,82,497,28.0,99,143.0,7.458840185303805,14.61745751766609,268.7631924646431,272.9750273987809,312.98513011152414,Szymon+_ywko+_2019-09-01_09-26-39.CSV,2019-09-01,09-26-39,0
82,0,2413.0,9.61,144,154.0,0,0,80,466,21.9,85,146.0,10.839177448820758,9.638782949090396,252.68577075098813,254.4224551899954,276.3861003861004,Szymon+_ywko+_2020-03-27_14-12-54.CSV,2020-03-27,14-12-54,0
83,0,3149.0,12.03,144,160.0,105,95,84,607,24.1,96,144.0,7.412436372831547,12.1826373574678,256.81767864145024,261.6732086616841,286.80071174377224,Szymon+_ywko+_2019-07-19_10-40-02.CSV,2019-07-19,10-40-02,0
84,0,951.0,2.19,124,160.0,0,0,72,136,24.0,110,123.0,15.159957908811256,156.17827114171948,518.9295774647887,457.3525982589659,610.2586520947177,Szymon+_ywko+_2019-08-14_19-46-59.CSV,2019-08-14,19-46-59,-1
85,0,1483.0,5.05,125,137.0,20,30,81,219,18.8,87,126.0,8.006259491578701,18.3451807827778,293.7837837837838,298.3853063072721,323.84,Szymon+_ywko+_2020-01-15_17-03-16.CSV,2020-01-15,17-03-16,0
86,0,2054.0,6.48,151,178.0,102,121,80,432,10.2,96,151.0,12.731127928130606,85.70924190677393,387.981981981982,356.6465183886802,464.2710526315789,Szymon+_ywko+_2020-01-20_11-19-48.CSV,2020-01-20,11-19-48,-1
87,0,1023.0,4.02,143,155.0,0,0,81,197,20.6,87,146.0,11.099983756784995,13.36928391598668,254.00112149825893,260.47686126093146,283.24528301886795,Szymon+_ywko+_2020-05-03_11-47-10.CSV,2020-05-03,11-47-10,0
88,0,555.0,2.03,141,149.0,86,78,82,103,20.5,83,143.0,6.795950014164999,19.577879589944786,281.9238871945076,281.9238871945076,301.5017667844523,Szymon+_ywko+_2019-10-06_12-43-31.CSV,2019-10-06,12-43-31,0
89,0,2440.0,10.03,145,163.0,15,40,81,475,16.8,88,145.0,9.48728404119792,13.10444958782331,248.67855226574312,244.604425798352,268.57254901960783,Szymon+_ywko+_2020-05-25_17-41-38.CSV,2020-05-25,17-41-38,0
90,0,2183.0,10.02,171,177.0,5,15,83,556,17.4,90,173.0,6.722685496902826,1908.76487719786,216.1605504587156,818.3720539588859,6854.410714285715,Szymon+_ywko+_2020-04-15_13-43-09.CSV,2020-04-15,13-43-09,-1
91,0,4110.0,13.37,131,154.0,146,102,78,652,16.3,96,137.0,17.928662434363336,183.90976375396664,254.51757944557133,308.34830193060526,970.270202020202,Szymon+_ywko+_2019-11-20_17-59-07.CSV,2019-11-20,17-59-07,-1
92,0,1953.0,7.43,133,144.0,40,54,81,329,17.7,91,134.0,7.447145345524437,15.747920568159362,265.82184403578947,268.6956058512032,298.1081081081081,Szymon+_ywko+_2019-11-29_18-58-37.CSV,2019-11-29,18-58-37,0
93,0,2236.0,8.03,134,144.0,5,20,83,381,16.5,90,135.0,5.913011376352807,24.75112150137134,270.5535461379235,280.2026644749678,343.23853211009174,Szymon+_ywko+_2019-12-09_16-25-38.CSV,2019-12-09,16-25-38,0
94,0,3653.000000000001,6.17,124,171.0,15,20,71,489,21.0,99,127.0,28.134064587927483,2354.0140519290803,1547.1615598885794,2286.511686097753,7721.850318471337,Szymon+_ywko+_2020-05-13_12-47-29.CSV,2020-05-13,12-47-29,-1
95,0,2868.0,9.74,138,156.0,71,74,78,506,27.2,90,144.0,13.079835394172878,145.90981188187055,261.95979852333875,310.88185946904923,741.5638977635783,Szymon+_ywko+_2020-01-29_18-42-32.CSV,2020-01-29,18-42-32,-1
96,0,511.00000000000006,2.02,135,145.0,0,0,82,88,20.2,92,138.0,8.74303568528461,11.358290792210257,258.61845339383626,258.61845339383626,269.9767441860465,Szymon+_ywko+_2019-12-26_12-58-23.CSV,2019-12-26,12-58-23,0
97,0,1608.0,5.44,128,141.0,0,0,78,250,26.0,85,132.0,13.190383639071769,39.519057121458566,287.61021639161504,294.5283513027803,354.61333333333334,Szymon+_ywko+_2019-11-30_17-10-52.CSV,2019-11-30,17-10-52,-1
98,0,3123.0,0.7,120,162.0,5,5,57,398,22.2,103,116.0,15.139692210512257,0.0,326.87764253683537,326.87764253683537,326.87764253683537,Szymon+_ywko+_2020-01-23_11-24-19.CSV,2020-01-23,11-24-19,-1
99,0,5212.0,9.28,120,159.0,20,15,69,648,21.8,107,115.0,17.038986847598892,894.3760398784704,579.3415032679738,889.9558765767715,3261.257014590348,Szymon+_ywko+_2020-01-24_11-12-17.CSV,2020-01-24,11-12-17,-1
100,0,1532.0,6.1,142,153.0,0,0,81,288,20.5,85,144.0,9.350576488815287,4.068416483782446,254.16433534043537,253.52381554399304,257.8811475409836,Szymon+_ywko+_2020-05-22_12-49-07.CSV,2020-05-22,12-49-07,0
101,0,2695.0,9.82,145,167.0,86,93,83,523,20.8,96,146.0,10.44063209268081,14.355718325007304,274.65211357634274,280.38340173199737,306.2815884476534,Szymon+_ywko+_2020-01-22_10-40-22.CSV,2020-01-22,10-40-22,0
102,0,1567.0,6.21,140,152.0,32,30,83,291,20.7,89,141.0,7.054843926921877,7.024407373735097,249.2629482071713,250.2438527317265,265.0,Szymon+_ywko+_2020-01-17_10-24-04.CSV,2020-01-17,10-24-04,0
103,0,2024.0,9.41,162,174.0,71,66,85,470,17.5,93,165.0,11.085446377404542,27.67508005896007,204.8470873786408,213.1790929737669,295.7513812154696,Szymon+_ywko+_2020-01-14_11-14-27.CSV,2020-01-14,11-14-27,1
104,0,2357.0,6.86,139,167.0,35,36,74,419,10.1,100,142.0,15.86122750777291,86.95546964826805,427.5221238938053,404.6096378705873,485.5568513119534,Szymon+_ywko+_2020-01-06_13-48-05.CSV,2020-01-06,13-48-05,-1
105,0,5629.0,5.58,112,170.0,41,50,67,543,24.5,100,126.0,43.47597543879824,1263.817169119745,490.0829211897951,1149.4480105286025,3868.8024109014673,Szymon+_ywko+_2020-04-02_14-45-58.CSV,2020-04-02,14-45-58,-1
106,0,2071.0,10.49,167,174.0,20,21,84,505,17.6,100,169.0,7.260016856534875,5.623269286139905,192.88832487309645,194.1054176091297,210.8390243902439,Szymon+_ywko+_2019-11-16_16-01-42.CSV,2019-11-16,16-01-42,1
107,0,5170.0,20.03,142,156.0,226,248,83,980,14.5,102,143.0,6.855656906960463,24.26504667833579,257.135659534973,259.9348565285569,332.4074074074074,Szymon+_ywko+_2020-01-19_10-36-35.CSV,2020-01-19,10-36-35,0
108,0,200.0,0.48,131,158.0,0,0,72,32,14.3,94,134.0,14.757792161570237,0.0,676.9547738693467,676.9547738693467,676.9547738693467,Szymon+_ywko+_2019-11-23_14-35-53.CSV,2019-11-23,14-35-53,0
109,0,5247.0,20.03,144,165.0,178,159,81,1011,25.8,98,144.0,7.6502295825898115,11.052630453086053,264.27402509024205,265.63675352492635,289.8812949640288,Szymon+_ywko+_2019-10-20_13-37-26.CSV,2019-10-20,13-37-26,0
110,0,3992.000000000001,14.18,149,176.0,0,0,81,799,12.6,100,154.0,19.238741859030625,63.413350447404994,260.26160337552744,298.9806053425354,457.8056338028169,Szymon+_ywko+_2019-12-26_13-14-51.CSV,2019-12-26,13-14-51,-1
111,0,2071.0,4.7,133,169.0,10,12,69,329,24.5,110,139.0,19.51369590374664,1404.7554246311668,554.1410891089109,1527.3740326947398,3533.9985754985755,Szymon+_ywko+_2019-08-11_19-27-17.CSV,2019-08-11,19-27-17,-1
112,0,1633.0,7.77,183,189.0,20,30,86,461,22.8,93,184.0,4.483581955166294,6.82872256122973,213.97055576002944,215.2287713443191,228.36818181818185,Szymon+_ywko+_2019-09-28_09-59-28.CSV,2019-09-28,09-59-28,-1
113,0,3014.0,12.05,138,152.0,81,110,81,535,15.4,101,139.0,7.723947972436647,15.6306397859918,254.1280991735537,255.95982656658572,300.9428571428571,Szymon+_ywko+_2020-02-03_13-41-26.CSV,2020-02-03,13-41-26,0
114,0,3947.000000000001,15.44,142,163.0,0,0,80,740,19.65,87,143.0,10.468713985307724,20.595198110397952,253.6730802281072,258.8383039629322,331.112582781457,Szymon+_ywko+_2020-05-04_13-36-00.CSV,2020-05-04,13-36-00,0
115,0,1212.0,3.15,126,151.0,0,0,74,182,21.3,100,130.0,14.556838013377224,3135.4367604623662,4440.916581609508,4314.542518699156,8101.489583333333,Szymon+_ywko+_2019-11-19_09-01-50.CSV,2019-11-19,09-01-50,-1
116,0,4718.0,18.02,143,159.0,35,45,82,890,17.7,87,146.0,10.04397731226828,11.781794252255718,255.98353846153847,253.2805478549388,279.25657894736844,Szymon+_ywko+_2020-04-26_12-14-05.CSV,2020-04-26,12-14-05,0
117,0,2068.0,10.02,168,178.0,20,35,84,512,22.9,88,170.0,6.785181948386176,13.367608164784114,207.59087938760268,210.1212379892528,246.89767441860465,Szymon+_ywko+_2020-05-02_12-03-42.CSV,2020-05-02,12-03-42,1
118,0,3025.0,11.91,142,160.0,130,134,84,572,16.2,115,143.0,8.936396868318642,12.567308765657822,265.638671875,264.6616292079328,296.3486590038314,Szymon+_ywko+_2019-12-12_12-05-35.CSV,2019-12-12,12-05-35,0
119,0,2591.0,10.15,143,152.0,56,45,81,491,30.9,87,145.0,8.600248299144328,19.652467480324788,256.26640926640925,259.63741316090443,318.84444444444443,Szymon+_ywko+_2019-08-29_16-41-50.CSV,2019-08-29,16-41-50,0
120,0,4026.000000000001,13.99,151,185.0,25,35,77,822,19.9,96,148.0,26.7957478044066,1599.890295922656,230.9089861751152,782.4829140814987,6429.563876651982,Szymon+_ywko+_2019-12-21_10-53-44.CSV,2019-12-21,10-53-44,-1
121,0,2373.0,6.32,138,175.0,88,75,74,423,26.3,103,138.0,14.85096358008172,552.2450596020312,294.62056737588654,676.3810865921407,1732.1536796536795,Szymon+_ywko+_2019-07-22_11-32-57.CSV,2019-07-22,11-32-57,-1
122,0,1558.0,6.07,139,153.0,21,35,81,280,12.7,85,142.0,8.382865750208065,12.969441368083745,256.6792730400145,260.5149973239395,285.81985294117646,Szymon+_ywko+_2019-11-11_16-03-02.CSV,2019-11-11,16-03-02,0
123,0,3980.000000000001,15.02,137,147.0,15,16,80,709,24.9,96,138.0,5.535771492923648,8.20627258440277,267.4456928838951,266.4357529763768,285.85239852398524,Szymon+_ywko+_2019-10-27_15-11-25.CSV,2019-10-27,15-11-25,0
124,0,2088.0,8.01,135,144.0,0,0,84,359,27.7,87,137.0,6.75553131330866,10.807392133062557,258.6630357301969,260.0445486077332,286.79928315412184,Szymon+_ywko+_2019-07-29_17-09-07.CSV,2019-07-29,17-09-07,0
125,0,1731.0,4.34,136,172.0,63,65,73,290,15.1,103,139.0,17.589328761615832,502.4545765625894,440.61721068249255,619.967835211306,1613.0222929936306,Szymon+_ywko+_2019-11-04_11-38-01.CSV,2019-11-04,11-38-01,-1
126,0,2078.0,10.14,171,183.0,15,22,85,526,16.0,91,171.0,7.583044531562273,4.233961414598801,207.2726888982693,206.11915530623764,210.7549019607843,Szymon+_ywko+_2019-10-06_12-04-33.CSV,2019-10-06,12-04-33,1
127,0,1445.0,5.37,137,150.0,83,93,81,253,26.1,87,137.0,9.576479845209525,21.834758398063705,271.2021669539522,274.23767848560936,311.8970588235294,Szymon+_ywko+_2019-09-19_13-45-55.CSV,2019-09-19,13-45-55,0
128,0,2638.0,12.02,161,172.0,5,21,83,606,19.2,88,167.0,13.603187359061664,16.88363760713501,215.71064814814812,221.4955385802532,271.82945736434107,Szymon+_ywko+_2020-05-26_17-18-52.CSV,2020-05-26,17-18-52,1
129,0,3080.0,8.03,128,176.0,40,40,76,459,28.8,114,129.0,14.463226774740525,1261.1722408603607,274.2925627240143,992.525014863122,3409.416122004357,Szymon+_ywko+_2019-07-31_11-25-55.CSV,2019-07-31,11-25-55,-1
130,0,1063.0,4.08,142,149.0,10,30,81,199,14.5,86,143.0,4.952875340831215,3.146003964211561,262.80122086570475,262.139932068562,265.7471698113208,Szymon+_ywko+_2019-11-12_10-33-02.CSV,2019-11-12,10-33-02,0
131,0,2473.0,10.01,146,159.0,17,40,82,487,15.7,87,148.0,8.530050104943017,7.281811179254688,250.80706574127623,250.3812637142828,261.54618473895584,Szymon+_ywko+_2020-02-12_10-29-14.CSV,2020-02-12,10-29-14,0
132,0,3820.000000000001,15.04,145,160.0,118,143,81,748,13.2,104,145.0,6.318487827330984,13.280956020435749,256.19140625,257.8578597234752,283.98523985239854,Szymon+_ywko+_2019-10-07_10-44-11.CSV,2019-10-07,10-44-11,0
133,0,4005.000000000001,16.03,142,156.0,0,0,82,761,18.9,88,143.0,7.836590826136812,7.95635735552087,251.23857140607527,252.0520930371841,264.4527559055118,Szymon+_ywko+_2020-04-10_12-13-10.CSV,2020-04-10,12-13-10,0
134,0,2057.0,8.01,140,218.0,5,26,83,380,13.2,89,140.0,8.063809098357243,6.986692156224336,260.3014444444444,259.6876153561001,275.0703703703704,Szymon+_ywko+_2019-12-06_10-31-31.CSV,2019-12-06,10-31-31,0
135,0,612.0,2.35,141,154.0,10,5,82,113,23.7,96,143.0,8.811702188077374,25.61548140677635,259.16279069767444,266.2631264320256,300.5772058823529,Szymon+_ywko+_2020-04-17_14-13-52.CSV,2020-04-17,14-13-52,-1
136,0,992.0,1.15,114,149.0,0,0,58,117,23.0,99,111.0,13.484460080483842,592.8568865027673,1579.0962027420835,1579.0962027420835,2171.953089244851,Szymon+_ywko+_2020-05-03_12-26-41.CSV,2020-05-03,12-26-41,-1
137,0,4802.0,18.55,136,152.0,166,176,82,843,10.6,90,136.0,6.045049685926603,14.47680937588408,259.5249042145594,261.1370353313157,302.1904761904762,Szymon+_ywko+_2019-11-24_13-09-46.CSV,2019-11-24,13-09-46,0
138,0,2162.0,8.03,135,148.0,71,70,85,374,25.0,90,136.0,7.4564043759892895,20.91770634415781,266.0678798422965,270.4778393686395,313.4868421052632,Szymon+_ywko+_2019-07-22_16-37-54.CSV,2019-07-22,16-37-54,0
139,0,3994.000000000001,16.03,141,158.0,0,0,82,740,19.0,88,142.0,7.290914627584488,12.520203111252473,251.28268253968253,252.22501049296665,276.09019607843135,Szymon+_ywko+_2020-04-18_16-36-11.CSV,2020-04-18,16-36-11,0
140,0,2293.0,5.12,138,167.0,0,0,71,380,28.4,119,140.0,15.378757025310206,699.6052518317691,564.2965775401069,891.3727273112654,2182.4061810154526,Szymon+_ywko+_2019-08-05_12-00-32.CSV,2019-08-05,12-00-32,-1
141,0,1149.0,4.09,131,146.0,15,25,82,186,17.8,88,132.0,8.487792496615356,27.55506102770559,288.22791246540135,294.8290805914253,338.335593220339,Szymon+_ywko+_2019-11-12_15-43-20.CSV,2019-11-12,15-43-20,-1
142,0,2727.0,8.01,126,177.0,32,38,78,402,25.0,115,127.0,25.055708825624706,35.13406459448806,348.3254921092822,352.3924562206137,411.29,Szymon+_ywko+_2020-06-23_20-19-07.CSV,2020-06-23,20-19-07,-1
143,0,18612.0,35.9,87,216.0,80,79,79,901,17.4,107,60.0,44.996970225073525,214.0129729402428,65.06139356139356,155.19947624888036,1260.2337317397078,Szymon+_ywko+_2019-12-23_10-12-16.CSV,2019-12-23,10-12-16,-1
144,0,1636.0,8.02,168,174.0,0,0,85,405,23.8,88,171.0,7.41703326283366,5.674311662318681,206.2674868024133,207.08474928078851,220.83417085427132,Szymon+_ywko+_2020-04-07_13-18-10.CSV,2020-04-07,13-18-10,1
145,0,2758.0,10.94,143,165.0,76,89,81,567,13.1,103,153.0,25.653388800767846,16.100904457390687,253.90534979423867,258.7073516609313,280.54151624548734,Szymon+_ywko+_2020-03-23_12-53-05.CSV,2020-03-23,12-53-05,-1
146,0,3061.0,12.02,144,161.0,102,121,83,593,14.1,95,145.0,7.146461620063698,12.709988602036216,254.82836314421496,257.19577704460403,285.8639705882353,Szymon+_ywko+_2020-02-18_12-46-25.CSV,2020-02-18,12-46-25,0
147,0,496.00000000000006,2.03,147,156.0,0,0,82,97,26.8,85,149.0,7.69509773360161,20.40723075375537,254.08105049624464,254.08105049624464,274.48828125,Szymon+_ywko+_2020-04-07_13-48-16.CSV,2020-04-07,13-48-16,0
148,0,1261.0,2.89,139,178.0,0,0,79,211,21.4,93,144.0,28.251381646414025,143.20446386198668,511.2183908045977,589.4552997352505,790.3467966573816,Szymon+_ywko+_2020-04-17_13-49-22.CSV,2020-04-17,13-49-22,-1
149,0,5041.0,20.03,148,169.0,20,26,82,1026,20.7,95,149.0,6.317166667319764,15.566654519469571,261.87182835244306,254.92140919855947,275.04417670682733,Szymon+_ywko+_2020-04-05_12-02-47.CSV,2020-04-05,12-02-47,0
150,0,1105.0,0.99,113,161.0,10,5,66,106,31.3,115,108.0,18.038350479642325,0.0,7198.286231884058,7198.286231884058,7198.286231884058,Szymon+_ywko+_2019-07-29_12-16-58.CSV,2019-07-29,12-16-58,-1
151,0,1890.0,9.04,169,173.0,15,5,84,470,26.5,90,171.0,7.379475373371932,4.929828329540318,212.9065420560748,211.32948798483085,219.12785388127853,Szymon+_ywko+_2020-05-19_11-19-31.CSV,2020-05-19,11-19-31,1
152,0,1928.0,9.15,126,163.0,21,23,81,285,24.4,88,136.0,21.38840621411047,49.205250970775325,246.7349397590361,232.96596048222293,290.162037037037,Szymon+_ywko+_2020-06-01_10-13-50.CSV,2020-06-01,10-13-50,-1
153,0,2596.0,5.07,139,172.0,5,5,73,465,22.5,117,140.0,13.58683273986289,398.2754050760047,296.07451564828614,487.5084103249677,1283.9145052833817,Szymon+_ywko+_2019-09-28_09-09-46.CSV,2019-09-28,09-09-46,-1
154,0,1978.0,8.02,145,158.0,0,0,82,384,24.6,87,146.0,8.941147986554295,10.3045687892205,249.78895546558704,250.7365776324453,274.8955823293173,Szymon+_ywko+_2020-04-16_13-30-08.CSV,2020-04-16,13-30-08,0
155,0,2571.0,10.03,145,157.0,20,16,81,499,27.3,90,147.0,8.616190355445696,12.747950655923892,258.40466174901974,260.43491567932944,279.85074626865674,Szymon+_ywko+_2020-04-13_11-44-25.CSV,2020-04-13,11-44-25,0
156,0,949.0,4.03,150,162.0,38,30,85,192,21.1,90,153.0,11.762736637009413,5.261975893661723,234.06939986294947,236.2665088151685,245.22033898305085,Szymon+_ywko+_2020-01-21_16-19-45.CSV,2020-01-21,16-19-45,0
157,0,2887.0,11.74,138,157.0,31,55,83,517,23.9,87,138.0,7.2834915166387955,11.520932643662766,248.01115753335927,247.0971804817805,260.9655172413793,Szymon+_ywko+_2019-08-02_19-12-23.CSV,2019-08-02,19-12-23,0
158,0,2035.0,8.02,136,145.0,0,0,81,360,20.4,87,138.0,7.6168237150264915,9.862781410424086,255.3277531445118,255.67253129865932,271.0634328358209,Szymon+_ywko+_2020-04-22_12-54-21.CSV,2020-04-22,12-54-21,0
159,0,3739.000000000001,13.84,137,147.0,40,56,82,664,12.5,88,137.0,4.559961286357448,9.708739844671102,270.8045388694511,270.36306402984485,283.95390070921985,Szymon+_ywko+_2019-12-29_11-17-25.CSV,2019-12-29,11-17-25,0
160,0,2879.0,11.79,159,171.0,60,56,84,642,14.8,95,164.0,15.372453389741883,333.2720432250183,218.44920505503467,320.1117399660346,1425.1299559471363,Szymon+_ywko+_2019-11-05_10-48-03.CSV,2019-11-05,10-48-03,-1
161,0,2522.0,9.65,148,180.0,121,111,82,506,14.1,95,149.0,9.164193634101144,17.552834880535507,257.5447280344255,263.57092670710443,303.6351351351352,Szymon+_ywko+_2019-11-01_10-27-41.CSV,2019-11-01,10-27-41,0
162,0,324.0,0.89,110,132.0,0,0,47,32,26.4,56,108.0,15.341594751433124,0.0,1682.4148606811143,1682.4148606811143,1682.4148606811143,Szymon+_ywko+_2020-05-02_11-41-13.CSV,2020-05-02,11-41-13,-1
163,0,599.0,2.37,132,145.0,0,0,81,101,27.7,90,136.0,11.10933691523135,14.3695988839582,249.52589641434264,256.9853146572092,277.0856031128405,Szymon+_ywko+_2020-05-19_10-59-09.CSV,2020-05-19,10-59-09,0
164,0,569.0,2.12,140,147.0,0,0,81,103,18.1,85,142.0,7.408089210909538,16.086549126627514,261.3869731800766,266.17002595773914,287.8231046931408,Szymon+_ywko+_2020-03-28_18-07-28.CSV,2020-03-28,18-07-28,0
165,0,1706.0,5.84,140,149.0,0,0,79,314,27.2,85,141.0,5.395330876257559,536.1784894617773,298.4546591789838,535.6055154784157,1734.4697508896795,Szymon+_ywko+_2019-09-30_16-09-37.CSV,2019-09-30,16-09-37,-1
166,0,2105.0,8.03,137,146.0,5,10,81,370,21.7,85,138.0,6.488128280959936,5.196480235230334,261.1594812630118,262.5683318070601,274.9135338345865,Szymon+_ywko+_2019-10-11_14-46-26.CSV,2019-10-11,14-46-26,0
167,0,1075.0,4.02,138,151.0,20,25,82,192,15.7,99,140.0,7.54286444742029,717.7289333375013,270.8233779897594,683.081986197677,1926.1927272727276,Szymon+_ywko+_2019-11-05_17-00-46.CSV,2019-11-05,17-00-46,-1
168,0,1808.0,2.69,129,172.0,5,15,64,264,24.5,99,127.0,23.248871434377502,797.316874366375,1569.7902097902097,1599.2837031901,2590.2060988433227,Szymon+_ywko+_2020-04-06_17-47-17.CSV,2020-04-06,17-47-17,-1
169,0,1014.0,3.96,133,143.0,0,0,82,171,25.3,85,136.0,8.74679002269058,12.585651712306664,257.7359475852227,260.63625198810007,278.5451127819549,Szymon+_ywko+_2020-02-07_16-30-58.CSV,2020-02-07,16-30-58,0
170,0,2554.0,12.04,167,174.0,46,51,84,625,15.0,88,169.0,7.611125947202636,4.411161432931781,211.33945497630333,212.4670084471543,223.7803738317757,Szymon+_ywko+_2019-11-26_10-06-39.CSV,2019-11-26,10-06-39,1
171,0,2519.0,10.02,144,164.0,62,88,81,481,15.8,88,146.0,9.12585225178642,14.606794698161693,262.6911043086342,259.0216440216042,280.3065693430657,Szymon+_ywko+_2020-02-25_16-42-44.CSV,2020-02-25,16-42-44,0
172,0,662.0,0.46,118,158.0,6,5,56,79,21.1,103,113.0,14.077164522836936,0.0,577.446293494705,577.446293494705,577.446293494705,Szymon+_ywko+_2020-05-30_11-00-03.CSV,2020-05-30,11-00-03,-1
173,0,1203.0,3.84,137,160.0,0,0,81,214,14.7,103,139.0,10.968159261191232,76.13104723203745,377.95194808322094,372.3610113999066,450.2408536585366,Szymon+_ywko+_2019-12-10_11-44-06.CSV,2019-12-10,11-44-06,-1
174,0,2053.0,8.03,134,144.0,15,15,82,351,15.8,88,135.0,6.509710234064694,8.787060017993806,259.20037402346696,262.50570070347896,278.53515625,Szymon+_ywko+_2019-12-20_14-22-10.CSV,2019-12-20,14-22-10,0
175,0,1328.0,3.01,118,152.0,5,10,73,164,31.1,106,124.0,16.906240246658772,799.9034127206716,272.85185185185185,836.0578262262111,1967.2886597938143,Szymon+_ywko+_2019-08-07_10-07-13.CSV,2019-08-07,10-07-13,-1
176,0,4152.0,16.47,138,147.0,35,35,82,741,25.8,85,139.0,5.854350669693075,8.507412577771033,252.22310756972112,253.13732301452697,279.6,Szymon+_ywko+_2019-09-11_10-48-22.CSV,2019-09-11,10-48-22,0
177,0,736.0,1.71,132,155.0,0,0,68,119,18.2,103,134.0,15.31969224630645,23.581270486332528,623.8011657742907,623.8011657742907,647.3824362606232,Szymon+_ywko+_2020-01-25_11-57-14.CSV,2020-01-25,11-57-14,0
178,0,2578.0,10.04,140,152.0,50,25,82,475,27.1,90,141.0,5.982103671699883,8.762709235129131,256.69714656290535,259.1826144522126,277.0265151515151,Szymon+_ywko+_2019-08-18_18-08-29.CSV,2019-08-18,18-08-29,0
179,0,2125.0,8.26,147,157.0,0,0,81,424,15.4,96,150.0,8.652654259293127,113.1773717446344,253.7421875,295.4545862522618,615.1538461538462,Szymon+_ywko+_2020-04-14_13-10-54.CSV,2020-04-14,13-10-54,-1
180,0,860.0,3.12,139,156.0,45,12,84,157,24.9,90,140.0,8.343010892386927,11.17566787607689,273.25457875457874,275.2475485056757,292.547703180212,Szymon+_ywko+_2019-07-20_10-38-42.CSV,2019-07-20,10-38-42,0
181,0,1976.0,8.03,140,151.0,0,0,83,361,23.1,90,141.0,7.372982183040378,13.08450378664026,255.85374414357184,249.4272568617376,263.63984674329504,Szymon+_ywko+_2020-04-06_16-22-37.CSV,2020-04-06,16-22-37,0
182,0,1507.0,4.81,145,168.0,0,0,79,290,21.2,99,149.0,14.026281178127103,947.7206755898372,393.12391930835736,812.587386509551,2703.308605341246,Szymon+_ywko+_2020-03-27_15-12-04.CSV,2020-03-27,15-12-04,-1
183,0,838.0,3.58,137,151.0,0,0,83,147,19.3,90,139.0,12.294266272684569,827.9169932055119,247.44797528749692,718.4078731573235,2152.174672489083,Szymon+_ywko+_2020-02-26_15-13-34.CSV,2020-02-26,15-13-34,-1
184,0,786.0,1.18,125,161.0,5,15,61,107,28.7,111,118.0,17.5106357276008,4358.981140064054,6688.9083245300735,6688.9083245300735,11047.889464594127,Szymon+_ywko+_2019-08-21_11-41-18.CSV,2019-08-21,11-41-18,-1
185,0,837.0,3.04,139,150.0,10,15,82,153,19.8,85,140.0,5.684858290181598,726.9956099481425,265.54477611940297,775.5854698193283,1803.7020547945208,Szymon+_ywko+_2020-01-18_10-50-06.CSV,2020-01-18,10-50-06,-1
186,0,865.0,3.08,126,134.0,0,0,81,126,25.1,85,126.0,4.146434949129461,9.049830941489642,283.5642857142857,286.4071471704624,298.6354166666667,Szymon+_ywko+_2020-02-11_12-00-42.CSV,2020-02-11,12-00-42,0
187,0,5824.0,10.9,129,177.0,50,5,66,761,16.8,111,126.0,23.072949131763657,3100.678094843616,557.3850415512466,2516.1982319471103,8897.73162939297,Szymon+_ywko+_2020-02-22_12-58-11.CSV,2020-02-22,12-58-11,-1
188,0,2531.0,12.06,166,173.0,35,31,85,616,14.5,94,167.0,4.835249917959382,3.884152818388378,209.94019138755985,211.0442125285414,216.34259259259255,Szymon+_ywko+_2019-12-03_11-09-56.CSV,2019-12-03,11-09-56,1
189,0,2681.0,5.52,137,174.0,0,0,70,457,19.1,99,136.0,20.97680119705294,1212.716783944128,738.7604963699341,1443.6545624700336,3489.089947089947,Szymon+_ywko+_2020-05-03_12-43-31.CSV,2020-05-03,12-43-31,-1
190,0,4684.0,13.57,138,178.0,0,0,78,791,23.7,117,141.0,24.12933239276428,468.55778197450064,343.71498785425104,573.2078253225889,1839.6324110671935,Szymon+_ywko+_2020-04-23_12-15-37.CSV,2020-04-23,12-15-37,-1
191,0,2986.0,11.75,140,152.0,74,75,80,549,23.0,85,141.0,7.8631324631703645,665.7816570768329,258.6490061231261,458.2410259438777,2666.234309623431,Szymon+_ywko+_2019-09-26_17-28-00.CSV,2019-09-26,17-28-00,-1
192,0,2650.0,12.02,164,175.0,5,5,83,630,26.4,89,171.0,14.226037632735926,17.9611448767003,213.48558455298888,221.2325817172164,272.1102661596958,Szymon+_ywko+_2020-04-28_11-23-24.CSV,2020-04-28,11-23-24,1
193,0,3187.0,12.03,136,150.0,5,10,84,560,28.5,90,137.0,7.534333416775685,7.101157849410274,265.42105263157896,266.5548992861415,285.3382899628253,Szymon+_ywko+_2019-08-08_12-41-30.CSV,2019-08-08,12-41-30,0
194,0,3767.000000000001,15.02,142,157.0,25,22,82,710,24.8,88,144.0,8.937685548365476,11.373487208084487,250.16129032258064,254.797720333162,279.75875486381324,Szymon+_ywko+_2020-04-24_12-50-55.CSV,2020-04-24,12-50-55,0
195,0,1961.0,8.03,139,148.0,5,20,83,356,16.5,87,141.0,6.798609639783154,7.290917751397104,245.3814058956916,245.9501690349913,262.359375,Szymon+_ywko+_2020-02-09_10-34-05.CSV,2020-02-09,10-34-05,0
196,0,3000.0,12.16,139,148.0,0,0,82,545,22.8,85,141.0,7.14270906230184,5.406963036894157,245.08064516129036,247.32306940013535,259.4,Szymon+_ywko+_2020-05-29_10-38-06.CSV,2020-05-29,10-38-06,0
197,0,1058.0,3.27,143,172.0,67,5,74,203,14.6,109,144.0,12.28687492544852,151.85158516474817,264.7428741439055,344.82956049764545,606.3324937027708,Szymon+_ywko+_2019-12-28_11-38-32.CSV,2019-12-28,11-38-32,-1
198,0,764.0,3.01,136,145.0,0,0,82,135,25.2,85,139.0,8.297780194169809,11.377517245876833,245.8207171314741,252.6593461543495,268.6920152091255,Szymon+_ywko+_2019-09-10_14-39-49.CSV,2019-09-10,14-39-49,0
199,0,2512.0,10.02,143,155.0,77,69,81,478,12.4,87,145.0,7.106040432447842,14.199520622873887,252.35010397320508,256.01350515017486,277.2629482071713,Szymon+_ywko+_2020-02-24_16-24-35.CSV,2020-02-24,16-24-35,0
200,0,533.0,1.29,122,136.0,5,5,81,71,20.8,85,128.0,12.13755601947282,28.790570175438603,288.57127192982455,288.57127192982455,317.3618421052632,Szymon+_ywko+_2019-12-04_12-10-43.CSV,2019-12-04,12-10-43,-1
201,0,2659.0,10.03,140,153.0,46,70,81,492,15.2,88,141.0,6.671887631909736,12.638620766828543,262.7394781696604,267.55549058145846,293.3768115942029,Szymon+_ywko+_2020-02-06_16-23-13.CSV,2020-02-06,16-23-13,0
202,0,2056.0,8.06,142,159.0,20,26,83,385,14.8,89,144.0,9.47713939485813,12.84521850571497,253.48920398622047,258.9190942531731,287.80694980694983,Szymon+_ywko+_2019-12-16_08-53-09.CSV,2019-12-16,08-53-09,0
203,0,1371.0,0.72,114,136.0,0,0,64,145,29.7,101,117.0,12.677466928506409,0.0,1171.512408759124,1171.512408759124,1171.512408759124,Szymon+_ywko+_2019-09-12_16-02-53.CSV,2019-09-12,16-02-53,-1
204,0,549.0,1.64,123,131.0,0,0,80,78,16.25,87,124.0,4.903381190346922,26.181926173610805,343.97773769193543,343.97773769193543,370.15966386554624,Szymon+_ywko+_2019-12-07_12-12-56.CSV,2019-12-07,12-12-56,-1
205,0,2678.0,6.95,151,177.0,0,0,72,557,15.9,96,154.0,14.465212995382023,140.41947113369991,475.7252396166134,455.9956030956806,680.825,Szymon+_ywko+_2020-04-14_14-03-33.CSV,2020-04-14,14-03-33,-1
206,0,2539.0,10.02,138,147.0,0,0,81,457,19.5,87,140.0,7.456809727057514,7.717201154370437,255.1068894483864,255.3924730463281,269.44444444444446,Szymon+_ywko+_2020-05-28_11-21-10.CSV,2020-05-28,11-21-10,0
207,0,3006.0,11.55,139,150.0,0,0,82,551,19.7,95,142.0,8.372809466432965,12.92888358444218,264.4578616352201,265.70531427754673,292.4591439688716,Szymon+_ywko+_2020-04-03_12-59-22.CSV,2020-04-03,12-59-22,0
208,0,5048.0,14.8,136,174.0,15,20,80,848,24.7,110,140.0,21.45336720349764,368.0127848588561,358.271186440678,440.4786561207276,1790.4261083743845,Szymon+_ywko+_2020-04-09_11-21-36.CSV,2020-04-09,11-21-36,-1
209,0,2633.0,10.02,138,148.0,10,31,83,472,13.7,88,142.0,9.477573092408443,19.866890664745164,265.1197808235022,271.2479841828382,316.1920529801325,Szymon+_ywko+_2020-02-14_11-04-43.CSV,2020-02-14,11-04-43,0
210,0,777.0,3.06,140,148.0,0,0,84,142,26.5,87,142.0,7.39626229722045,12.912667162353005,246.268,254.47858499647444,272.70992366412213,Szymon+_ywko+_2019-07-28_10-42-01.CSV,2019-07-28,10-42-01,0
211,0,1107.0,2.38,128,156.0,0,0,68,161,29.3,83,131.0,15.560789851288606,88.19862391329059,282.4021739130435,334.1576311102214,458.318244170096,Szymon+_ywko+_2019-09-01_10-42-18.CSV,2019-09-01,10-42-18,-1
212,0,2071.0,10.16,159,170.0,20,5,84,486,23.3,88,166.0,21.26321353345161,6.1679958775849455,205.11219512195123,206.45804307417592,223.96116504854368,Szymon+_ywko+_2020-06-01_17-24-01.CSV,2020-06-01,17-24-01,1
213,0,135.0,0.29,120,142.0,0,0,61,18,22.4,96,117.0,11.338520209601906,0.0,604.9626865671642,604.9626865671642,604.9626865671642,Szymon+_ywko+_2020-05-13_12-45-04.CSV,2020-05-13,12-45-04,-1
214,0,1527.0,6.15,150,159.0,30,25,89,331,20.8,96,151.0,4.8820868009373735,115.5713339104408,238.489539748954,295.4552950221119,575.0288461538462,Szymon+_ywko+_2020-06-15_17-57-02.CSV,2020-06-15,17-57-02,-1
215,0,5148.0,13.25,144,181.0,35,30,74,929,25.0,99,138.0,24.239156403313626,1072.956626228179,421.66061776061775,1025.4463944477072,3345.278481012658,Szymon+_ywko+_2020-05-23_11-12-51.CSV,2020-05-23,11-12-51,-1
216,0,3108.0,11.9,141,156.0,93,105,80,580,17.8,98,142.0,6.635005984691953,16.87858648330597,267.4380111524164,264.93270453030067,306.22968197879857,Szymon+_ywko+_2019-10-03_14-04-50.CSV,2019-10-03,14-04-50,0
217,0,5602.0,22.21,141,157.0,200,202,83,1048,15.4,90,142.0,6.957548879287656,14.1459769172222,249.936,252.69618867977772,296.7442748091603,Szymon+_ywko+_2020-01-12_10-37-27.CSV,2020-01-12,10-37-27,0
218,0,5174.0,6.02,116,149.0,55,60,64,423,25.7,111,110.0,14.893119858369936,5013.172370057881,2784.612352166964,4861.570752118437,14065.87018255578,Szymon+_ywko+_2020-02-24_17-34-14.CSV,2020-02-24,17-34-14,-1
219,0,2081.0,5.67,152,176.0,0,0,77,437,29.3,107,150.0,12.53837010348917,790.9405871566405,556.9969394454314,809.5015549009746,2553.059620596206,Szymon+_ywko+_2019-07-20_17-31-32.CSV,2019-07-20,17-31-32,-1
220,0,819.0,3.06,144,155.0,35,23,82,159,23.2,101,148.0,9.040138960304422,10.533397324151876,267.2156133828996,271.15002523747745,285.5598591549296,Szymon+_ywko+_2019-10-23_16-40-41.CSV,2019-10-23,16-40-41,0
221,0,1515.0,6.03,140,147.0,21,30,83,281,18.3,90,141.0,5.086057614437806,7.44582288557636,252.09290625,251.71833614385372,262.2911877394636,Szymon+_ywko+_2020-01-23_10-41-50.CSV,2020-01-23,10-41-50,0
222,0,2625.0,6.21,125,140.0,35,43,76,372,15.1,88,131.0,11.080811425843711,12896.971017043446,329.61919504643964,5770.325048526878,37347.04615384615,Szymon+_ywko+_2019-11-02_16-32-26.CSV,2019-11-02,16-32-26,-1
223,0,3724.000000000001,12.58,151,181.0,89,97,76,768,15.0,101,153.0,19.19292427542808,82.51583455323117,331.9592760180996,363.4826238175649,573.106628242075,Szymon+_ywko+_2019-12-18_17-44-19.CSV,2019-12-18,17-44-19,-1
224,0,1590.0,6.16,137,146.0,25,35,82,281,17.7,90,139.0,6.537208296043372,9.315585253233875,259.4153846153846,261.4201060348695,281.28464419475654,Szymon+_ywko+_2019-11-04_16-32-22.CSV,2019-11-04,16-32-22,0
225,0,1576.0,6.02,136,146.0,5,5,81,276,28.0,85,138.0,8.94434289600247,12.989611178649405,261.0479638928396,265.3924745704186,283.6766917293233,Szymon+_ywko+_2020-05-11_11-56-50.CSV,2020-05-11,11-56-50,0
226,0,3065.0,14.03,156,172.0,0,0,83,676,21.0,88,164.0,14.33195061347659,21.177734371625125,210.1580770107086,222.1358614335468,268.0733590733591,Szymon+_ywko+_2020-04-21_16-52-26.CSV,2020-04-21,16-52-26,1
227,0,521.0,0.89,119,156.0,0,0,59,64,28.4,99,112.0,16.07117899629775,0.0,651.151923076923,651.151923076923,651.151923076923,Szymon+_ywko+_2020-04-29_11-53-31.CSV,2020-04-29,11-53-31,-1
228,0,1553.0,3.83,120,145.0,15,30,76,208,16.2,96,130.0,18.261095734942856,69.0566631551476,348.2216514459665,361.1189114890767,460.0864946889226,Szymon+_ywko+_2019-12-10_10-25-07.CSV,2019-12-10,10-25-07,-1
229,0,771.0,3.02,134,147.0,0,0,82,142,22.8,85,140.0,18.03134094287907,6.71985473367497,265.2931726907631,263.5455808007672,270.76153846153846,Szymon+_ywko+_2020-03-28_16-43-52.CSV,2020-03-28,16-43-52,0
230,0,5068.0,14.74,136,179.0,35,47,74,845,17.6,103,139.0,27.75590978172898,917.1551281256018,302.8694029850746,627.1192383476968,3810.1641651031896,Szymon+_ywko+_2019-12-04_10-36-52.CSV,2019-12-04,10-36-52,-1
231,0,2618.0,12.01,162,174.0,0,0,83,609,14.0,91,169.0,14.433512755975496,16.756375871887425,214.196261682243,221.4042225376223,260.9035087719298,Szymon+_ywko+_2020-02-20_10-35-29.CSV,2020-02-20,10-35-29,1
232,0,3111.0,12.02,147,162.0,100,98,79,617,19.2,87,148.0,8.874736030429611,10.470378877031814,262.3855842630652,263.99332046939446,292.9438202247191,Szymon+_ywko+_2019-10-01_18-21-46.CSV,2019-10-01,18-21-46,0
233,0,5255.0,21.13,142,220.0,70,66,82,994,13.5,88,143.0,9.349612714889604,12.297685414906155,252.5079365079365,250.85309541285488,275.9391634980989,Szymon+_ywko+_2019-12-01_10-51-23.CSV,2019-12-01,10-51-23,0
234,0,2580.0,10.14,136,147.0,112,97,85,451,25.1,90,137.0,6.614588033891864,15.483398959360818,255.0436507936508,255.8038260173843,283.44814814814816,Szymon+_ywko+_2019-07-27_11-11-13.CSV,2019-07-27,11-11-13,0
235,0,5278.0,13.51,118,119.0,35,20,72,673,27.3,104,119.0,1.9518866503577692,2501.290876470885,482.4169670752223,1458.935999328562,9302.620516499284,Szymon+_ywko+_2020-05-09_11-16-38.CSV,2020-05-09,11-16-38,-1
236,0,1618.0,6.07,140,154.0,32,36,82,301,21.3,88,142.0,9.903239963955068,228.2161519537656,258.5,353.499055014493,911.5438596491229,Szymon+_ywko+_2020-01-22_17-33-18.CSV,2020-01-22,17-33-18,-1
237,0,156.0,0.48,141,163.0,0,0,74,28,15.9,96,141.0,12.043082565070067,0.0,431.8967741935484,431.8967741935484,431.8967741935484,Szymon+_ywko+_2019-10-06_11-47-23.CSV,2019-10-06,11-47-23,0
238,0,788.0,3.06,137,148.0,21,32,82,141,23.5,101,139.0,9.173851574233176,16.98702452334038,261.064,263.851682701809,285.9097472924188,Szymon+_ywko+_2019-10-23_15-31-35.CSV,2019-10-23,15-31-35,0
239,0,3000.0,0.7,91,160.0,0,0,57,135,25.4,110,104.0,38.96299302831283,0.0,4397.0673557852615,4397.0673557852615,4397.0673557852615,Szymon+_ywko+_2019-08-05_10-44-52.CSV,2019-08-05,10-44-52,-1
240,0,140.0,0.56,119,119.0,0,0,76,19,27.6,99,118.5,0.5,0.0,465.705035971223,465.705035971223,465.705035971223,Szymon+_ywko+_2020-04-29_12-03-08.CSV,2020-04-29,12-03-08,-1
241,0,754.0,0.98,95,137.0,0,0,60,79,24.4,99,100.0,15.90698088705407,0.0,1761.1912350597609,1761.1912350597609,1761.1912350597609,Szymon+_ywko+_2020-02-10_17-34-08.CSV,2020-02-10,17-34-08,-1
242,0,678.0,2.87,143,155.0,0,0,82,130,15.8,85,146.0,9.390460240426435,5.300568286646988,231.8728813559322,235.4202481421572,242.91286307053943,Szymon+_ywko+_2019-12-30_10-18-30.CSV,2019-12-30,10-18-30,0
243,0,3635.0,14.02,137,148.0,35,65,82,640,13.4,87,138.0,7.470169903553172,16.899195102601315,261.7512055125796,263.86579482605714,292.56716417910445,Szymon+_ywko+_2020-02-10_10-36-40.CSV,2020-02-10,10-36-40,0
244,0,827.0,3.13,136,149.0,31,27,83,145,24.6,104,138.0,7.442267691572316,17.69755929619941,268.3309227195946,270.97448913757506,295.3392857142857,Szymon+_ywko+_2019-10-19_13-59-36.CSV,2019-10-19,13-59-36,0
245,0,5892.0,11.33,125,178.0,81,70,67,821,27.3,114,133.0,29.567043550702127,419.62264674207336,314.2009882478633,507.4882766852391,1748.1624423963133,Szymon+_ywko+_2019-11-21_17-41-18.CSV,2019-11-21,17-41-18,-1
246,0,723.0,2.82,130,143.0,0,0,82,122,17.9,85,136.0,16.777342189642273,9.30283972109833,262.67578125,268.3232901324289,281.4375,Szymon+_ywko+_2020-03-31_13-13-38.CSV,2020-03-31,13-13-38,0
247,0,2697.0,10.92,160,182.0,35,20,80,612,18.8,103,172.0,22.93754601367492,128.51379006468656,177.33701657458565,256.10042891220115,495.1975903614458,Szymon+_ywko+_2019-11-28_12-16-14.CSV,2019-11-28,12-16-14,-1
248,0,2295.0,9.03,142,154.0,70,61,83,434,13.3,94,144.0,9.602742983137748,12.932095360928049,251.827868852459,256.6553224874851,281.8705035971223,Szymon+_ywko+_2020-02-19_16-29-21.CSV,2020-02-19,16-29-21,0
249,0,624.0,2.44,130,142.0,0,0,81,101,24.2,90,133.0,9.781208617919573,12.69348439999688,284.6923076923077,282.17477138453256,296.30864197530866,Szymon+_ywko+_2019-10-22_18-03-23.CSV,2019-10-22,18-03-23,0
250,0,514.0,1.55,131,141.0,0,0,81,86,11.1,85,134.0,7.314960815575053,94.846087949743,451.1146963639825,451.1146963639825,545.9607843137255,Szymon+_ywko+_2019-11-23_15-33-55.CSV,2019-11-23,15-33-55,-1
251,0,2344.0,9.17,144,163.0,57,76,81,451,9.9,99,147.0,9.815585051272125,21.980106984530742,258.8470211816825,264.4395453165177,322.6830985915493,Szymon+_ywko+_2020-03-22_15-04-29.CSV,2020-03-22,15-04-29,0
252,0,2049.0,8.07,135,144.0,0,0,84,356,25.1,93,136.0,5.485185959896751,4.6131149233934,249.9255873015873,251.67821692724985,259.99236641221376,Szymon+_ywko+_2019-08-03_15-15-13.CSV,2019-08-03,15-15-13,0
253,0,242.00000000000003,0.95,137,141.0,0,0,81,42,30.1,83,137.0,4.271588600966351,0.0,261.5311203319502,261.5311203319502,261.5311203319502,Szymon+_ywko+_2019-08-28_18-02-01.CSV,2019-08-28,18-02-01,0
254,0,928.0,1.2,105,115.0,5,5,62,88,18.5,100,104.0,4.528686741367808,1483.360649864716,2574.504767511775,2574.504767511775,4057.8654173764903,Szymon+_ywko+_2019-12-28_10-42-10.CSV,2019-12-28,10-42-10,-1
255,0,776.0,2.12,138,190.0,0,0,77,134,23.4,100,140.0,20.38255416929144,6.093191839048576,362.297520661157,359.3498776204082,364.8884758364312,Szymon+_ywko+_2020-01-14_11-50-46.CSV,2020-01-14,11-50-46,-1
256,0,2122.0,0.88,86,104.0,10,5,49,95,28.4,67,86.0,5.501415559406544,0.0,1240.125412541254,1240.125412541254,1240.125412541254,Szymon+_ywko+_2020-01-18_13-07-19.CSV,2020-01-18,13-07-19,-1
257,0,472.00000000000006,1.86,140,148.0,6,10,81,86,21.5,86,141.0,7.469148426749739,16.33906112898508,258.2236765136005,258.2236765136005,274.56273764258555,Szymon+_ywko+_2019-11-16_16-44-16.CSV,2019-11-16,16-44-16,0
258,0,621.0,2.52,136,147.0,0,0,82,104,22.2,87,139.0,10.089580040329652,13.76902262461502,277.0735930735931,271.4678831678832,284.81467181467184,Szymon+_ywko+_2019-10-30_17-21-42.CSV,2019-10-30,17-21-42,0
259,0,1920.0,5.72,144,179.0,0,0,76,371,26.7,103,142.0,14.037102291623544,119.04425854276384,390.4916617210682,415.5401681454656,596.0929577464789,Szymon+_ywko+_2019-07-26_11-47-50.CSV,2019-07-26,11-47-50,-1
260,0,598.0,2.15,123,130.0,0,0,83,89,28.4,92,124.0,6.879816279737041,634.815506174823,276.4634146341463,723.2243014771283,1620.9856630824372,Szymon+_ywko+_2019-08-06_10-23-44.CSV,2019-08-06,10-23-44,-1
261,0,532.0,2.15,146,154.0,0,0,83,103,28.6,85,148.0,6.5691303431980375,742.041696441424,237.5103734439834,756.0888919883306,1805.470588235294,Szymon+_ywko+_2019-07-20_17-03-07.CSV,2019-07-20,17-03-07,-1
262,0,1588.0,6.02,133,141.0,35,31,81,267,24.7,96,135.0,6.98021703476533,11.030306794522144,267.796001542105,267.92345464183586,289.1310861423221,Szymon+_ywko+_2019-08-30_17-10-28.CSV,2019-08-30,17-10-28,0
263,0,7092.0,7.78,118,220.0,41,17,65,750,29.5,119,128.0,26.873981967079388,6044.007155277116,291.972037037037,2922.254901752437,18746.717770034844,Szymon+_ywko+_2019-07-24_10-36-19.CSV,2019-07-24,10-36-19,-1
264,0,3107.0,12.02,127,162.0,10,5,81,562,14.6,87,136.0,23.909559171087,9.132868275367056,259.0130993062028,260.6263845884082,277.4981132075472,Szymon+_ywko+_2020-04-01_10-22-07.CSV,2020-04-01,10-22-07,-1
265,0,270.0,0.42,114,143.0,0,0,69,29,20.8,114,112.0,15.59965939631976,0.0,513.3011152416357,513.3011152416357,513.3011152416357,Szymon+_ywko+_2020-04-19_13-10-03.CSV,2020-04-19,13-10-03,-1
266,0,762.0,3.02,137,150.0,20,5,83,135,22.5,88,138.0,7.514391805724944,13.230355441072463,267.9757085020243,267.68386167958647,283.73977695167287,Szymon+_ywko+_2020-01-24_10-43-53.CSV,2020-01-24,10-43-53,0
267,0,922.0,3.56,145,162.0,20,37,80,178,18.1,96,149.0,10.440706178491068,95.66963639081028,276.49696417729206,321.89730791538574,486.1194968553459,Szymon+_ywko+_2020-03-24_12-59-02.CSV,2020-03-24,12-59-02,-1
268,0,2388.0,6.39,123,147.0,0,0,77,330,18.2,104,133.0,19.49940851233397,559.4745722406676,262.84375,486.9728985601042,1857.2985948477751,Szymon+_ywko+_2020-05-15_16-15-04.CSV,2020-05-15,16-15-04,-1
269,0,1926.0,2.08,122,151.0,0,0,71,243,31.2,85,115.0,16.570360673213074,4306.582582318974,748.5394736842105,3614.044979723991,9701.004319654428,Szymon+_ywko+_2019-07-28_11-58-07.CSV,2019-07-28,11-58-07,-1
270,0,2122.0,10.62,165,172.0,0,0,84,511,20.3,87,167.0,5.644760407314933,5.658759165814278,196.955,197.33077813672853,211.2745098039216,Szymon+_ywko+_2019-10-22_18-25-31.CSV,2019-10-22,18-25-31,1
271,0,742.0,0.93,118,157.0,0,0,62,81,30.6,106,113.0,18.91313446529219,0.0,1182.0863697705804,1182.0863697705804,1182.0863697705804,Szymon+_ywko+_2019-08-12_10-33-11.CSV,2019-08-12,10-33-11,-1
272,0,1981.0,8.03,146,157.0,0,0,81,394,17.4,87,150.0,9.969675785185192,6.2963709310250415,247.55853251716545,248.7862956840711,261.7926829268293,Szymon+_ywko+_2020-04-02_13-56-15.CSV,2020-04-02,13-56-15,0
273,0,1771.0,6.48,134,142.0,46,35,83,305,28.1,88,135.0,5.573078955079321,15.675045926018935,273.7617328519856,273.59408982137614,300.4581818181818,Szymon+_ywko+_2019-07-29_10-20-40.CSV,2019-07-29,10-20-40,0
274,0,481.00000000000006,1.54,140,168.0,0,0,76,88,18.0,110,138.0,12.68945318846412,69.69502919760652,436.0936305962079,436.0936305962079,505.7886597938144,Szymon+_ywko+_2019-12-02_17-06-22.CSV,2019-12-02,17-06-22,-1
275,0,3266.0,13.04,138,159.0,71,86,80,583,14.0,104,138.0,6.224887239688218,17.687167370110817,246.33333333333331,253.0103779481493,305.1194539249147,Szymon+_ywko+_2019-11-14_17-42-16.CSV,2019-11-14,17-42-16,0
276,0,2026.0,10.03,165,170.0,0,0,85,485,17.0,89,166.0,6.541940785382057,3.955883824777128,203.7259882851751,204.9663951838392,214.8080808080808,Szymon+_ywko+_2020-05-12_15-39-05.CSV,2020-05-12,15-39-05,1
277,0,560.0,2.19,136,144.0,0,0,82,97,24.9,87,138.0,9.473449074715722,5.248149303005781,256.23622047244095,259.4724476404735,266.875,Szymon+_ywko+_2020-04-23_11-55-42.CSV,2020-04-23,11-55-42,0
278,0,3000.0,5.49,116,165.0,0,0,68,321,25.0,115,112.0,19.582125853435222,19429.30828943114,409.6637001078749,9314.573058064818,52742.93525179856,Szymon+_ywko+_2020-02-07_17-25-08.CSV,2020-02-07,17-25-08,-1
279,0,620.0,2.43,136,150.0,0,0,82,110,22.8,85,140.0,11.892697669809513,4.2887602190346765,257.2962962962963,260.1916440249774,266.25482625482624,Szymon+_ywko+_2020-04-19_12-43-13.CSV,2020-04-19,12-43-13,0
280,0,631.0,2.48,136,174.0,0,0,83,112,17.0,89,138.0,12.462802300007018,17.507326541076843,285.8333333333333,275.7313955785428,290.25650557620816,Szymon+_ywko+_2019-11-23_14-11-26.CSV,2019-11-23,14-11-26,0
281,0,534.0,2.02,129,138.0,0,0,81,84,22.5,87,131.0,9.310329580881229,14.81328063241108,266.4812648221344,266.4812648221344,281.29454545454547,Szymon+_ywko+_2020-05-12_15-19-38.CSV,2020-05-12,15-19-38,0
282,0,5193.0,8.52,126,169.0,36,40,71,539,25.9,119,129.0,17.09256695554962,3260.5342527530124,298.6231343283582,1496.264459048993,10713.851797862002,Szymon+_ywko+_2020-02-12_16-42-12.CSV,2020-02-12,16-42-12,-1
283,0,3790.000000000001,14.74,141,172.0,5,5,81,708,16.3,96,139.0,10.945917428104952,9.487131482601724,261.67432950191574,263.5863722762696,281.2014652014652,Szymon+_ywko+_2019-11-15_13-36-04.CSV,2019-11-15,13-36-04,0
284,0,324.0,1.15,155,175.0,0,0,78,69,18.8,91,157.0,13.529456397684806,107.13719825372368,534.2356831022086,534.2356831022086,641.3728813559322,Szymon+_ywko+_2020-03-28_17-46-45.CSV,2020-03-28,17-46-45,-1
285,0,2178.0,9.94,172,179.0,35,35,86,555,26.2,93,173.0,6.30308072225597,12.146120360337608,217.25806451612905,216.70701401108568,241.7696078431373,Szymon+_ywko+_2019-07-20_11-05-16.CSV,2019-07-20,11-05-16,1
286,0,3701.000000000001,15.03,138,169.0,117,137,81,749,14.8,94,149.0,29.3081154094421,14.787055675766585,248.76892430278883,250.3055902755471,286.2241992882562,Szymon+_ywko+_2020-03-25_13-25-03.CSV,2020-03-25,13-25-03,-1
287,0,1611.0,6.01,133,140.0,5,20,81,270,18.5,88,134.0,6.333710946406639,14.18925015217745,267.14887284430586,273.71069386245944,305.1090909090909,Szymon+_ywko+_2019-12-04_16-27-24.CSV,2019-12-04,16-27-24,0
288,0,149.0,0.49,133,151.0,0,0,76,25,17.2,95,134.0,10.857121516944645,0.0,433.7364864864865,433.7364864864865,433.7364864864865,Szymon+_ywko+_2019-12-18_17-41-15.CSV,2019-12-18,17-41-15,0
289,0,1487.0,6.04,140,149.0,0,0,81,272,23.0,85,143.0,8.439452002528363,7.570080682133785,246.6590119328613,248.34963696607775,260.2350597609562,Szymon+_ywko+_2020-04-27_16-21-38.CSV,2020-04-27,16-21-38,0
290,0,735.0,2.83,138,156.0,0,0,82,128,9.7,85,142.0,13.147088421639092,24.094956410750918,257.5482625482625,266.577507908045,299.54744525547443,Szymon+_ywko+_2020-03-30_13-58-06.CSV,2020-03-30,13-58-06,0
291,0,119.0,0.34,137,149.0,0,0,72,21,19.1,93,138.0,8.45394097859219,0.0,581.2796610169491,581.2796610169491,581.2796610169491,Szymon+_ywko+_2019-10-30_17-34-54.CSV,2019-10-30,17-34-54,0
292,0,1501.0,3.8,131,161.0,5,5,73,231,19.9,99,138.0,18.458804281799488,3791.901598716583,391.42005489650296,2527.31152188922,9091.722433460076,Szymon+_ywko+_2020-05-05_17-04-59.CSV,2020-05-05,17-04-59,-1
293,0,1966.0,7.21,133,143.0,30,50,82,330,11.4,87,135.0,6.308915848261208,9.263196510509784,274.91441920017434,275.8233497407749,297.8888888888889,Szymon+_ywko+_2019-11-11_10-29-15.CSV,2019-11-11,10-29-15,0
294,0,1996.0,8.03,137,151.0,44,31,80,357,21.6,88,138.0,7.921338957641011,12.12670468269748,252.69386189258316,258.1121606168231,282.3070175438597,Szymon+_ywko+_2019-10-21_16-41-56.CSV,2019-10-21,16-41-56,0
295,0,749.0,3.03,138,156.0,0,0,83,142,23.5,87,149.0,25.079641285254056,2.928005271781909,248.9032258064516,248.37439038721428,251.66666666666663,Szymon+_ywko+_2020-04-04_12-31-34.CSV,2020-04-04,12-31-34,-1
296,0,740.0,2.71,124,155.0,41,21,81,114,11.4,93,129.0,15.534655787069926,29.98602871866813,307.97202797202794,287.8397745318265,310.0964285714286,Szymon+_ywko+_2020-03-24_14-21-09.CSV,2020-03-24,14-21-09,-1
297,0,809.0,3.3,134,146.0,0,0,82,136,25.4,96,137.0,11.529563145596676,33.180336165107775,258.1115153286468,272.7190469782275,328.8703703703704,Szymon+_ywko+_2020-05-27_12-25-56.CSV,2020-05-27,12-25-56,-1
298,0,2689.0,10.24,138,148.0,15,31,82,479,12.5,91,138.0,6.596621245862091,15.704492570498145,264.8787878787879,265.6959888648273,301.3984962406015,Szymon+_ywko+_2020-02-07_10-33-04.CSV,2020-02-07,10-33-04,0
299,0,3591.0,15.04,146,163.0,118,127,83,711,8.9,92,147.0,8.592022679076834,408.1374830616245,239.5145228215768,353.51739962181654,1878.611872146119,Szymon+_ywko+_2019-11-22_12-04-03.CSV,2019-11-22,12-04-03,-1
300,0,4828.0,7.66,120,120.0,48,10,68,534,22.7,107,120.0,0.0,827.3704927825765,971.2707093253968,1321.9100519502877,2750.290015847861,Szymon+_ywko+_2019-09-14_10-01-43.CSV,2019-09-14,10-01-43,-1
301,0,556.0,2.17,132,144.0,0,0,83,93,20.2,88,133.0,9.45307309085947,11.63232216764723,263.4016064257028,261.2998139745128,274.3787878787879,Szymon+_ywko+_2019-12-18_17-24-26.CSV,2019-12-18,17-24-26,0
302,0,6206.0,17.36,140,166.0,786,792,79,1135,29.1,118,138.0,12.792161697252524,140.29111219692345,312.48181461255666,382.0148926218157,706.9822404371585,Szymon+_ywko+_2019-07-25_10-44-34.CSV,2019-07-25,10-44-34,-1
303,0,4126.0,11.78,143,182.0,26,30,79,673,17.0,106,140.0,25.74348625748087,3686.175785213688,271.5120446033368,1759.2528029935982,13326.445910290238,Szymon+_ywko+_2019-12-07_10-39-26.CSV,2019-12-07,10-39-26,-1
304,0,3953.000000000001,15.68,142,152.0,0,0,82,749,20.0,88,143.0,7.729006321888659,7.540702853910228,254.0761795019525,253.6055877663545,273.2988505747126,Szymon+_ywko+_2020-05-08_12-12-12.CSV,2020-05-08,12-12-12,0
305,0,1530.0,6.01,138,146.0,73,47,83,276,30.2,90,140.0,6.565929725151935,6.317244968535163,253.0940803382664,255.5275994785724,269.0894941634241,Szymon+_ywko+_2019-08-09_16-55-56.CSV,2019-08-09,16-55-56,0
306,0,1919.0,7.63,146,159.0,52,61,81,383,14.6,101,149.0,8.029845164235788,15.157701665094178,245.48209348255432,252.12394801298967,287.45620437956205,Szymon+_ywko+_2020-03-21_16-12-22.CSV,2020-03-21,16-12-22,0
307,0,578.0,2.25,138,147.0,0,0,82,104,24.4,85,143.0,11.374954662635316,7.988381208946205,256.1290322580645,258.6684256841868,269.47148288973386,Szymon+_ywko+_2020-04-17_12-48-49.CSV,2020-04-17,12-48-49,0
308,0,1957.0,8.02,134,142.0,15,25,80,334,17.8,87,135.0,5.106479614106851,5.921739249519695,241.4532520325203,242.44548507231477,254.01185770750988,Szymon+_ywko+_2019-11-17_14-10-12.CSV,2019-11-17,14-10-12,0
309,0,535.0,2.06,141,154.0,0,0,83,102,16.7,91,145.5,9.026544355114638,30.077470126627414,298.3195336186909,298.3195336186909,328.3970037453184,Szymon+_ywko+_2019-11-26_10-53-10.CSV,2019-11-26,10-53-10,-1
310,0,3032.0,11.68,136,147.0,104,95,81,531,29.6,85,136.0,6.610797811020147,12.377200545400363,262.57471264367814,260.41360200920303,280.3970588235294,Szymon+_ywko+_2019-08-26_18-16-01.CSV,2019-08-26,18-16-01,0
311,0,2638.0,10.15,136,142.0,40,21,83,462,26.0,89,137.0,5.391481882998654,5.983607822077954,260.0153846153846,260.9055382051097,269.3370786516854,Szymon+_ywko+_2019-08-13_18-33-41.CSV,2019-08-13,18-33-41,0
312,0,1808.0,8.31,172,182.0,0,0,86,463,30.3,90,175.0,10.504630897849758,86.02364061578811,202.33816425120773,232.82979934011996,475.2267441860465,Szymon+_ywko+_2019-07-24_17-29-57.CSV,2019-07-24,17-29-57,-1
313,0,3029.0,11.71,136,148.0,62,57,81,533,24.3,95,137.0,6.268073602518044,17.14853779470443,262.5920468666785,263.2631296351357,297.38490566037734,Szymon+_ywko+_2019-08-22_19-07-06.CSV,2019-08-22,19-07-06,0
314,0,4232.0,0.68,62,147.0,10,20,51,259,27.6,100,44.0,36.03768572044277,0.0,5223.547151973528,5223.547151973528,5223.547151973528,Szymon+_ywko+_2019-10-25_15-44-08.CSV,2019-10-25,15-44-08,-1
315,0,3261.0,4.22,118,204.0,0,0,50,339,28.4,110,118.0,22.041892677814232,402.9778110816845,376.8434125269978,564.7750694078175,1366.7417783191231,Szymon+_ywko+_2019-10-15_08-50-09.CSV,2019-10-15,08-50-09,-1
316,0,1347.0,0.1,127,137.0,0,0,80,205,25.0,83,129.0,5.889811793409762,0.0,1506.1723625557206,1506.1723625557206,1506.1723625557206,Szymon+_ywko+_2020-02-10_17-00-08.CSV,2020-02-10,17-00-08,0
317,0,2409.0,0.29,133,182.0,5,10,73,380,26.3,88,131.0,30.29997685240206,0.0,2760.285299003322,2760.285299003322,2760.285299003322,Szymon+_ywko+_2020-01-21_10-22-10.CSV,2020-01-21,10-22-10,-1
318,0,2278.0,9.3,145,161.0,62,51,82,443,13.4,92,147.0,10.508513206016415,23.5541785904148,253.10690625,261.4211826549472,321.28215767634856,Szymon+_ywko+_2020-01-09_12-00-13.CSV,2020-01-09,12-00-13,0
319,0,714.0,0.13,91,100.0,0,0,57,23,31.8,85,91.0,3.46827577344426,0.0,91.46002805049088,91.46002805049088,91.46002805049088,Szymon+_ywko+_2019-09-28_13-04-57.CSV,2019-09-28,13-04-57,-1
320,0,448.0,1.97,135,149.0,0,0,84,75,25.5,98,142.0,15.343432698886874,9.733221543899106,229.60999879508395,229.60999879508395,239.34322033898303,Szymon+_ywko+_2020-06-01_17-11-00.CSV,2020-06-01,17-11-00,6
321,0,3178.0,12.31,134,147.0,93,116,81,543,14.7,93,135.0,7.585587316859689,14.56293655585064,259.65900383141764,262.5901130678852,298.77735849056603,Szymon+_ywko+_2019-11-27_15-21-27.CSV,2019-11-27,15-21-27,0
322,0,1579.0,3.45,122,160.0,0,0,69,211,28.7,110,126.0,16.66848814976193,2791.091673052292,1069.363238820708,2369.8566304979213,7072.168908819133,Szymon+_ywko+_2019-08-20_17-06-19.CSV,2019-08-20,17-06-19,-1
323,0,3984.000000000001,14.04,137,154.0,132,126,84,695,27.6,93,139.0,10.743115346676168,552.1736645901285,259.6159606489979,413.6362640997095,2403.8051118210865,Szymon+_ywko+_2019-07-23_10-55-00.CSV,2019-07-23,10-55-00,-1
324,0,1961.0,8.02,140,152.0,0,0,83,359,24.1,88,142.0,9.050376389208298,9.08143217791064,245.2527840765936,247.5855862576072,261.1020408163265,Szymon+_ywko+_2020-04-08_13-20-09.CSV,2020-04-08,13-20-09,0
325,0,1477.0,6.02,136,144.0,51,46,84,259,24.7,92,138.0,6.912208079196383,8.432109862347346,247.3452141900937,249.07177017245564,263.7973568281938,Szymon+_ywko+_2019-08-05_10-19-38.CSV,2019-08-05,10-19-38,0
326,0,1194.0,4.09,130,147.0,0,0,81,188,22.7,90,137.0,17.332411019416313,14.773885863940547,259.3187171414144,264.9208895611732,289.69154228855723,Szymon+_ywko+_2020-05-13_12-10-33.CSV,2020-05-13,12-10-33,0
327,0,1924.0,7.94,139,146.0,0,0,82,349,9.0,90,141.0,8.159091199773616,16.1759752871901,242.74569841484893,249.6041273526084,279.5762711864407,Szymon+_ywko+_2020-01-06_13-04-00.CSV,2020-01-06,13-04-00,0
328,0,3430.0,5.67,128,165.0,15,15,72,503,21.9,110,130.0,21.24473122682401,2117.195085185576,894.0970901757419,1893.3979605100285,6197.535853976532,Szymon+_ywko+_2020-02-12_11-44-28.CSV,2020-02-12,11-44-28,-1
329,0,601.0,2.45,130,145.0,0,0,83,98,19.8,90,132.5,10.689090882244798,19.10046079557893,279.7234848484849,267.6657879969284,282.5701754385965,Szymon+_ywko+_2020-02-22_12-27-32.CSV,2020-02-22,12-27-32,0
330,0,518.0,2.03,143,154.0,0,0,81,97,21.5,88,146.0,11.690841305089233,3.703974798480488,259.6681182247753,259.6681182247753,263.3720930232558,Szymon+_ywko+_2019-10-10_10-45-33.CSV,2019-10-10,10-45-33,0
331,0,654.0,2.2,128,140.0,21,18,83,102,22.2,88,129.0,7.07181134685537,18.85021443175677,297.7132867132867,309.0771245100023,335.64308681672026,Szymon+_ywko+_2020-01-14_12-05-52.CSV,2020-01-14,12-05-52,0
332,0,1152.0,4.28,131,146.0,20,25,83,188,19.7,99,134.0,11.73942086535462,27.54353475722162,250.77868852459017,259.88816346687764,302.5179856115108,Szymon+_ywko+_2020-01-14_10-34-11.CSV,2020-01-14,10-34-11,-1
333,0,2225.0,7.11,127,142.0,0,0,81,334,28.8,88,130.0,13.616833306371744,177.88203242764934,293.2821127946128,353.564862550862,823.1818181818181,Szymon+_ywko+_2019-07-26_17-06-25.CSV,2019-07-26,17-06-25,-1
334,0,607.0,2.11,138,148.0,0,0,83,109,22.2,88,140.0,7.897249804661741,29.06554841350089,341.12714261639945,341.12714261639945,370.1926910299004,Szymon+_ywko+_2019-11-28_13-12-31.CSV,2019-11-28,13-12-31,-1
335,0,3403.0,12.98,141,157.0,148,149,81,635,26.0,96,141.0,6.519162637374614,9.858549034302506,265.8174904942966,264.0296588637652,279.5074074074074,Szymon+_ywko+_2019-10-24_12-44-15.CSV,2019-10-24,12-44-15,0
336,0,1849.0,6.61,126,145.0,41,52,82,270,22.8,99,129.0,11.699718610133544,52.77626783655919,312.11636363636364,314.0780196003205,430.8963414634146,Szymon+_ywko+_2019-08-16_07-07-05.CSV,2019-08-16,07-07-05,-1
337,0,1663.0,5.03,152,183.0,5,53,76,348,13.7,96,153.0,17.709952571247936,464.7386690552655,547.453488372093,692.2056458755858,1603.90101010101,Szymon+_ywko+_2020-03-24_13-43-16.CSV,2020-03-24,13-43-16,-1
338,0,372.0,1.34,139,149.0,7,25,84,68,29.1,85,139.0,4.884886853544295,13.293614076710185,281.8380585211546,281.8380585211546,295.1316725978648,Szymon+_ywko+_2019-07-20_11-43-20.CSV,2019-07-20,11-43-20,0
339,0,1625.0,6.63,145,153.0,0,0,82,315,17.0,89,146.0,6.55223799676604,6.6519004022122665,242.44398340248964,244.7701438008924,256.57086614173227,Szymon+_ywko+_2019-12-02_10-15-07.CSV,2019-12-02,10-15-07,0
340,0,2108.0,10.53,164,171.0,15,15,84,503,25.5,89,167.0,6.489498908171036,4.84754614599462,195.265,196.56179221020625,207.609756097561,Szymon+_ywko+_2019-10-26_15-40-47.CSV,2019-10-26,15-40-47,1
341,0,2638.0,10.07,137,151.0,66,90,81,468,24.2,105,138.0,7.526567439702672,28.106509534792004,262.1908830673144,270.9435328243457,330.7071651090343,Szymon+_ywko+_2019-10-18_14-01-51.CSV,2019-10-18,14-01-51,-1
342,0,1548.0,6.03,143,153.0,0,0,81,292,16.9,85,145.0,9.60429867249901,13.12958779895905,253.25691699604744,261.9186994712721,283.65,Szymon+_ywko+_2020-05-06_12-36-54.CSV,2020-05-06,12-36-54,0
343,0,5396.0,21.14,144,154.0,20,26,82,1047,27.4,92,145.0,5.406961808959097,8.551296621459688,254.88720513132296,254.8867501968707,274.4942528735632,Szymon+_ywko+_2020-05-10_11-05-09.CSV,2020-05-10,11-05-09,0
344,0,885.0,4.02,158,169.0,0,0,83,197,21.3,85,162.0,13.20196716788922,8.070737441312108,218.7013159533397,221.55623471056063,234.6447368421053,Szymon+_ywko+_2019-09-27_17-57-02.CSV,2019-09-27,17-57-02,1
345,0,414.0,1.57,153,175.0,0,0,82,89,29.5,103,152.0,10.7099694456354,22.577908310884965,336.1849122019355,336.1849122019355,358.7628205128205,Szymon+_ywko+_2019-08-09_17-27-40.CSV,2019-08-09,17-27-40,0
346,0,750.0,3.02,137,149.0,0,0,82,131,22.7,88,140.0,11.003255305740318,12.03329755045308,249.57258064516128,251.12889488838252,266.5830115830116,Szymon+_ywko+_2020-04-11_12-17-53.CSV,2020-04-11,12-17-53,0
347,0,3246.0,9.92,141,175.0,16,15,75,588,29.2,93,138.0,21.420657913780303,6207.820748928846,341.9662076997941,2449.1623496582733,21071.1157635468,Szymon+_ywko+_2019-08-06_11-06-09.CSV,2019-08-06,11-06-09,-1
348,0,427.0,1.44,128,141.0,0,0,81,66,23.1,103,132.0,10.57687531307772,1682.385516065636,2207.239019250349,2207.239019250349,3889.624535315985,Szymon+_ywko+_2019-12-14_14-32-47.CSV,2019-12-14,14-32-47,-1
349,0,4060.000000000001,15.78,141,155.0,141,155,81,748,24.8,102,142.0,7.54019007623518,18.555657177793307,259.6865310077519,261.742331474263,313.40579710144925,Szymon+_ywko+_2019-10-17_13-24-05.CSV,2019-10-17,13-24-05,0
350,0,967.0,3.89,144,155.0,0,0,81,186,27.5,85,147.0,10.177963071122466,10.466330576677697,248.72314110792928,251.44704816320987,267.36538461538464,Szymon+_ywko+_2020-04-29_11-21-07.CSV,2020-04-29,11-21-07,0
351,0,1234.0,3.93,129,147.0,0,0,80,192,22.8,96,138.0,18.115563928735643,1103.9722756668243,263.1200071010119,896.6884295522807,2808.7938596491226,Szymon+_ywko+_2020-05-20_11-32-12.CSV,2020-05-20,11-32-12,-1
352,0,4256.0,9.89,121,169.0,0,0,74,557,18.5,112,114.0,31.70053663974302,1158.1355820133851,271.2752885916726,673.869830611432,4136.764835164835,Szymon+_ywko+_2020-01-23_17-36-53.CSV,2020-01-23,17-36-53,-1
353,0,4841.0,18.02,134,167.0,60,66,83,831,13.2,92,135.0,6.885381327582933,9.784425303980065,266.4488397961195,270.19764800227904,295.8915254237288,Szymon+_ywko+_2019-12-05_10-35-57.CSV,2019-12-05,10-35-57,0
354,0,759.0,3.12,141,160.0,20,89,84,140,17.0,88,142.0,9.258640239607136,11.866878110300748,247.40883134130144,248.3995633499756,265.6666666666667,Szymon+_ywko+_2019-11-05_11-37-28.CSV,2019-11-05,11-37-28,0
355,0,1618.0,6.08,141,150.0,0,0,82,303,16.5,88,143.0,5.812223099184265,12.912287750749757,259.98744442494444,265.27130057910284,288.8740740740741,Szymon+_ywko+_2019-12-09_10-19-59.CSV,2019-12-09,10-19-59,0
356,0,535.0,2.02,139,149.0,16,20,82,97,17.3,85,140.0,7.567268131286276,34.40077308518255,283.95195418754474,283.95195418754474,318.3527272727273,Szymon+_ywko+_2019-10-06_11-28-52.CSV,2019-10-06,11-28-52,-1
357,0,1056.0,3.4,73,78.0,5,5,76,190,19.4,96,75.0,4.409081537009721,1406.2485999562216,255.41106770833332,1060.1462642944248,3495.7120743034056,Szymon+_ywko+_2020-05-07_10-41-32.CSV,2020-05-07,10-41-32,-1
358,0,1825.0,9.13,163,175.0,0,0,83,428,10.4,89,170.0,15.575622785316584,218.690595594674,191.3586167800453,277.40927005037645,909.288,Szymon+_ywko+_2019-12-28_10-57-52.CSV,2019-12-28,10-57-52,-1
359,0,507.00000000000006,1.98,140,148.0,0,0,83,92,18.7,88,142.0,7.619821699496373,17.15903863305637,262.7763225836737,262.7763225836737,279.93536121673003,Szymon+_ywko+_2020-05-12_16-20-32.CSV,2020-05-12,16-20-32,0
360,0,1724.0,8.43,165,171.0,25,20,84,414,25.9,88,166.0,5.803169361313594,2.718129456058966,201.7184466019417,201.6752467464808,205.27,Szymon+_ywko+_2019-09-10_15-09-28.CSV,2019-09-10,15-09-28,1
361,0,711.0,2.66,154,164.0,0,0,81,153,11.1,107,155.0,6.168553587546119,51.76028578558924,265.411320754717,289.70073301960093,361.6468531468532,Szymon+_ywko+_2020-01-30_11-49-05.CSV,2020-01-30,11-49-05,-1
362,0,4069.000000000001,14.34,152,178.0,35,35,80,851,21.2,103,153.0,16.790232698390096,932.3760675380012,283.1028806584362,580.0368194931796,4049.1061946902655,Szymon+_ywko+_2019-10-10_10-56-52.CSV,2019-10-10,10-56-52,-1
363,0,911.0,3.23,140,154.0,87,15,82,164,23.0,98,145.0,12.056408948751043,13.397559012515158,284.3705035971223,288.22265627813954,309.8550724637681,Szymon+_ywko+_2019-11-06_10-30-57.CSV,2019-11-06,10-30-57,0
364,0,4568.0,18.67,152,183.0,40,41,83,959,14.3,93,153.0,15.226621073802852,51.70884002781735,256.3893805309734,274.6398441817757,430.30252100840335,Szymon+_ywko+_2019-11-30_10-43-49.CSV,2019-11-30,10-43-49,-1
365,0,561.0,2.28,143,154.0,0,0,83,107,23.8,86,146.0,11.646948777097224,4.042791431510932,242.44776119402985,244.98877026743295,250.69477911646587,Szymon+_ywko+_2020-04-15_13-21-33.CSV,2020-04-15,13-21-33,0
366,0,1944.0,7.41,141,160.0,25,46,82,353,18.1,90,146.0,14.11005403313041,20.71621255096948,231.10702341137124,235.2185030181186,282.34131736526945,Szymon+_ywko+_2020-01-17_16-59-43.CSV,2020-01-17,16-59-43,0
367,0,524.0,2.1,137,147.0,0,0,82,93,27.1,85,140.0,9.62511138323357,6.728760848601738,250.57712150433943,250.57712150433943,257.3058823529412,Szymon+_ywko+_2020-04-07_13-03-56.CSV,2020-04-07,13-03-56,0
368,0,4118.0,16.02,141,159.0,158,164,82,772,17.0,98,144.0,10.654260368025623,30.797416874460787,249.5824243867588,259.9034382516751,334.07142857142856,Szymon+_ywko+_2020-01-16_10-36-49.CSV,2020-01-16,10-36-49,-1
369,0,276.0,0.43,116,152.0,0,0,66,32,16.0,100,113.0,20.898061584312675,0.0,589.9927272727273,589.9927272727273,589.9927272727273,Szymon+_ywko+_2019-11-17_14-46-20.CSV,2019-11-17,14-46-20,-1
370,0,1922.0,4.14,124,163.0,0,0,71,255,30.6,110,126.0,15.654634652419876,600.2620112436857,278.65671641791045,758.4603730486575,1512.0112570356473,Szymon+_ywko+_2019-08-27_17-07-40.CSV,2019-08-27,17-07-40,-1
371,0,608.0,2.4,134,144.0,5,33,83,103,16.9,94,134.0,7.922453026015047,8.917891089158285,252.168,253.46704846918803,264.9806201550388,Szymon+_ywko+_2019-11-26_09-49-33.CSV,2019-11-26,09-49-33,0
372,0,2326.0,9.03,111,144.0,0,0,82,438,13.6,85,130.0,31.38317678667546,10.07496831239584,257.59302325581393,260.3687192421151,281.74708171206225,Szymon+_ywko+_2020-03-30_12-37-28.CSV,2020-03-30,12-37-28,-1
373,0,1591.0,5.94,132,145.0,25,31,82,265,18.4,90,134.0,6.7686363264713005,16.894557697302755,267.8885539232751,270.3050496133666,299.7785467128028,Szymon+_ywko+_2020-01-14_16-40-52.CSV,2020-01-14,16-40-52,0
374,0,2055.0,8.05,137,152.0,35,40,82,362,15.9,90,137.0,7.719650371076431,10.291387019848504,251.58531746031747,254.1044957255469,277.1304347826087,Szymon+_ywko+_2020-01-13_10-33-37.CSV,2020-01-13,10-33-37,0
375,0,662.0,2.63,152,175.0,0,0,82,138,17.5,103,150.0,12.81625613450642,57.77867710752788,309.2962962962963,329.9614617993054,408.75773195876286,Szymon+_ywko+_2020-03-28_17-52-31.CSV,2020-03-28,17-52-31,-1
376,0,4767.0,11.05,131,184.0,15,15,68,742,24.9,102,126.0,22.92930193760961,803.4772316234491,423.9037628998666,641.1465320589074,3291.02576489533,Szymon+_ywko+_2020-02-11_10-35-09.CSV,2020-02-11,10-35-09,-1
377,0,4969.0,17.37,148,179.0,154,157,81,988,24.7,102,146.0,18.18976587363348,129.49582317071196,307.7293388429752,348.5864493699745,807.1376146788991,Szymon+_ywko+_2019-10-16_15-36-51.CSV,2019-10-16,15-36-51,-1
378,0,2346.0,8.12,132,148.0,0,0,80,380,17.4,88,138.0,14.139195585518552,13.00286495047685,253.47563879119852,252.13549869089897,272.5593869731801,Szymon+_ywko+_2020-04-20_12-56-27.CSV,2020-04-20,12-56-27,0
379,0,450.0,1.65,123,134.0,0,0,84,63,21.5,89,128.0,10.886889476722024,26.69794560305155,296.5013163895684,296.5013163895684,323.19926199261994,Szymon+_ywko+_2020-02-17_09-52-50.CSV,2020-02-17,09-52-50,-1
380,0,215.0,0.4,119,119.0,0,0,65,25,28.1,99,119.0,0.0,0.0,863.7803738317757,863.7803738317757,863.7803738317757,Szymon+_ywko+_2020-05-09_11-00-03.CSV,2020-05-09,11-00-03,-1
381,0,3997.000000000001,16.03,137,151.0,46,52,84,711,17.0,92,138.0,6.421692316967185,16.13729513792813,248.05426587301588,249.88299789646868,290.0459363957597,Szymon+_ywko+_2020-01-25_10-41-32.CSV,2020-01-25,10-41-32,0
382,0,4732.0,17.76,141,157.0,146,171,85,881,26.1,88,142.0,7.515197572808266,14.273231003133734,267.9631859426761,267.69606963807524,291.7052631578948,Szymon+_ywko+_2019-07-21_10-51-51.CSV,2019-07-21,10-51-51,0
383,0,3588.0,11.03,141,173.0,15,27,76,650,24.2,103,144.0,19.481782228196145,100.37662920103318,446.140350877193,435.89625165098585,585.6883365200765,Szymon+_ywko+_2020-05-27_12-55-01.CSV,2020-05-27,12-55-01,-1
384,0,2511.0,8.02,125,141.0,102,70,83,367,27.1,87,125.0,5.753225045057139,15.455181460936148,308.82580645161295,314.28777740886824,349.90434782608696,Szymon+_ywko+_2019-07-26_10-47-19.CSV,2019-07-26,10-47-19,0
385,0,1059.0,4.14,130,142.0,0,0,83,171,24.2,89,132.0,6.704841288889896,7.434634547837484,265.030303030303,261.315920960221,268.4387351778656,Szymon+_ywko+_2019-08-14_19-27-11.CSV,2019-08-14,19-27-11,0
386,0,518.0,2.05,145,159.0,0,0,83,99,26.0,93,143.0,8.870108415128456,2.7377647058823698,253.4857647058824,253.4857647058824,256.2235294117648,Szymon+_ywko+_2020-05-02_11-53-29.CSV,2020-05-02,11-53-29,0
387,0,326.0,0.61,116,151.0,0,0,64,43,30.5,115,120.0,22.63786447673054,0.0,588.3169230769231,588.3169230769231,588.3169230769231,Szymon+_ywko+_2019-08-06_10-52-17.CSV,2019-08-06,10-52-17,-1
