Time,Distance,Avg HR,Max HR,Elev Gain,Elev Loss,Avg Run Cadence,Avg Stride Length,Calories,Avg Temperature,Max Run Cadence,HR median,HR std,Pace std,Lap pace median,Avg Pace(s/km),Best Lap(s/km),Cadence median,Cadence std,File id,Type
3700.0,14.36,147,159,105,98,156,1.5,567,16.6,172,146.0,5.347481234708127,12.534849380012185,255.5,258.85714285714283,241.0,156.0,2.217105219775452,5741333740,0
2172.0,10.23,155,178,15,14,154,1.99,405,13.5,183,157.5,9.529428104561156,5.033222956847166,199.0,200.0,194.0,166.0,45.68369512200168,5955889387,1
3626.0,15.28,144,161,92,79,160,1.58,550,13.4,174,145.5,9.347250598438023,13.345993989042388,237.0,236.86666666666667,218.0,161.0,1.3678792892649556,6159250210,0
2493.0,12.02,163,174,20,18,165,1.75,635,26.2,175,167.0,9.431158230150215,10.443964232459289,204.0,207.41666666666663,200.0,165.0,1.7097008285302209,5167990929,1
1541.0,5.46,125,140,18,15,161,1.32,250,24.9,170,127.5,4.487637339278753,14.347125147568764,274.0,282.4,269.0,161.0,1.707825127659933,5236971105,0
4149.0,14.55,149,181,72,60,117,1.7,549,11.5,177,147.5,18.287822299126937,350.14530465936565,345.0,476.375,173.0,107.0,55.49699691574912,5857281498,2
3423.0,11.96,149,176,107,129,140,1.51,483,7.6,189,161.0,13.17446014074201,275.3336310732853,277.5,310.46,146.0,158.5,30.352620974143235,5805595828,3
3747.0,15.01,139,162,49,45,160,1.5,592,24.9,172,141.0,6.798150024087436,9.083318042800586,253.0,249.4,236.0,160.0,1.0439558180306292,5275015357,0
2823.0,12.25,142,152,38,40,158,1.64,412,9.2,174,143.0,4.5819300344109015,9.223686296101407,228.5,230.5833333333333,221.0,159.0,1.642627423389433,6219133683,0
3757.0,16.03,140,153,78,49,160,1.6,494,3.4,172,141.0,4.394082211054847,7.5163883448102915,235.0,234.4375,222.0,159.0,1.3336216527946627,6233831032,0
2368.0,9.25,144,158,96,98,157,1.49,385,16.6,172,145.0,5.710516614107694,17.378147196982766,257.0,257.0,233.0,158.0,3.0083217912982647,5715832689,0
4683.0,20.14,145,155,67,65,161,1.6,678,8.8,180,146.0,5.015621854270317,5.669215113223347,232.0,232.6,223.0,161.0,0.7853534524986021,5980583057,0
2079.0,8.12,134,153,97,71,159,1.48,280,9.8,172,134.0,4.47213595499958,14.666607480941188,255.0,255.875,237.0,158.0,0.9938079899999066,5894439215,0
4360.0,17.81,148,167,169,166,161,1.53,657,12.0,174,149.0,6.116348765580836,29.709812652790223,246.0,241.6086956521739,126.0,161.0,1.5789412767913682,5782022273,0
4529.0,20.01,146,156,86,84,163,1.63,1286,15.7,174,147.0,5.0,7.774799032772488,224.5,226.45,219.0,163.0,1.5088551921671296,5920030657,1
2071.0,10.02,161,172,23,19,163,1.78,402,15.0,173,164.0,5.838034312000844,6.902173570694959,207.0,206.6,195.0,163.0,0.7925270806437589,5843518157,1
2598.0,12.05,168,175,72,71,164,1.7,535,13.1,183,167.0,6.379516035881641,5.559594491425693,217.0,216.0,201.0,164.0,1.268647884805434,5800707245,1
2020.0,8.01,135,146,64,54,160,1.48,269,11.0,173,136.0,4.46661138716484,15.20639257023177,248.0,252.375,237.0,161.0,1.3425606637327303,6089556051,0
1574.0,6.08,149,164,27,29,154,1.5,318,22.2,169,155.5,10.856305771301765,205.2509663404133,255.0,339.42857142857144,248.0,156.0,33.782160602898095,5447179815,0
2025.0,8.01,138,150,37,31,160,1.48,284,11.3,172,140.0,5.436502143433364,15.256146302392358,248.0,253.0,241.0,160.0,0.8314794192830981,5924547967,0
3168.0,11.92,143,167,88,85,147,1.51,430,10.4,245,153.0,9.15247407111612,100.21987361821382,240.0,262.2352941176471,152.0,158.0,19.280682393828883,6027804974,3
2036.0,10.01,169,176,25,39,166,1.78,541,23.3,175,172.0,5.244438218856712,3.83275357934736,203.5,203.1,195.0,166.0,0.8624393618641034,5182084679,1
2038.0,8.09,139,146,11,7,162,1.47,377,26.0,172,142.0,4.094561282819617,6.4408365139941255,253.5,252.375,243.0,162.0,1.4487116456005886,5072369321,0
2195.0,8.74,133,143,11,9,160,1.49,375,24.6,171,135.0,4.592385001282013,7.84573486395988,251.0,250.0,230.0,160.5,1.5132745950421556,5177645218,0
3016.0,12.05,151,166,21,20,157,1.52,534,16.4,168,150.0,6.253046594738946,8.176439730510259,251.5,250.25,237.0,157.0,1.3323467750529825,5685352407,0
1861.0,7.15,136,164,12,10,162,1.42,338,20.3,172,138.0,3.813556067051225,10.925171623365925,261.0,258.125,238.0,163.0,1.0540925533894598,5037961798,0
3838.0,15.23,152,170,143,164,157,1.52,682,14.1,228,152.5,7.348203436895306,11.857299673853047,253.0,252.26666666666668,231.0,158.0,3.552617872780578,5676347043,0
4951.0,20.07,156,169,66,62,159,1.53,882,10.5,174,159.0,6.913787204907251,16.983521425193302,241.0,244.6,223.0,161.0,25.34765080555877,5955704690,0
1735.0,7.12,147,173,8,119,159,1.53,318,23.1,191,153.0,5.141776912944124,101.63398769910242,242.0,266.61538461538464,168.0,162.0,14.835588109549718,5283031485,3
2526.0,11.57,167,175,150,150,163,1.68,518,11.1,183,168.0,4.085033659592048,7.174414416676961,219.5,218.16666666666663,203.0,163.0,0.82915619758885,5771383390,1
1293.0,5.08,136,143,13,12,160,1.48,178,16.4,173,138.0,3.8622100754188224,12.208193969625482,257.0,254.6,232.0,159.5,1.6749792701868151,6091169772,0
2072.0,10.01,162,172,15,17,168,1.73,486,19.1,183,165.0,7.196188155332108,5.138093031466052,206.5,207.0,198.0,168.0,0.51425947722658,5024059492,1
2169.0,9.95,158,174,88,88,163,1.68,495,22.5,170,161.0,9.225353264625852,121.69357190824412,216.0,262.46153846153845,208.0,163.0,1.8364228760260628,5286870845,1
2493.0,12.03,164,174,9,12,168,1.72,636,24.5,175,170.0,10.649332562356603,10.176225014982498,205.0,207.3333333333333,197.0,169.0,1.2733034890189885,5058624451,1
1523.0,6.03,138,158,26,24,160,1.48,273,26.5,199,143.0,10.456908662482912,6.446359868604572,251.0,252.3333333333333,243.0,160.0,11.24858267715973,5397787821,0
1567.0,8.47,175,182,29,25,165,1.97,338,10.8,184,177.0,5.557777333511022,6.183395103015818,184.0,184.375,172.0,165.0,8.841540561812339,6027807113,1
2007.0,8.18,153,181,18,15,157,1.55,478,28.8,172,154.0,11.333333333333334,7.00780814520489,240.0,239.875,230.0,161.0,20.230767425317406,5148062228,0
1937.0,8.05,147,174,13,15,159,1.57,355,21.4,221,148.0,14.215836239912164,9.596810169639635,239.0,242.11111111111111,234.0,159.5,30.4218671353354,5550431520,0
4539.0,18.35,144,157,50,46,160,1.51,815,29.2,179,143.0,5.216105466024147,7.518906211496719,246.0,247.72222222222223,235.0,160.0,1.3521297451226453,5156928967,0
1562.0,6.21,141,153,30,27,161,1.49,243,10.7,172,146.0,7.068181072487419,14.076181616080722,257.0,251.8333333333333,229.0,161.0,2.4411439272335804,5989040555,0
1605.0,6.02,133,147,16,16,152,1.47,204,13.7,173,139.5,21.802737786801,29.00957696271277,247.0,259.6666666666667,239.0,157.0,51.51213449275812,5929865240,1
2045.0,6.3,141,174,48,66,141,1.29,281,5.9,245,142.0,11.318614312223373,122.456712585583,287.0,332.4054054054054,172.0,144.0,20.40381235950883,5894439328,3
1474.0,6.02,135,153,8,6,157,1.56,219,24.4,169,137.0,5.823947745897001,9.99027304709714,246.0,244.8333333333333,232.0,157.0,1.1605769149479943,5575495365,0
2208.0,8.71,141,151,8,4,161,1.47,323,13.1,171,143.0,4.924115512480076,6.04509800388242,254.0,253.88888888888889,247.0,160.0,1.0657403385139377,6159252433,0
4062.0,15.67,140,156,69,62,159,1.45,526,6.6,176,140.5,5.429951657243368,13.501012693498218,258.5,259.1875,242.0,159.0,1.4947825928876748,6067786717,0
1461.0,6.16,144,158,28,26,160,1.58,240,15.0,219,147.0,6.164414002968976,7.717224601860151,235.0,237.3333333333333,229.0,160.0,1.5118578920369088,6059226409,0
1751.0,7.05,143,160,82,89,159,1.52,293,19.6,170,146.0,5.743202503830071,15.041439357959852,254.0,248.57142857142856,226.0,159.5,1.6909686573085854,5624927990,0
3438.0,13.98,142,153,48,43,158,1.55,496,9.7,173,144.0,6.134961703388278,10.514324534089829,242.5,245.8571428571429,232.0,157.5,0.9715336077668174,6275326366,0
1465.0,6.01,143,155,32,36,161,1.53,234,14.9,172,145.0,7.761758689832073,6.34428877022476,245.0,243.5,234.0,161.0,0.3499271061118825,6027805697,0
3299.0,13.37,140,164,46,52,157,1.54,551,20.5,219,139.0,7.352701695446526,28.471611353438085,244.0,237.7142857142857,141.0,157.0,13.506541624955911,5370671374,5
5545.0,21.59,140,155,260,258,160,1.46,672,9.2,176,140.0,5.03069093064456,13.772127199648782,251.5,256.6818181818182,231.0,160.0,1.856972565074136,5814550517,0
1663.0,6.13,138,149,30,29,153,1.42,229,16.1,221,139.0,5.5915387973659785,7.93025150224688,254.0,254.66666666666663,245.0,159.0,27.97374862696985,5761766101,0
2489.0,12.03,159,167,16,15,163,1.78,481,8.1,174,163.0,6.755230276953892,4.380353866983808,206.0,207.25,200.0,163.0,0.9166442529086912,5916959525,1
1626.0,6.07,151,173,27,14,160,1.4,299,13.0,179,151.0,0.0,0.0,268.0,268.0,268.0,160.0,0.0,5958469461,0
1946.0,7.3,133,147,34,26,153,1.52,348,18.5,173,131.5,8.200609733428363,21.145752697477032,247.0,256.0,229.0,161.5,37.39130079309892,5215134725,0
3885.0,15.66,140,150,18,13,159,1.52,487,10.5,169,139.5,4.525966747557918,8.35702361789172,250.5,247.6875,227.0,159.0,0.8076779989575054,5853314198,0
3673.0,11.83,149,186,39,36,120,1.51,641,24.6,217,168.0,17.54922239335892,506.2575374400623,267.5,480.8181818181818,159.0,166.5,49.527436256571576,5190803251,2
1909.0,8.05,145,156,9,7,160,1.58,349,27.3,186,147.0,6.431020501550126,6.4031242374328485,235.0,237.5,230.0,160.0,1.227262335243029,5460438279,0
1543.0,6.02,162,178,10,7,157,1.49,311,13.0,167,167.0,9.258200997725517,14.345924702003549,249.5,256.1666666666667,241.0,157.0,0.6388765649999399,5929864772,0
4204.0,17.1,133,154,153,155,159,1.53,497,7.2,183,138.5,22.388337462191952,8.615187362280476,247.0,245.8823529411765,233.0,159.0,1.253390463630942,5916959721,0
3835.0,14.93,139,150,71,57,159,1.47,483,8.9,175,140.0,4.4960920531056745,28.34435294287029,255.0,263.8125,248.0,159.0,1.5811388300841898,6184653950,0
2873.0,11.64,140,154,58,47,158,1.54,447,19.4,172,142.0,8.066993795019856,11.100550536897808,246.5,246.3333333333333,230.0,157.5,1.1636866703140785,5470514131,0
1577.0,6.02,157,188,21,18,161,1.43,302,15.0,176,156.0,14.347011350587186,17.610760599386072,255.5,262.1666666666667,249.0,161.0,1.498298354528788,5955704827,0
1402.0,6.01,144,156,20,14,160,1.6,231,14.3,173,148.0,6.779320295831241,13.237153101109856,231.5,233.3333333333333,216.0,160.0,1.1605769149479943,6059227905,0
4965.0,20.03,125,157,59,54,162,1.49,689,17.8,181,131.5,14.306055471040782,413.61678891524986,245.0,338.9047619047619,228.0,163.0,33.04532949832536,5224575497,1
2636.0,12.04,154,162,32,35,165,1.67,619,22.3,172,157.0,6.921367310278149,17.86523626114882,213.0,219.0,200.0,165.0,1.2498520622516862,5196760729,1
3885.0,15.55,139,167,25,27,161,1.49,686,25.9,236,152.0,11.90591722850042,44.49454935097939,251.0,235.84848484848484,152.0,162.0,11.915830823801304,5043197100,5
1912.0,7.79,150,163,4,7,162,1.51,436,29.3,172,150.5,4.408798022137099,7.189401922274203,246.0,245.25,233.0,162.0,1.4086784586980805,5077429481,0
1446.0,5.6,133,143,28,21,161,1.44,194,13.4,172,134.5,4.272001872658765,12.98289472943363,253.0,257.6666666666667,247.0,161.0,1.462494064565354,6096139832,0
1613.0,6.09,158,183,32,30,159,1.43,309,13.6,172,167.0,14.579829511054944,11.9918954112999,260.5,264.8333333333333,255.0,158.0,1.2936264483053457,5947005716,0
2117.0,8.01,139,155,56,49,158,1.44,298,14.8,205,141.0,8.79393730551528,5.739120141624499,264.5,264.25,254.0,158.0,1.3698697784375504,5782023401,0
4939.0,18.93,137,151,173,186,155,1.49,582,8.1,229,138.0,3.7638019323749736,18.90301827018616,259.0,260.7894736842105,232.0,157.0,6.627400521556712,5876821257,0
2037.0,8.18,137,151,50,43,159,1.51,280,11.0,175,138.0,4.946628731011571,9.682458365518542,245.0,249.5,243.0,160.0,1.8856180831641267,6077779661,0
3740.0,14.33,142,156,141,132,161,1.43,499,13.8,173,140.0,6.936537721050433,10.681139203936889,262.0,260.6428571428572,240.0,161.0,1.4452988925785868,5834880648,0
3299.0,10.62,143,173,46,43,128,1.46,615,23.9,240,141.0,11.777269701957795,118.94079863632544,201.0,300.22222222222223,188.0,134.0,20.203398127997364,5177991632,3
3962.0,15.61,146,175,16,12,160,1.47,780,24.7,196,159.0,10.154685965544358,42.40421605249448,249.0,234.939393939394,144.0,163.0,9.558461531607012,5067695253,5
3265.0,13.32,137,163,57,50,159,1.54,406,14.3,189,138.0,4.05736641458745,5.762740986151415,244.5,244.92857142857144,234.0,160.0,1.309792180292567,6027798201,0
1821.0,8.02,156,168,56,55,161,1.64,342,15.0,175,159.5,8.967146827292515,35.35276766843272,230.0,244.0,217.0,162.0,7.952550254827413,5782023763,1
2057.0,7.69,136,150,35,37,158,1.4,328,23.9,169,138.0,6.099762338953542,56.350589073131154,265.0,272.6666666666667,166.0,160.0,1.4876215081395163,5293860222,1
3005.0,13.35,146,163,47,44,160,1.66,507,20.3,172,148.5,6.833291853200799,12.398224724990309,228.0,225.23076923076923,204.0,160.0,1.124858267715973,5555031455,1
2075.0,8.11,134,144,65,62,157,1.49,270,12.4,169,136.0,5.086899174337598,6.96419413859206,253.5,256.0,249.0,157.0,1.314684396244359,5881476308,0
1917.0,8.13,143,164,12,20,162,1.57,388,26.5,173,144.0,9.468596569062088,10.476163419878482,240.5,236.5,213.0,162.0,2.897423291201177,5163041320,0
2784.0,11.65,141,168,43,42,158,1.59,464,26.5,173,140.0,11.391889567977476,15.81731646013318,239.0,237.75,206.0,158.0,3.650403236216822,5395137326,0
1898.0,8.06,157,181,20,20,157,1.62,378,19.6,172,159.5,6.988562083862459,126.41505223706064,235.0,278.8888888888889,227.0,158.0,16.835676404587968,5500769694,1
2088.0,8.01,138,148,12,9,161,1.43,378,25.5,172,139.0,4.0490815907308,10.024968827881713,257.5,260.5,250.0,161.0,0.8748897637790902,5142432691,0
2677.0,10.33,132,144,44,42,160,1.45,331,11.2,172,133.0,5.758213680768407,15.15552704461313,260.5,259.9,237.0,160.0,1.4937887931959075,6099968273,0
3018.0,12.02,138,152,104,107,161,1.48,481,23.9,173,140.0,5.47073981129063,17.63263231120703,254.0,251.0833333333333,226.0,161.0,1.692307692307692,5317442626,0
1411.0,6.01,146,160,11,10,158,1.62,257,24.4,172,151.0,8.184106049944287,8.87724932372385,234.0,235.16666666666663,224.0,158.0,1.6903085094570331,5480179526,0
2059.0,8.01,137,150,47,41,158,1.48,279,10.4,173,140.0,5.820355934981687,11.112352361223971,254.0,257.375,247.0,158.0,1.4740554623801778,6176323055,0
2786.0,12.05,148,159,28,28,164,1.59,602,22.0,247,152.0,6.611805829829014,15.46411616901816,225.5,231.16666666666663,215.0,164.0,1.7371676600978794,5216534522,0
3574.0,14.23,139,167,103,99,160,1.49,471,14.7,196,143.0,9.696874999537608,63.36065816226044,246.0,239.1818181818182,142.0,159.0,8.039617239814223,5834880996,5
3003.0,12.01,138,150,21,17,158,1.5,418,10.1,175,139.0,5.668348746750935,6.343741447722752,248.0,249.91666666666663,242.0,160.0,1.2917581249035897,6132539907,0
2001.0,8.02,136,149,47,41,160,1.5,264,12.3,173,138.0,5.0771820705759385,5.3091901453988255,250.0,249.75,242.0,160.0,1.617802197617893,6062346514,0
2810.0,12.01,140,149,40,42,159,1.62,439,26.2,170,141.0,4.793980446425502,14.250487321102002,238.0,234.0833333333333,204.0,159.0,1.268647884805434,5414818727,0
1680.0,6.02,139,156,89,17,159,1.35,288,23.7,170,140.0,5.95219047314276,13.396724309405723,278.5,279.1666666666667,264.0,159.0,1.124858267715973,5291844315,0
2904.0,13.25,158,169,61,55,163,1.68,544,9.5,174,161.5,8.465114486249204,9.794938917745576,220.0,219.53846153846155,207.0,164.0,1.7217101133134214,6027802135,1
3685.0,12.35,138,234,63,61,124,1.6,503,7.2,240,134.0,13.056382952505228,353.5139300868243,299.0,461.8888888888889,180.0,160.0,52.51548860298146,5945394699,2
4045.0,16.28,142,180,157,191,162,1.49,644,22.3,177,140.0,16.37215624161949,15.120751274773797,251.0,252.68421052631572,228.0,162.0,2.4392621835300936,5305770414,0
2088.0,8.02,141,156,57,65,159,1.45,316,14.8,202,143.0,7.856742013183861,7.532222447591415,258.5,260.375,249.0,160.0,1.640535895581489,5797158242,0
1600.0,6.07,132,142,13,18,162,1.4,283,17.6,172,135.0,4.746642207381757,21.24199195513976,261.0,264.3333333333333,240.0,163.0,1.3997084244475304,5205207497,0
4454.0,14.33,139,202,35,34,122,1.49,514,11.0,256,158.0,22.60914269346216,409.9269636844539,185.0,438.1333333333333,165.0,177.0,52.80934260778737,5971079138,2
3998.0,15.62,136,159,15,14,161,1.46,669,18.3,171,137.5,5.655473012931809,8.374067112222113,257.0,255.5,241.0,161.0,1.3635890143294642,5034470184,0
4910.0,20.15,139,156,70,68,163,1.51,854,19.7,189,141.0,4.583812590898621,12.570202862324855,241.5,243.7,227.0,163.0,1.1388819755334665,5210117252,0
2326.0,10.02,144,164,13,12,158,1.64,402,25.6,213,149.0,11.884429705353456,7.30479294709987,234.0,232.2,213.0,158.0,2.934547707557995,5543590085,0
2457.0,12.01,165,170,21,20,162,1.81,500,11.6,173,166.0,3.516655215588449,4.0483192671637065,203.5,204.3333333333333,198.0,162.0,0.7378202343558031,5875574243,1
2181.0,10.14,159,172,58,58,164,1.7,505,22.3,175,165.0,13.317657451669191,22.36067977499789,210.0,217.0,189.0,165.0,1.8184242262647805,5313599528,1
3121.0,12.77,142,170,28,20,160,1.53,538,22.8,196,150.0,8.374183607529265,65.00086324213103,243.5,233.4333333333333,142.0,161.0,16.7557591012557,5261320658,5
2896.0,11.37,137,151,69,69,162,1.46,454,15.8,173,139.0,7.799145252312375,35.34812294759607,254.0,265.2857142857143,241.0,162.0,1.591644851508443,5327825057,0
2004.0,8.04,140,160,28,29,156,1.54,344,26.8,228,141.0,9.218874894529574,5.408326913195984,249.0,249.5,243.0,157.0,1.0657403385139377,5443544778,0
1948.0,7.79,143,155,10,5,161,1.49,401,27.7,172,141.0,12.286578042726136,4.65985898008574,247.0,248.0,241.0,163.0,64.63435618925898,5077401071,0
1670.0,6.12,130,146,7,7,162,1.35,280,20.3,172,132.0,5.0990195135927845,7.571877794400365,272.5,273.0,265.0,163.0,1.27775312999988,5220995547,0
2100.0,10.02,169,176,16,18,160,1.79,437,20.0,174,172.0,5.878944077899906,4.715930449020638,209.5,209.6,204.0,160.0,0.7385489458759964,5735278729,1
6575.0,24.28,146,177,195,206,150,1.46,854,15.0,236,152.0,7.52326068291901,105.48625477568255,260.0,280.3207547169811,164.0,157.5,21.927998212881693,5748295457,3
4441.0,18.02,143,153,22,15,160,1.52,616,11.8,233,144.0,4.458488123062605,9.250959242888287,248.0,246.44444444444449,230.0,160.0,1.2230473724865525,6029677752,0
2865.0,11.5,136,149,42,46,160,1.5,488,23.0,239,140.0,7.374882296612529,7.857674945908336,247.0,248.41666666666663,237.0,160.0,0.9860132971832694,5138499431,0
1634.0,5.75,139,159,19,20,152,1.39,305,22.0,173,144.0,11.954775893619532,26.99794230842212,277.5,286.6666666666667,264.0,159.5,16.6332999331662,5241205739,0
4228.0,16.07,140,166,31,33,163,1.4,653,24.6,173,138.0,8.361222075873606,11.224972160321824,261.5,263.0,249.0,163.0,1.0555504967603742,5239794385,0
2094.0,8.02,151,181,32,27,160,1.43,378,10.5,200,153.0,11.352924243950934,16.15549442140351,254.5,261.0,246.0,161.0,1.4989708403591158,5945393304,0
1801.0,6.5,155,176,15,10,158,1.37,428,19.6,172,161.0,12.699027762882046,19.299994712910348,266.0,275.7142857142857,252.0,161.0,7.961642738910157,5229923778,0
2040.0,8.02,137,151,35,28,159,1.48,285,11.2,175,139.0,6.297167695691002,13.509256086106296,252.5,254.5,237.0,160.0,1.3425606637327303,6184654223,0
5180.0,20.02,143,156,123,124,158,1.47,684,8.7,170,143.0,3.016958868848982,15.052823655381072,254.0,258.75,240.0,157.0,1.749635530559413,5863740514,0
2379.0,9.89,143,160,40,46,158,1.58,392,24.8,171,144.0,7.673071944003344,15.26623238522424,238.0,240.1818181818182,225.0,157.0,3.537286628789768,5621161788,0
2056.0,8.01,143,177,31,24,160,1.46,334,14.8,173,145.0,13.832329280830953,15.960400214280344,248.5,256.625,243.0,160.0,1.133115447465063,5966762046,0
3031.0,12.1,137,147,11,9,160,1.5,401,14.0,172,138.0,5.77281939670576,8.27143679578504,251.5,250.5,237.0,160.0,0.696568087549032,5834880849,0
1645.0,5.97,133,142,36,33,157,1.39,209,11.4,175,136.0,4.940461847368738,5.617433182117572,275.5,275.6666666666667,268.0,157.0,1.0301575072754257,5806885311,0
1508.0,6.04,137,160,22,12,158,1.52,217,10.9,170,136.0,6.715805299167519,8.97063109386526,248.0,247.8333333333333,235.0,159.0,7.345691504104252,6222514960,0
1937.0,8.04,141,152,20,25,157,1.59,311,20.9,169,144.0,7.512951779723097,4.342738191510052,240.0,240.875,236.0,156.0,1.257078722109418,5476391220,0
2313.0,10.03,149,160,13,12,157,1.66,418,20.6,170,152.0,6.592006178284836,5.463515351859094,228.5,230.5,225.0,157.0,1.4142135623730951,5575493665,0
2445.0,9.5,139,153,60,61,159,1.46,409,21.2,169,141.5,8.224354077980836,14.553350129781116,263.5,258.0,233.0,159.0,0.6,5343173986,0
2530.0,10.06,136,150,56,59,159,1.5,340,14.6,175,138.0,5.806807062789567,13.37348122217996,248.0,251.5,234.0,160.0,1.7721444263289026,6059222602,0
1597.0,5.99,136,147,31,37,156,1.44,215,17.1,169,138.5,6.202598021976132,7.760297817881876,265.0,266.3333333333333,256.0,157.0,3.091206165165234,5797131309,0
3113.0,12.02,130,165,38,28,160,1.44,388,8.4,170,132.0,17.28220345364033,10.52873053443133,256.5,259.25,247.0,160.0,0.72160242458822,5945392097,0
2717.0,12.68,153,175,32,34,156,1.75,459,6.5,185,156.0,14.543039572248986,4.686062704816207,196.0,197.57142857142856,192.0,168.0,46.63940796150826,5929865056,1
1620.0,5.94,132,149,31,35,157,1.4,205,13.9,169,136.0,7.780142173822916,10.113640011673064,271.0,270.0,252.0,156.0,1.4142135623730951,5772769512,0
3766.0,15.05,145,176,132,130,160,1.5,568,11.2,189,144.0,12.162795474314285,14.98215083858122,250.5,250.3125,219.0,159.5,1.7488835724541527,5766681945,0
3691.0,12.21,150,178,85,89,130,1.55,519,14.7,222,157.0,13.08802501877066,404.4796869739137,315.0,491.1578947368421,187.0,157.0,44.3852437359067,5819304458,2
1525.0,6.09,137,148,7,4,158,1.52,261,28.3,168,140.0,5.584576975922169,5.202040416009464,251.0,250.28571428571428,242.0,158.0,1.8708286933869709,5265930466,0
3029.0,11.92,140,153,28,30,160,1.47,584,24.6,169,142.0,8.118209497406863,17.913665406164746,251.0,253.84615384615384,238.0,160.0,0.7994080650317895,5187702483,0
1772.0,7.07,145,160,74,76,158,1.52,300,18.9,175,147.5,6.836254456937659,14.72052572264389,245.0,251.1428571428572,237.0,157.5,1.653594569415369,5732079735,0
1979.0,8.01,138,149,42,39,159,1.52,277,9.3,223,140.0,4.771313456351975,11.730702238144143,245.0,246.875,232.0,160.0,2.0608041101101566,6165473489,0
2036.0,8.01,135,147,51,44,159,1.48,271,11.4,172,138.0,5.2493385826745405,9.518895681747962,252.0,254.125,242.0,159.0,1.257078722109418,6072634662,0
2039.0,7.91,137,150,88,67,158,1.47,280,15.1,178,138.5,2.8256636388643286,11.10180165558726,256.0,258.0,245.0,157.5,2.277608394786075,5839087603,0
1909.0,8.02,159,187,31,34,159,1.59,388,12.6,172,154.0,11.936043557329588,7.096433963618629,241.0,238.125,225.0,158.0,1.0657403385139377,5680622881,0
1756.0,7.04,90,160,64,70,157,1.53,119,18.2,174,79.5,29.223278392404914,14.93796696819407,248.0,249.0,228.0,157.0,1.920286436967152,5671213582,0
1531.0,6.02,135,159,27,31,160,1.47,259,22.0,167,137.5,10.68219897773862,36.23900255418806,254.0,268.85714285714283,248.0,160.5,1.4142135623730951,5311739844,0
2517.0,10.01,136,148,49,35,161,1.48,331,8.9,173,139.0,5.736644568830363,10.844814429025517,246.5,251.3,239.0,161.0,1.378704626191191,6110414659,0
1541.0,6.1,143,157,56,45,158,1.51,237,15.5,245,146.0,6.366365701473483,9.3392838174146,251.5,252.66666666666663,240.0,157.0,1.178030178747903,5745563661,0
2235.0,9.35,162,178,79,77,154,1.66,416,13.9,247,160.0,11.488824116713385,84.2605483010881,207.0,269.6,179.0,150.0,46.77043990003629,5785589964,2
1586.0,6.08,140,157,12,16,163,1.41,288,20.0,183,145.0,7.553888037944162,21.512916017024647,255.0,260.8333333333333,232.0,164.0,1.8294640678379568,5248946288,0
1649.0,6.52,135,148,14,15,162,1.46,309,21.7,170,137.0,7.185586479976737,7.434063903575821,251.0,252.8571428571429,240.0,162.0,0.4517539514526256,5196760568,0
1514.0,6.09,141,159,27,32,161,1.5,304,21.0,176,143.0,4.940461847368738,5.273097339852125,246.5,248.8333333333333,243.0,161.0,1.665986255670086,5093365355,0
3882.0,15.02,132,145,42,46,161,1.44,467,14.9,190,133.5,5.0,14.67787450552702,256.0,258.6,245.0,160.5,1.854049621773916,5962893290,0
1368.0,5.15,142,170,26,31,158,1.43,265,20.9,174,145.0,13.76791761870892,6.928203230275509,263.0,266.0,259.0,158.0,1.1547005383792517,5340770871,0
2090.0,8.03,145,161,91,68,158,1.46,323,13.8,171,147.0,4.441665798068152,18.034688796871432,257.5,260.5,238.0,158.0,1.6629588385661962,5866500963,0
1477.0,6.01,141,152,22,16,160,1.52,231,12.3,215,144.0,6.388765649999399,9.3392838174146,242.5,245.3333333333333,234.0,161.0,2.118913853455904,6159240462,0
1631.0,7.02,147,160,30,26,161,1.61,278,11.7,172,150.0,6.519202405202649,14.519515368310756,225.0,232.57142857142856,217.0,161.0,1.5612494995995996,6074508513,0
4881.0,20.01,142,157,72,65,162,1.52,661,10.7,176,145.0,7.00760843396082,18.35211159512714,236.5,244.0,222.0,162.0,1.2453996981544782,6083891271,0
1362.0,5.01,136,157,37,29,166,1.37,246,21.2,185,138.5,7.578753195612059,10.143416036468626,264.5,269.3333333333333,259.0,166.0,72.12142538802183,5301152018,0
1499.0,6.01,146,160,28,33,159,1.52,249,18.2,170,148.0,8.649643144697489,7.182153808805081,248.0,249.5,243.0,158.0,1.1780301787479033,5767980156,0
2505.0,10.1,141,151,10,10,161,1.5,484,23.4,176,143.0,5.086036629345224,3.950949253027682,248.0,248.3,242.0,161.0,0.7158188976374373,5122917038,0
5664.0,22.02,139,160,245,247,159,1.47,708,13.3,179,140.0,8.442175155791224,15.11963312336394,252.0,257.1818181818182,234.0,159.0,2.4074553391142826,5797128471,0
3239.0,12.1,135,146,28,20,150,1.48,404,2.6,217,138.5,10.22402133433308,837.255144812376,253.0,489.7692307692308,234.0,162.0,38.503114106762425,6126994364,0
2508.0,10.01,139,151,36,34,161,1.49,437,29.2,172,139.0,5.662695091780886,13.943098651304163,246.5,250.3,241.0,161.0,1.348399724926484,5360399106,0
1648.0,6.01,128,139,28,28,162,1.35,280,21.2,173,129.0,4.865538961693257,26.30219678193355,263.5,274.1666666666667,257.0,162.0,0.6998542122237651,5208170918,0
1472.0,5.29,131,143,34,34,158,1.36,257,17.6,196,132.5,4.818944098266987,26.48018126826174,272.0,280.0,242.0,161.5,5.520165053893065,5200331425,0
2050.0,8.34,137,149,58,60,159,1.53,274,10.2,175,140.0,8.98283685840344,5.0990195135927845,245.5,246.0,238.0,160.0,0.955813918560292,5848775371,0
2039.0,7.96,132,144,57,53,159,1.47,260,11.2,176,134.0,6.782329983125268,7.381353195722313,253.5,256.375,250.0,159.0,0.6849348892187752,5814550789,0
1524.0,6.1,140,152,7,8,160,1.5,310,26.7,171,140.0,2.849991049037143,7.951240294584375,253.5,250.3333333333333,239.0,160.0,0.7284313590846836,5113054454,0
4965.0,19.08,133,147,178,184,158,1.46,550,9.2,170,134.0,3.994996871087636,15.536749393533112,262.0,260.3684210526316,228.0,158.5,1.8567444627627137,5894439053,0
1534.0,6.02,139,154,36,35,160,1.47,280,19.9,170,142.0,9.14062472745508,6.289320754704402,255.5,255.3333333333333,246.0,160.0,0.9035079029052512,5283040340,0
2193.0,8.2,138,157,49,54,160,1.4,369,15.7,173,139.0,8.446232472245043,12.67280552995271,264.5,268.0,252.0,160.0,1.1134044285378082,5334644844,0
2055.0,6.63,134,175,26,24,145,1.33,322,26.7,196,130.0,10.9895442627296,109.25365490962356,282.5,296.5,171.0,147.0,25.45432060914473,5265930642,2
2051.0,8.64,152,179,35,38,157,1.61,386,23.0,171,148.0,10.097059833632295,15.95827893811443,237.0,236.0,206.0,157.0,1.640535895581489,5438928920,0
4556.0,18.02,138,150,35,29,159,1.49,567,12.0,173,139.0,5.9424758636936605,9.74948558313732,259.0,253.0555555555556,232.0,159.0,1.3562209186026448,6059226115,0
1428.0,5.98,140,162,33,33,160,1.57,263,18.6,230,144.0,12.41974234837422,5.337583340648401,238.0,237.28571428571428,227.0,161.0,7.91260860904923,5329231742,0
1969.0,8.02,138,149,23,24,159,1.54,323,26.5,230,141.0,5.792715732327589,5.429951657243368,247.0,245.625,239.0,160.0,2.3570226039551585,5385055665,0
1829.0,7.85,151,175,12,16,160,1.59,295,10.8,245,143.0,11.514992024413829,71.43920492278733,239.5,253.2,182.0,159.0,9.306533739687074,5758131719,2
2537.0,12.01,153,168,51,49,164,1.74,459,14.0,172,159.0,12.905207425617956,14.980311152383392,204.5,211.41666666666663,197.0,165.0,1.915369168921344,6159257252,1
3183.0,12.02,133,144,22,23,159,1.43,515,25.5,172,135.0,4.509031043000875,9.923317097736131,266.5,264.8333333333333,242.0,159.0,1.3846153846153846,5108633592,0
2793.0,12.02,149,174,35,31,158,1.63,538,20.3,174,149.0,7.979263064547655,12.223326970273774,225.5,231.41666666666663,221.0,159.0,30.42110758966952,5455186020,0
3715.0,14.02,137,146,16,18,157,1.44,461,13.8,169,138.0,3.6636351104090896,10.7161903069084,269.0,265.1428571428572,241.0,158.0,0.618241233033047,5758131214,0
2069.0,8.02,144,161,41,38,160,1.45,334,14.7,171,147.0,8.328146533974893,13.45768832303676,254.5,258.125,247.0,161.0,0.8314794192830981,5970788251,0
1459.0,6.03,152,173,18,14,160,1.55,268,12.9,176,152.0,9.88111145754179,6.708949247087803,245.0,243.7,233.0,159.0,2.108620637226037,5945393557,0
3738.0,14.12,132,146,43,44,158,1.44,592,26.2,174,133.0,5.72091678744665,8.74234358902528,265.5,265.0,249.0,159.0,1.9618585292749544,5173601407,0
1469.0,6.03,142,154,23,17,158,1.56,239,12.8,174,146.0,6.184245949118104,10.132456102380443,240.0,244.0,237.0,158.0,1.124858267715973,6384512138,0
4455.0,13.87,143,178,57,57,113,1.6,558,11.1,238,154.0,10.428488955446063,207.3583214272832,271.0,358.4516129032258,161.0,157.0,35.635686961580035,5995986666,3
1987.0,8.03,141,153,7,8,160,1.51,301,16.9,169,145.0,6.373169066533328,6.855654600401044,246.0,247.5,241.0,160.0,1.0540925533894598,6027799335,0
1659.0,5.97,130,138,15,18,161,1.34,287,20.8,173,132.0,3.6247605284885904,18.631663610340567,273.0,277.8333333333333,260.0,160.5,1.462494064565354,5201831560,0
3553.0,12.14,156,173,53,51,155,1.46,641,9.9,191,160.0,9.195445232165296,13.155849987320808,277.5,282.0833333333333,266.0,161.0,39.91751851034416,5980582818,0
4780.0,19.02,140,151,90,88,164,1.46,803,21.9,173,141.0,4.271709259769442,12.092670796007368,249.0,251.3684210526316,233.0,164.0,1.8439088914585773,5087930745,0
4942.0,17.96,138,153,76,74,161,1.36,789,27.9,170,139.5,4.629481479111036,10.373875069163754,275.5,275.22222222222223,256.0,161.0,0.881917103688197,5052267582,0
1543.0,6.1,129,152,13,11,160,1.48,243,24.9,170,133.5,16.65035660278782,32.57706718110838,244.0,260.85714285714283,236.0,161.0,27.96398353239395,5279819553,0
2443.0,10.01,141,152,25,21,160,1.54,352,10.2,172,143.0,6.109199133240525,4.878524367060187,243.0,244.0,234.0,159.0,1.28564869306645,5984632295,0
1949.0,8.02,141,152,29,24,160,1.54,290,9.0,173,142.0,5.374838498865699,9.061422349719717,242.0,243.125,230.0,161.0,0.9428090415820634,6201161047,0
2859.0,12.73,149,156,32,27,164,1.63,616,22.7,175,152.0,5.226242385065548,15.242419786462568,220.0,225.23076923076923,209.0,165.0,2.237390703422921,5231203993,1
743.0,2.59,148,159,8,7,158,1.33,173,26.2,244,147.0,2.6246692913372702,11.025223605694151,285.0,284.6666666666667,271.0,158.0,0.816496580927726,5116882114,0
1076.0,3.67,141,168,10,11,136,1.43,208,16.4,231,148.0,10.037208881465878,101.78190190576886,258.0,274.6666666666667,167.0,155.0,32.390735763696526,5200332763,3
661.0,2.24,131,139,8,7,163,1.25,123,23.5,172,132.0,0.9428090415820634,1.0,297.0,297.0,296.0,163.0,0.0,5234594278,0
787.0,3.09,146,168,11,12,158,1.49,147,17.3,171,152.5,9.908960591303208,7.318166133366716,251.0,255.66666666666663,250.0,158.0,0.7071067811865476,5708752931,0
761.0,3.31,146,157,10,8,154,1.69,142,29.9,165,147.5,5.11737237261468,4.496912521077347,227.0,229.66666666666663,226.0,154.0,0.4330127018922193,5543617918,6
620.0,2.18,139,154,7,6,157,1.34,130,30.4,169,146.0,8.640987597877148,4.0,286.0,286.0,282.0,157.0,1.247219128924647,5152797136,0
718.0,2.94,131,161,9,47,159,1.55,103,16.2,173,145.0,22.29100466306732,13.888444437333106,245.0,244.3333333333333,227.0,160.0,3.39934634239519,5916959334,6
657.0,2.67,140,152,8,8,159,1.53,134,24.6,167,145.0,7.408703590297622,14.236104336041748,237.0,245.0,233.0,160.0,0.9428090415820634,5190385474,0
663.0,2.85,146,155,7,8,161,1.6,150,25.6,172,146.0,15.107613974417005,31.95309061734092,235.0,251.0,228.0,161.0,5.621387729022079,5103367804,6
986.0,3.67,149,165,67,41,157,1.43,190,24.6,172,153.0,9.654014708917735,5.522680508593631,267.5,269.0,263.0,157.0,1.469693845669907,5621163028,0
2475.0,9.84,146,159,75,67,154,1.55,416,11.2,170,147.5,7.746612162745725,9.476813810558909,251.5,251.7,233.0,153.5,1.8867962264113207,6436201933,0
891.0,3.81,136,159,7,4,162,1.59,136,17.3,170,146.5,13.81725973797506,7.445804187594514,229.0,232.6,226.0,162.0,0.6871842709362768,5970788337,0
1041.0,4.01,138,156,12,12,163,1.42,165,15.3,173,142.0,7.402702209328699,20.60946384552495,253.0,259.5,239.0,163.0,1.4966629547095764,5945393889,0
1070.0,4.13,112,146,10,13,158,1.46,173,21.5,168,112.0,13.212115651930995,10.685855136581257,255.0,259.75,251.0,159.0,1.743559577416269,5268979862,6
682.0,2.2,127,161,17,19,132,1.39,80,16.9,203,129.5,19.162463307205574,109.45328757358008,163.0,251.6315789473684,141.0,154.0,28.33526954168603,5843588563,7
628.0,2.5,139,150,26,29,158,1.51,97,22.2,174,138.0,4.109609335312651,24.239545283597124,239.0,246.3333333333333,221.0,157.0,2.0548046676563256,5735278335,0
788.0,3.01,148,168,5,1,162,1.42,182,26.4,172,153.0,8.660254037844387,7.3484692283495345,262.0,262.0,253.0,161.0,0.4330127018922193,5097503409,0
1058.0,3.85,131,146,35,26,159,1.38,148,14.0,172,130.5,8.031189202104505,12.695963925594622,272.0,274.75,260.0,158.0,2.8613807855648994,5805595264,0
1176.0,4.48,154,178,60,9,155,1.44,243,22.2,238,161.0,9.336573120430003,117.18856498529884,285.0,273.38461538461536,176.0,160.0,20.200474538921927,5283012494,3
469.2,2.05,146,162,8,1,163,1.61,102,24.5,173,152.0,9.46337971105226,3.5,228.5,228.5,225.0,166.0,3.0912061651652345,5182084584,6
804.0,2.95,131,139,10,20,161,1.36,139,23.3,169,132.5,2.947456530637899,4.109609335312651,273.0,273.6666666666667,269.0,161.0,0.8660254037844386,5301151350,0
649.0,2.52,138,148,2,2,158,1.47,123,28.2,239,140.0,4.546060565661952,12.391753530294071,257.0,254.3333333333333,238.0,158.0,1.247219128924647,5363320697,0
1069.0,3.4,143,170,14,12,132,1.35,211,16.2,228,152.0,11.179545989024334,102.07540785560884,256.5,279.6666666666667,174.0,158.0,34.14344956106506,5200333526,3
430.7,1.87,140,154,1,0,160,1.63,75,22.0,167,145.0,6.377042156569663,8.0,233.0,233.0,225.0,162.0,2.6246692913372702,5575930649,0
946.0,3.57,144,163,9,5,143,1.54,164,23.8,180,146.0,9.52768909569011,87.72110199682395,303.0,268.90909090909093,167.0,144.0,21.962025828971168,5575930215,6
1128.0,3.72,147,173,18,17,130,1.46,223,23.1,239,157.0,12.789141103980157,93.99863326429568,246.0,264.5833333333333,169.0,153.0,39.16797387553756,5234594019,3
2639.0,10.02,143,158,99,98,155,1.47,423,15.0,171,145.0,6.321941327532258,10.315522284402276,263.0,263.7,249.0,155.0,2.2342192231717286,5708753130,0
623.0,2.04,139,152,11,10,156,1.26,116,23.0,168,135.0,3.559026084010437,14.5,307.5,307.5,293.0,157.0,1.699673171197595,5380181707,0
428.8,1.4,136,146,14,12,156,1.25,78,15.0,163,138.0,4.0,0.0,321.0,321.0,321.0,157.0,2.0,5329476010,0
1033.0,4.0,139,161,13,12,155,1.5,182,27.8,168,137.0,15.301597592698904,4.242640687119285,258.0,258.0,252.0,155.0,1.699673171197595,5431838467,0
988.0,4.01,136,147,5,10,161,1.52,172,22.7,235,141.0,7.9498427657407165,5.766281297335398,248.5,246.5,237.0,161.0,1.4966629547095764,5375415631,0
390.5,1.38,141,147,4,1,133,1.6,71,26.0,173,140.5,0.5,0.0,235.0,235.0,235.0,126.0,36.0,5402808021,0
863.0,3.12,144,160,83,20,160,1.35,147,16.5,178,148.0,8.898735865278843,4.189935029992179,276.0,277.3333333333333,273.0,161.0,0.4330127018922193,5771383107,0
328.1,1.39,136,150,11,2,155,1.64,54,24.0,174,138.5,4.5,0.0,243.0,243.0,243.0,156.5,2.5,5543600830,0
710.0,2.65,138,144,1,2,162,1.38,139,22.8,167,140.5,3.3541019662496847,17.82008853949821,262.0,266.3333333333333,247.0,162.5,0.5,5037963217,0
694.0,2.69,118,153,36,26,159,1.46,76,16.0,167,118.0,0.0,0.0,258.0,258.0,258.0,159.0,0.0,5843650419,6
333.8,1.04,142,151,14,9,157,1.19,68,26.9,167,146.0,4.0,0.0,323.0,323.0,323.0,159.0,3.0,5285983348,0
570.0,2.11,140,151,5,3,161,1.38,121,29.5,170,144.0,4.496912521077347,4.0,272.0,272.0,268.0,160.0,1.247219128924647,5081404976,0
2771.0,11.04,140,156,84,109,154,1.56,410,14.9,231,140.0,10.37725879025863,8.302145495877,251.0,251.27272727272728,240.0,155.5,42.86185820620577,6436204960,0
749.0,2.99,148,178,10,10,158,1.5,169,21.6,169,157.0,12.67650888655944,19.718152944826137,224.5,230.8333333333333,202.0,162.0,31.11007448872274,5028244659,0
1066.0,3.96,133,144,23,24,158,1.41,139,14.4,173,139.0,6.046486583132389,5.973901572674261,268.5,269.25,262.0,158.0,2.0591260281974,5801845806,0
779.0,3.31,137,152,12,10,157,1.63,128,16.4,169,140.5,7.327175444876422,3.858612300930076,238.0,236.3333333333333,231.0,156.5,0.5,5558577449,0
757.0,3.02,132,150,24,26,166,1.44,136,24.4,238,134.5,4.183300132670378,6.649979114420001,247.0,250.66666666666663,245.0,166.5,0.82915619758885,5234592599,0
786.0,3.1,136,150,50,6,159,1.49,112,13.9,172,140.0,6.609652033201143,8.9566858950296,258.0,254.3333333333333,242.0,160.5,2.0615528128088303,5916959596,0
1164.0,3.95,149,175,42,44,136,1.43,227,23.1,183,156.0,8.732039893980053,163.57182842884515,245.5,295.4166666666667,169.0,157.0,33.12822497419426,5283020528,3
2322.0,9.87,131,165,100,102,157,1.62,317,20.5,173,137.0,23.21831173879789,13.021520648526424,230.0,235.2,213.0,158.0,1.3601470508735445,5657750152,1
1015.0,3.58,148,172,13,12,133,1.5,215,18.3,190,153.0,12.392018809601396,91.2170239294478,183.0,254.0,167.0,151.0,44.79618538282106,5200334233,3
1059.0,4.53,152,171,7,11,159,1.61,211,22.0,229,152.0,8.957678270623475,4.498888751680798,232.0,233.4,229.0,159.0,1.095445115010332,5543600302,0
1021.0,3.55,150,176,16,16,138,1.43,217,22.7,226,153.0,10.096575082787572,112.90664162139544,232.0,276.9166666666667,165.0,159.0,36.841897939533226,5234593105,3
696.0,2.66,138,150,6,60,162,1.42,105,14.0,176,138.0,0.0,0.0,261.0,261.0,261.0,162.0,0.0,5800707447,0
585.2,2.22,146,158,7,4,155,1.46,105,17.0,168,146.0,0.0,0.0,264.0,264.0,264.0,155.0,0.0,5955948489,0
227.9,1.08,128,143,1,9,157,1.8,34,25.0,175,121.5,8.5,0.0,208.0,208.0,208.0,148.0,11.0,5543599306,6
681.0,2.78,153,167,5,3,156,1.57,138,26.1,170,158.0,7.874007874011811,8.339997335464536,240.0,244.3333333333333,237.0,157.0,1.4142135623730951,5486214049,0
726.0,3.07,147,164,9,6,149,1.7,137,25.3,165,146.0,7.833262411026455,202.96366669923955,227.5,342.5,221.0,154.0,48.33218389437829,5506649793,6
710.0,2.61,128,145,13,8,161,1.37,92,10.0,172,128.0,0.0,0.0,272.0,272.0,272.0,161.0,0.0,5929865154,0
510.2,2.15,138,149,10,8,162,1.56,80,18.8,222,144.0,6.48074069840786,9.0,238.0,238.0,229.0,161.0,1.247219128924647,6159241251,0
808.0,3.1,140,153,18,83,161,1.43,123,15.7,174,142.0,5.024937810560445,6.548960901462833,260.0,260.6666666666667,253.0,161.0,1.0897247358851685,5771383484,0
869.0,3.22,132,147,24,24,159,1.4,146,26.3,169,137.0,8.042853971072706,24.26245384677046,259.0,272.0,251.0,159.0,1.299038105676658,5402514887,0
1475.0,4.95,152,176,24,27,158,1.28,269,18.8,222,151.0,12.457929201917947,3.32264954516723,295.0,297.6,295.0,157.0,2.3664319132398464,5787350352,0
1015.0,4.02,139,152,29,27,161,1.47,158,15.3,178,145.0,6.887670143089025,10.894379284750462,254.5,252.75,236.0,161.0,0.4898979485566356,6027803119,0
776.0,3.38,141,155,14,13,157,1.67,135,23.9,169,141.0,8.06473806146238,7.730459236035076,228.0,231.2,224.0,157.0,1.8547236990991405,5543593517,0
798.0,3.07,141,159,66,4,164,1.41,159,24.0,180,147.5,10.594810050208546,0.816496580927726,260.0,260.0,259.0,162.5,1.7853571071357126,5283004420,0
545.9,2.02,152,166,24,21,155,1.43,109,18.5,167,157.0,6.164414002968976,1.5,269.5,269.5,268.0,156.0,1.247219128924647,5732079012,0
815.0,3.02,129,144,12,9,160,1.39,134,24.1,172,141.0,9.604165762834375,29.34280150224242,254.0,258.0,223.0,161.0,0.8,5282965142,6
627.0,2.47,133,143,27,32,162,1.46,89,20.0,172,133.0,0.816496580927726,26.5,259.5,259.5,233.0,162.0,1.632993161855452,5843516309,6
755.0,3.09,141,163,12,10,157,1.57,126,16.3,163,144.0,12.1937483982572,10.33870827951388,240.0,244.66666666666663,235.0,157.0,1.0897247358851685,5955705349,0
743.0,3.09,162,171,4,5,159,1.57,190,29.7,170,166.5,7.224091638399945,9.030811456096044,240.0,241.3333333333333,231.0,160.0,1.4142135623730951,5153215633,6
642.0,2.09,147,166,16,12,149,1.28,105,15.4,236,153.0,7.446853114019045,84.0776757264112,255.5,262.6666666666667,163.0,171.0,20.08443714383392,5785590071,7
513.9,2.02,134,144,5,4,160,1.48,86,21.0,171,138.0,5.354126134736337,3.0,255.0,255.0,252.0,160.0,0.816496580927726,5431846852,0
1802.0,7.34,139,158,51,63,156,1.56,276,11.8,173,140.5,8.757139944068497,11.86832519175064,241.0,246.0,231.0,156.0,1.984313483298443,6436197983,0
4829.0,20.46,143,158,97,86,159,1.6,700,11.7,176,145.0,8.662479365218394,5.8395205282625735,236.5,236.0,225.0,159.0,1.955282396918839,6384531909,0
949.0,3.28,140,160,73,5,154,1.38,147,17.6,198,139.0,10.825317547305485,10.656244908763853,279.0,283.3333333333333,273.0,161.5,33.50373113550191,5800706871,0
657.0,2.82,145,160,31,25,157,1.64,117,26.1,172,148.0,6.342099196813483,4.9216076867444665,233.0,232.3333333333333,226.0,159.0,3.858612300930076,5621162320,0
1024.0,3.52,137,156,65,32,160,1.29,153,19.6,170,140.5,7.582875444051551,8.916277250063503,288.0,289.0,279.0,160.0,1.0,5785589510,0
705.0,3.08,138,150,21,13,160,1.64,109,10.5,174,138.5,2.384848003542364,8.584142356694699,226.5,227.75,217.0,160.0,1.0897247358851685,6230967495,6
963.0,3.8,139,157,21,16,145,1.58,143,19.4,205,136.0,10.155579868679869,282.12649534384394,235.5,329.125,141.0,147.0,32.43454948045371,6027806272,6
1995.0,8.02,138,153,73,60,155,1.55,293,15.1,226,140.0,7.859884081701064,12.23149111923808,248.0,248.875,230.0,155.0,1.4142135623730951,6436203223,0
476.0,1.73,141,148,1,2,156,1.4,84,20.2,163,141.5,1.5,12.5,273.5,273.5,261.0,156.0,1.0,5506649628,0
1899.0,7.74,144,157,30,63,155,1.58,310,14.3,173,146.0,7.069962871189636,8.199657005021612,248.0,245.375,227.0,155.0,1.7320508075688772,6436205881,0
915.0,4.06,149,175,6,5,154,1.69,150,10.0,239,146.5,8.274794391537606,93.96467421323824,177.0,249.2,170.0,157.0,39.46623029038032,5758131849,3
1017.0,4.02,138,147,13,11,159,1.49,181,24.0,175,138.0,5.775811631277461,8.381527307120106,257.0,252.5,238.0,158.0,1.019803902718557,5378392566,0
1070.0,3.96,131,156,22,24,158,1.41,144,13.9,174,134.0,10.533755265810951,14.20167243672378,270.5,269.75,249.0,158.0,1.4142135623730951,5815850411,0
814.0,3.01,139,146,14,16,160,1.38,155,20.5,173,142.5,3.59687364248454,13.798846446906571,261.0,264.1428571428572,243.0,161.5,1.0532687216470449,5219209498,0
741.0,3.14,141,151,4,5,158,1.61,132,24.0,169,146.0,6.675327707311454,13.057564857200596,233.5,231.0,212.0,159.0,3.4985711369071804,5466931495,0
836.0,3.46,147,155,8,5,160,1.56,144,10.3,165,150.0,4.242640687119285,13.497684986693088,237.0,238.75,222.0,162.0,1.743559577416269,6159254725,0
1137.0,4.4,156,186,7,3,160,1.45,280,25.8,225,157.0,15.431749378760946,30.447331574376104,257.0,266.6,233.0,163.0,4.740487551109297,5057202330,6
756.0,3.09,138,152,7,5,161,1.53,117,14.4,230,143.5,7.822243923581007,14.352700094407323,252.0,245.0,225.0,159.5,1.6393596310755,6059225749,0
4000.0,16.02,147,162,111,107,158,1.52,661,17.6,175,148.0,5.31434046076011,13.521828417414564,246.5,249.6875,229.0,158.0,1.7149858514250884,5732079594,0
879.0,2.99,129,140,5,66,157,1.3,145,27.7,169,133.0,5.185449728701348,13.199326582148888,291.0,293.6666666666667,279.0,155.0,2.8284271247461903,5291844903,0
885.0,3.53,144,163,18,14,158,1.51,150,14.5,239,145.5,7.1545440106270926,10.084022015049351,246.0,249.25,239.0,159.0,1.7853571071357126,6219133408,0
741.0,2.73,143,157,22,21,154,1.43,141,22.2,167,145.0,6.97614984548545,27.47119703738202,257.0,269.0,243.0,154.0,0.4714045207910317,5453195008,6
719.0,3.02,143,154,6,5,158,1.6,145,28.3,169,144.5,3.5355339059327378,6.018490028422596,241.0,238.3333333333333,230.0,157.5,38.854697270729055,5352789974,0
741.0,3.04,133,153,8,7,153,1.57,109,22.7,229,132.0,7.655063683601855,79.49702999343924,174.0,238.3333333333333,162.0,159.5,19.940912717325656,5575930519,3
1001.0,3.64,134,147,17,20,144,1.46,149,23.6,231,140.0,7.643935639846512,80.28754573406762,237.0,247.9,167.0,156.0,19.65192985707608,5575930386,3
447.1,1.95,139,147,5,3,166,1.57,87,22.1,174,139.0,3.0,10.5,229.5,229.5,219.0,165.5,0.5,5023846781,6
664.0,2.52,134,143,28,29,160,1.43,93,16.8,230,134.0,1.247219128924647,23.79075450674064,252.0,259.0,234.0,159.0,2.449489742783178,5875573012,0
1066.0,4.03,104,141,12,9,161,1.41,87,13.5,170,96.0,16.387800340497197,6.722164829874376,263.5,265.25,259.0,161.0,1.095445115010332,5932760407,6
1042.0,3.64,151,175,8,7,133,1.57,220,22.9,239,158.0,12.0600077521637,93.68427325627049,257.0,266.9166666666667,166.0,156.0,40.27508957453337,5234593539,3
1095.0,3.86,138,152,36,33,158,1.33,169,19.5,217,139.0,6.317963807008288,13.92838827718412,268.0,272.0,256.0,160.0,19.03286631067428,5819303465,0
691.0,2.77,120,165,33,29,156,1.54,83,16.0,169,110.0,23.697163449568293,17.326921891156037,254.0,247.66666666666663,224.0,155.0,3.0912061651652345,5671215344,6
591.3,2.35,137,144,19,25,158,1.51,86,13.7,167,137.0,2.0548046676563256,6.5,254.5,254.5,248.0,159.0,2.0548046676563256,5875589979,0
750.0,3.01,137,157,7,2,156,1.55,132,25.7,172,144.5,11.797775213996918,8.806563209081938,254.0,249.3333333333333,237.0,156.5,1.479019945774904,5438928707,0
1078.0,4.0,137,154,17,19,161,1.39,160,14.0,172,141.0,7.054076835419359,20.25462910052909,261.5,269.5,252.0,161.0,0.9797958971132712,5929864908,0
632.0,2.58,144,160,2,1,161,1.52,140,24.4,172,153.0,8.56971411425142,19.32614809008769,229.0,234.0,215.0,162.0,0.9797958971132712,5126773105,0
779.0,3.01,144,157,9,9,155,1.49,142,24.2,173,147.5,6.722164829874376,23.6267268622258,244.0,258.6666666666667,240.0,155.0,24.40671014290947,5543601626,0
2866.0,11.11,145,167,80,71,151,1.53,460,9.1,221,149.5,8.912163972159998,100.64348256414678,251.0,260.6896551724138,148.0,156.5,19.53958944183719,6436199382,5
864.0,3.46,134,150,15,2,158,1.53,117,15.2,198,130.0,6.013318551349163,20.57911562725668,253.0,262.0,245.0,157.0,25.12687803926305,5758131511,0
657.0,2.49,131,146,16,14,133,1.62,113,23.0,205,133.0,11.55230636335988,152.75551544870646,250.5,284.95,136.0,161.0,35.91038228083287,5123302441,7
1066.0,4.13,140,158,7,4,158,1.47,182,22.4,172,141.0,6.711184694225008,5.873670062235365,256.5,259.0,254.0,158.0,0.4898979485566356,5543591124,0
758.0,3.13,135,146,4,3,158,1.57,126,25.3,167,139.5,7.3824115301167,8.524474568362947,249.0,244.0,232.0,158.0,0.8660254037844386,5434163318,0
731.0,3.01,137,146,4,1,159,1.56,113,17.8,169,141.5,5.873670062235365,9.741092797468305,247.0,243.3333333333333,230.0,158.5,0.5,5995986525,0
855.0,3.3,139,156,20,14,153,1.47,122,5.5,183,144.0,7.048936089935842,78.08151011745497,265.0,253.66666666666663,165.0,158.5,12.329672880224088,6089557779,6
743.0,3.02,142,151,25,34,158,1.54,130,22.1,169,146.0,5.11737237261468,15.3260852434302,243.0,246.66666666666663,230.0,158.0,1.299038105676658,5712875361,0
