,Czas,Dystans,Średnie tętno,Maksymalne tętno,Wzrost wysokości,Spadek wysokości,Średni rytm biegu,Średnia długość kroku,Kalorie,Maksymalny rytm biegu,HR median,HR std,Pace std,Lap pace median,Avg Pace(s/km),Best Lap(s/km),Cadence median,Cadence std,File id,Type
0,2566.0,9.96,140,161,50.0,50.0,164,1.42,479.0,172,143.0,7.670723564306043,8.764131445842194,255.5,257.7,242.0,164.0,1.095445115010332,4320254471,0
1,1637.0,6.07,146,163,33.0,33.0,157,1.42,326.0,232,149.0,7.108488745499844,12.325447929656214,270.0,269.5,254.0,157.0,0.9258200997725514,4185686346,0
2,521.0,2.6,142,145,2.0,2.0,177,1.69,103.0,185,142.0,0.816496580927726,5.0990195135927845,198.0,200.0,195.0,179.0,2.943920288775949,4488609593,-1
3,3208.0,12.28,147,170,30.0,30.0,159,1.45,597.0,176,147.0,10.503873616278211,10.973136389484196,262.5,262.0833333333333,241.0,158.0,3.354763459593312,4160423620,0
4,2526.0,9.74,157,183,103.0,103.0,166,1.39,569.0,190,158.0,7.269112738154499,25.76218158464069,258.0,258.1,207.0,166.5,3.689173349139344,4706925400,-1
5,1976.0,7.58,148,181,48.0,48.0,164,1.4,407.0,170,148.0,6.4408365139941255,9.5,260.5,260.0,245.0,164.5,1.3169567191065925,4314832870,0
6,1914.0,8.01,164,200,13.0,13.0,165,1.52,470.0,174,164.0,0.0,0.0,239.0,239.0,239.0,165.0,0.0,5849638029,-1
7,3810.0,14.15,140,162,26.0,26.0,162,1.34,611.0,174,144.0,8.128119495345295,21.5131663529712,268.0,276.57142857142856,253.0,161.0,1.349603116263656,4510568092,0
8,1021.0,4.23,158,173,6.0,6.0,165,1.51,238.0,190,163.0,7.934733769950949,14.13108276106258,243.5,242.25,223.0,166.0,3.3823069050575527,5723321464,0
9,2012.0,7.91,146,164,237.0,237.0,162,1.46,415.0,171,146.0,0.0,0.0,254.0,254.0,254.0,162.0,0.0,5291872893,0
10,1025.0,4.15,154,171,13.0,13.0,169,1.44,244.0,198,156.0,5.4626001134990645,15.368392889303683,248.5,247.75,230.0,169.0,2.9257477676655586,4672871237,0
11,1765.0,7.39,154,176,67.0,67.0,170,1.48,408.0,190,157.0,12.255100978776143,8.050858744917354,241.0,239.42857142857144,221.0,170.5,2.817356917396161,4857168630,0
12,2284.0,10.02,165,175,72.0,72.0,169,1.55,570.0,183,167.0,7.703170968841767,10.620734437881405,227.5,228.0,208.0,169.0,3.8008263564303406,4400116766,1
13,2580.0,12.02,160,183,109.0,109.0,174,1.61,618.0,186,168.0,15.185246655103478,3.729574000100041,215.5,214.58333333333331,208.0,175.0,3.0265100881393856,4345153364,1
14,3737.0,14.29,150,185,85.0,85.0,165,1.39,744.0,191,150.0,0.0,0.0,261.0,261.0,261.0,165.0,0.0,6228714724,0
15,368.2,2.09,145,171,6.0,6.0,180,1.89,81.0,190,145.0,1.0,7.0,176.0,176.0,169.0,180.5,0.5,5014903767,-1
16,1650.0,5.91,152,165,3.0,3.0,158,1.36,344.0,164,152.0,6.148622248565572,8.414603707576225,280.0,278.8333333333333,262.0,158.5,1.384437310486346,4211373526,0
17,2988.0,12.01,163,180,16.0,16.0,161,1.5,725.0,172,166.0,8.014779247772989,10.133484099755622,244.5,248.75,236.0,161.0,2.1538461538461537,5677410719,-1
18,743.0,3.09,146,167,57.0,57.0,163,1.53,165.0,167,146.0,0.0,0.0,241.0,241.0,241.0,163.0,0.0,5340723161,0
19,2194.0,7.31,140,151,57.0,57.0,163,1.23,402.0,213,140.0,0.0,0.0,300.0,300.0,300.0,163.0,0.0,5222661651,0
20,1004.0,3.49,152,175,146.0,146.0,161,1.3,234.0,224,152.0,0.0,0.0,288.0,288.0,288.0,161.0,0.0,5291873662,0
21,1266.0,4.65,141,153,14.0,14.0,162,1.36,255.0,175,142.0,2.993325909419153,10.067770358922576,274.0,271.2,254.0,162.0,0.4898979485566356,4310463031,0
22,769.0,3.04,143,159,3.0,3.0,162,1.47,164.0,169,143.0,0.0,0.0,252.0,252.0,252.0,162.0,0.0,5366310737,0
23,1267.0,5.01,144,156,14.0,14.0,161,1.47,273.0,166,146.0,4.749268949591669,7.782030583337488,251.0,253.2,246.0,162.0,0.9428090415820636,6363162520,0
24,1628.0,5.93,141,162,47.0,47.0,162,1.35,304.0,167,141.0,0.0,0.0,275.0,275.0,275.0,162.0,0.0,5800497678,0
25,2019.0,7.79,148,167,28.0,28.0,164,1.41,437.0,172,148.0,0.0,0.0,259.0,259.0,259.0,164.0,0.0,6211660805,0
26,809.0,2.77,144,161,23.0,23.0,159,1.29,176.0,166,147.0,6.018490028422596,8.178562764256865,293.0,292.3333333333333,282.0,159.0,2.0548046676563256,4908422228,0
27,1487.0,5.02,150,165,14.0,14.0,158,1.28,326.0,165,159.0,12.05081832168348,36.16849457746341,280.0,296.2,262.0,159.0,2.362907813126304,4532822421,-1
28,3245.0,12.13,136,148,15.0,15.0,162,1.38,543.0,169,141.0,8.641444104605304,10.019425576792758,264.5,267.6666666666667,255.0,163.0,0.92946507489189,4523989366,0
29,604.0,2.01,148,159,5.0,5.0,154,1.3,137.0,162,152.0,3.771236166328253,3.5,300.5,300.5,297.0,153.0,1.247219128924647,5555226878,0
30,2550.0,10.88,163,190,26.0,26.0,163,1.57,635.0,189,167.0,15.090361435845823,17.013363731330305,239.0,234.0,200.0,163.0,3.0260576321987704,5677406917,-1
31,1864.0,7.96,155,173,88.0,88.0,165,1.55,447.0,175,149.5,12.5,14.0,241.0,241.0,227.0,164.0,3.0,5313814148,0
32,1540.0,5.76,145,169,89.0,89.0,165,1.36,319.0,170,145.0,0.0,0.0,267.0,267.0,267.0,165.0,0.0,4472437043,0
33,1495.0,6.04,143,163,38.0,38.0,165,1.47,307.0,172,144.0,4.686062704816207,10.23067283548187,250.5,248.0,231.0,164.0,1.4568627181693672,5691404197,0
34,1227.0,4.81,137,161,11.0,11.0,161,1.47,239.0,167,137.0,0.0,0.0,255.0,255.0,255.0,161.0,0.0,5953641108,0
35,1253.0,4.84,131,139,14.0,14.0,158,1.46,215.0,170,130.0,3.0066592756745814,6.48074069840786,261.0,259.0,250.0,158.0,1.019803902718557,5943089381,0
36,1747.0,7.41,163,180,75.0,75.0,168,1.52,429.0,188,166.0,7.5096645549848,12.348456381264826,235.5,233.625,205.0,169.0,3.5276684147527875,4290321282,-1
37,2293.0,9.67,155,171,10.0,10.0,163,1.55,505.0,188,157.5,10.274239631233057,17.28612160086814,240.0,236.3,212.0,163.0,4.09878030638384,5742049006,0
38,1411.0,4.89,140,162,35.0,35.0,157,1.32,281.0,165,139.0,2.785677655436824,9.414881836751857,292.0,288.4,270.0,157.0,1.8547236990991407,4827964875,0
39,4103.0,15.01,156,177,147.0,147.0,160,1.37,851.0,172,157.0,5.337075510052299,8.081254028099021,272.0,273.4,261.0,160.0,2.4109126902482387,4217702526,0
40,697.0,2.47,151,169,22.0,22.0,161,1.32,153.0,230,153.0,2.3570226039551585,10.0,286.0,286.0,276.0,161.0,0.0,4258283470,0
41,5106.0,20.01,162,179,106.0,106.0,163,1.45,1132.0,170,166.0,12.081544554437636,8.51821577561874,252.5,255.2,243.0,163.0,2.3560603574958057,4172569671,-1
42,1448.0,5.02,152,177,40.0,40.0,158,1.32,322.0,167,157.5,8.552127740444998,14.136477637657832,294.0,288.6,267.0,157.0,1.950783318453271,4619238583,0
43,1413.0,5.01,152,164,126.0,126.0,163,1.3,319.0,172,152.0,0.0,0.0,282.0,282.0,282.0,163.0,0.0,4461471672,0
44,1761.0,6.0,142,160,395.0,395.0,154,1.33,361.0,160,142.0,0.0,0.0,293.0,293.0,293.0,154.0,0.0,5986708514,0
45,1578.0,5.96,150,166,43.0,43.0,160,1.42,355.0,167,149.5,7.243771270700243,5.880759588125784,263.5,264.5,258.0,159.5,1.384437310486346,6397810365,0
46,1234.0,4.8,143,164,14.0,14.0,163,1.43,261.0,172,146.0,9.457272334029511,11.35957745693034,255.0,256.6,245.0,164.0,1.1661903789690602,4835233115,0
47,845.0,3.0,150,170,67.0,67.0,165,1.27,184.0,197,148.0,5.68584988272544,73.30116796129373,273.5,276.7142857142857,194.0,178.0,13.14635564202744,5291856478,-1
48,3427.0,13.4,149,180,101.0,101.0,167,1.38,666.0,189,148.0,7.558273612406473,143.75267310534002,212.0,297.89473684210526,185.0,174.5,13.7,6460379689,-1
49,1886.0,7.56,144,167,7.0,7.0,163,1.47,387.0,239,144.0,0.0,0.0,249.0,249.0,249.0,163.0,0.0,5113693927,0
50,1389.0,5.62,148,167,50.0,50.0,166,1.46,295.0,183,154.0,8.44912747578357,6.968181653455623,248.0,247.33333333333331,238.0,166.0,7.722218143851187,4227156201,0
51,2328.0,8.18,131,168,44.0,44.0,159,1.29,364.0,199,130.5,11.971946374754609,111.30629547668174,186.0,277.5263157894737,156.0,178.5,18.56205807554755,5034120937,-1
52,1451.0,4.95,128,168,37.0,37.0,160,1.28,228.0,167,128.0,0.0,0.0,293.0,293.0,293.0,160.0,0.0,5869569969,0
53,2159.0,7.87,138,146,32.0,32.0,159,1.38,421.0,214,140.5,6.936092199502541,13.232889896012887,275.0,274.125,252.0,158.5,1.3919410907075054,6383531416,0
54,2980.0,9.4,162,188,17.0,17.0,159,1.19,661.0,165,168.0,18.182684070290613,13.64180213285982,317.0,318.1111111111111,295.0,160.0,0.8,4565237983,-1
55,1322.0,5.03,151,162,34.0,34.0,162,1.41,299.0,172,153.0,4.533823502911814,10.419213022104884,266.0,263.2,250.0,162.0,2.6246692913372702,4400115482,0
56,3152.0,11.85,152,187,83.0,83.0,163,1.38,674.0,172,153.5,11.55752520606764,11.385907468835711,264.0,265.8333333333333,249.0,163.5,2.153807997220014,4638257769,0
57,1427.0,4.98,144,163,59.0,59.0,160,1.3,290.0,168,144.0,0.0,0.0,287.0,287.0,287.0,160.0,0.0,5200456929,0
58,3165.0,12.21,146,165,30.0,30.0,160,1.45,662.0,173,146.0,0.0,0.0,259.0,259.0,259.0,160.0,0.0,5395785704,0
59,3092.0,12.61,160,184,151.0,151.0,169,1.45,718.0,229,160.0,7.23649527777953,37.646125554043,235.0,245.0,210.0,171.0,6.452374454003313,4297451211,-1
60,2020.0,7.9,166,187,60.0,60.0,162,1.45,484.0,172,166.5,10.5,15.578430601315397,256.5,255.75,235.0,162.0,2.368411915187052,4601145398,-1
61,2734.0,10.02,137,151,20.0,20.0,161,1.37,444.0,187,137.0,0.0,0.0,273.0,273.0,273.0,161.0,0.0,6022094364,0
62,1081.0,3.93,141,150,78.0,78.0,161,1.36,226.0,164,141.0,0.0,0.0,275.0,275.0,275.0,161.0,0.0,5300215686,0
63,1747.0,7.28,157,177,78.0,78.0,169,1.47,423.0,188,163.0,12.417225938187643,6.249897958350673,244.0,241.7142857142857,233.0,170.0,4.841229182759271,4827965509,0
64,1534.0,6.0,150,176,13.0,13.0,164,1.43,361.0,171,150.0,9.556847457887631,10.318537794776072,254.0,255.83333333333331,243.0,164.5,0.8975274678557508,4368926643,0
65,2144.0,7.94,138,157,61.0,61.0,159,1.4,377.0,173,138.0,3.3166247903554,8.317902379807062,270.5,269.75,257.0,158.0,1.165922381636102,5752368300,0
66,1361.0,4.94,143,159,13.0,13.0,157,1.38,281.0,162,143.0,0.0,0.0,275.0,275.0,275.0,157.0,0.0,5109053758,0
67,1501.0,5.04,133,185,2.0,2.0,155,1.3,263.0,162,133.0,6.191391873668904,19.50384577461584,303.0,298.0,267.0,155.0,1.0671873729054748,5555224580,0
68,337.6,1.43,163,174,8.0,8.0,171,1.49,83.0,190,165.5,4.5,0.0,245.0,245.0,245.0,173.0,4.0,4267288449,-1
69,1269.0,5.01,144,166,118.0,118.0,163,1.45,277.0,170,149.5,12.512216252748974,7.227724399837061,256.0,253.6,244.0,162.5,1.3437096247164249,6383527823,0
70,782.0,3.01,145,161,11.0,11.0,162,1.42,170.0,170,145.0,0.0,0.0,260.0,260.0,260.0,162.0,0.0,5865016046,0
71,1526.0,6.05,142,159,32.0,32.0,163,1.46,309.0,171,146.0,11.015758656375429,12.065791865158843,250.0,252.5,239.0,164.0,1.1605769149479943,4882404013,0
72,2150.0,9.9,160,176,167.0,167.0,172,1.61,503.0,185,161.0,5.436502143433363,5.467073155618908,218.0,216.66666666666663,206.0,172.0,1.343709624716425,6407874559,1
73,1306.0,4.91,140,155,36.0,36.0,163,1.39,248.0,172,141.0,3.187475490101845,4.445222154178573,269.0,265.8,259.0,163.0,2.416609194718914,4306699277,0
74,1324.0,4.97,142,154,39.0,39.0,161,1.4,262.0,175,143.0,4.707440918375927,6.829348431585549,267.0,266.6,254.0,160.0,0.4898979485566356,4290320587,0
75,3735.0,15.0,153,174,43.0,43.0,162,1.49,839.0,169,153.0,0.0,0.0,249.0,249.0,249.0,162.0,0.0,6342978781,0
76,3816.0,14.97,157,177,196.0,196.0,164,1.43,835.0,172,157.0,0.0,0.0,255.0,255.0,255.0,164.0,0.0,4432268796,0
77,574.9,2.45,152,173,3.0,3.0,162,1.58,139.0,194,152.0,0.0,0.0,235.0,235.0,235.0,162.0,0.0,5434122924,0
78,1395.0,6.37,138,184,52.0,52.0,171,1.61,251.0,201,135.0,10.305536455355105,8.439325934114775,224.0,220.33333333333331,204.0,170.0,2.030381486221699,4258283782,-1
79,1485.0,4.8,127,142,33.0,33.0,159,1.22,247.0,165,127.0,0.0,0.0,310.0,310.0,310.0,159.0,0.0,6422638911,0
80,2749.0,10.74,153,185,99.0,99.0,161,1.45,649.0,182,154.0,5.821022034029863,13.293881025767934,253.0,256.0,244.0,163.0,5.465141223705141,4662746902,0
81,1031.0,5.01,162,173,6.0,6.0,170,1.71,261.0,175,162.0,0.0,0.0,206.0,206.0,206.0,170.0,0.0,5366311218,1
82,1851.0,7.78,155,170,8.0,8.0,167,1.51,420.0,197,156.0,4.242640687119285,12.43734296383275,240.0,237.25,209.0,166.0,3.199120973017432,5896021643,0
83,576.0,2.54,143,151,40.0,40.0,172,1.54,121.0,194,143.0,0.0,0.0,227.0,227.0,227.0,172.0,0.0,4443681418,-1
84,980.0,3.55,157,169,36.0,36.0,163,1.33,230.0,195,157.0,0.0,0.0,276.0,276.0,276.0,163.0,0.0,5819342747,0
85,1544.0,7.05,158,177,23.0,23.0,171,1.61,380.0,188,163.0,10.897247358851684,2.710523708715754,220.0,219.28571428571428,213.0,171.0,1.3169567191065925,4691795920,1
86,2742.0,11.89,157,181,22.0,22.0,168,1.55,634.0,174,160.5,8.1967981553775,4.554454473979903,232.0,230.58333333333331,224.0,168.0,0.9860132971832694,5901257588,0
87,2185.0,7.92,144,175,37.0,37.0,160,1.36,435.0,167,144.0,0.0,0.0,276.0,276.0,276.0,160.0,0.0,5849637392,0
88,913.0,5.19,156,190,3.0,3.0,178,1.92,211.0,194,156.0,0.0,0.0,176.0,176.0,176.0,178.0,0.0,5154855158,-1
89,1734.0,8.02,135,158,22.0,22.0,171,1.63,310.0,182,136.0,4.396968652757639,5.218656436287025,215.5,216.375,208.0,170.0,2.528845928164676,5929119127,-1
90,6124.0,25.0,157,176,116.0,116.0,163,1.51,1322.0,233,159.0,7.581217057373172,4.974494949238565,245.0,244.88,235.0,163.0,1.716608738801646,5938014271,0
91,1803.0,7.17,154,171,83.0,83.0,166,1.43,409.0,186,154.0,0.0,0.0,252.0,252.0,252.0,166.0,0.0,5752370458,0
92,1439.0,4.91,140,162,40.0,40.0,157,1.3,283.0,167,141.0,11.56546583584077,14.647866738880444,291.0,292.8,276.0,158.0,1.624807680927192,6407872889,0
93,3186.0,12.01,134,163,139.0,139.0,162,1.4,546.0,178,134.0,0.0,0.0,265.0,265.0,265.0,162.0,0.0,5336290095,0
94,1607.0,5.72,135,151,125.0,125.0,162,1.32,295.0,170,135.0,0.0,0.0,281.0,281.0,281.0,162.0,0.0,5308507401,0
95,872.0,3.14,147,171,18.0,18.0,160,1.35,184.0,167,147.0,0.0,0.0,278.0,278.0,278.0,160.0,0.0,5800499530,0
96,1165.0,4.48,147,168,12.0,12.0,165,1.4,258.0,170,147.0,0.0,0.0,260.0,260.0,260.0,165.0,0.0,6122644121,0
97,2182.0,9.86,147,167,54.0,54.0,172,1.57,463.0,207,146.5,3.0,48.12907814684701,210.0,244.14285714285717,195.0,174.0,10.511154789080027,5953641530,-1
98,688.0,3.52,146,185,6.0,6.0,180,1.71,142.0,189,146.0,6.96419413859206,6.015604707757983,196.0,196.25,188.0,180.0,1.0897247358851685,4630961311,-1
99,1776.0,8.34,155,175,1.0,1.0,166,1.7,403.0,177,157.5,13.972629494837395,3.059309562630104,214.0,212.875,206.0,166.0,0.7806247497997998,5271158150,1
100,1516.0,6.02,152,189,47.0,47.0,163,1.46,335.0,169,152.0,0.0,0.0,252.0,252.0,252.0,163.0,0.0,5819341854,0
101,1316.0,4.89,141,164,36.0,36.0,161,1.38,266.0,167,145.0,6.046486583132389,9.846826900072935,268.0,269.2,254.0,160.0,1.1661903789690602,4342810306,0
102,1434.0,4.9,137,176,140.0,140.0,153,1.33,263.0,189,137.0,5.67919960280887,72.62249554720722,273.0,286.8636363636364,200.0,156.0,9.063731501620031,5943090126,-1
103,1175.0,5.28,160,185,67.0,67.0,172,1.57,296.0,195,164.5,6.823163163486241,7.002856560004638,224.0,224.4,213.0,172.0,1.3743685418725535,4927952221,1
104,1707.0,5.91,133,165,161.0,161.0,157,1.32,281.0,166,133.0,0.0,0.0,289.0,289.0,289.0,157.0,0.0,5291859025,0
105,380.0,2.09,143,153,2.0,2.0,180,1.83,82.0,186,143.5,2.5,2.0,182.0,182.0,180.0,180.5,1.5,5014903516,-1
106,179.3,1.03,158,167,3.0,3.0,183,1.89,44.0,188,158.0,0.0,0.0,173.0,173.0,173.0,183.0,0.0,5014903968,-1
107,1301.0,5.01,131,143,14.0,14.0,164,1.41,212.0,173,132.0,4.96655480858378,7.709734106958553,261.0,259.6,246.0,164.5,0.957427107756338,4507843288,0
108,3334.0,12.88,153,170,41.0,41.0,163,1.42,709.0,174,154.0,6.715697410989892,9.318175914140271,255.0,258.6923076923077,248.0,164.0,2.0697883149344167,4263879848,0
109,1928.0,7.25,139,179,3.0,3.0,164,1.37,354.0,178,138.0,8.0,71.0,293.0,293.0,222.0,163.0,5.0,5836073595,-1
110,2684.0,9.48,134,173,87.0,87.0,159,1.33,445.0,168,134.0,0.0,0.0,283.0,283.0,283.0,159.0,0.0,5351097078,0
111,1332.0,5.11,147,179,41.0,41.0,163,1.42,285.0,175,145.0,4.597704741377907,6.248199740725323,262.0,260.6,250.0,162.5,1.6749792701868151,4345152252,0
112,1135.0,4.1,179,189,20.0,20.0,164,1.32,298.0,174,179.0,0.0,0.0,277.0,277.0,277.0,164.0,0.0,5796187311,-1
113,738.0,2.47,148,164,56.0,56.0,160,1.22,163.0,198,149.0,10.738042445229745,116.53439175972866,193.0,289.90909090909093,175.0,177.0,17.497618885627457,5490545151,-1
114,2051.0,8.13,149,176,93.0,93.0,162,1.47,449.0,174,148.0,7.309726312621568,6.091746465505603,253.5,252.125,240.0,163.0,1.911627837120584,4812281572,0
115,1379.0,6.45,151,169,10.0,10.0,172,1.64,297.0,184,158.0,7.899883750113423,3.34995854037363,215.5,214.33333333333331,209.0,171.0,3.452298849598449,4616249709,1
116,957.0,3.85,140,158,4.0,4.0,164,1.47,197.0,172,140.0,0.0,0.0,249.0,249.0,249.0,164.0,0.0,6122640382,0
117,1767.0,6.7,144,169,13.0,13.0,162,1.41,366.0,167,144.0,0.0,0.0,264.0,264.0,264.0,162.0,0.0,6211657072,0
118,1156.0,4.0,146,169,29.0,29.0,163,1.27,239.0,172,145.0,2.8613807855648994,6.363961030678928,287.0,289.0,283.0,163.0,1.299038105676658,4237650759,0
119,972.0,3.92,151,173,2.0,2.0,165,1.47,218.0,196,151.0,0.0,0.0,248.0,248.0,248.0,165.0,0.0,4472437696,0
120,1687.0,7.81,152,169,69.0,69.0,176,1.58,373.0,189,152.0,5.721396245672904,8.58570240075241,214.0,217.0,204.0,177.0,3.3166247903554,4435825455,1
121,1044.0,3.91,138,157,27.0,27.0,161,1.39,204.0,173,138.0,0.0,0.0,267.0,267.0,267.0,161.0,0.0,6488891235,0
122,3422.0,13.27,157,184,148.0,148.0,168,1.39,748.0,185,157.0,0.0,0.0,258.0,258.0,258.0,168.0,0.0,5796186237,0
123,3491.0,14.11,152,178,49.0,49.0,163,1.49,806.0,182,154.0,13.853840221717906,6.343886660335577,246.0,247.57142857142856,239.0,163.0,0.8692269873603533,4397141103,0
124,385.3,2.07,142,165,2.0,2.0,178,1.81,83.0,208,142.5,4.5,2.5,186.5,186.5,184.0,177.5,1.5,5014903263,-1
125,1559.0,5.96,144,164,61.0,61.0,162,1.42,318.0,174,152.0,12.902411488641269,9.5524865872714,266.5,261.5,243.0,162.0,1.21335164821342,5752369332,0
126,1614.0,6.02,152,173,39.0,39.0,156,1.44,359.0,169,157.0,8.209004513462082,10.991158062531698,267.0,268.1666666666667,252.0,156.0,3.090472521826276,5723320679,0
127,3065.0,12.05,142,188,149.0,149.0,170,1.37,571.0,194,141.0,7.810628474057853,163.15847357707167,256.5,350.75,200.0,175.0,13.350974522860088,6422641010,-1
128,2018.0,7.62,141,165,269.0,269.0,160,1.41,385.0,168,142.5,11.428445869845996,19.649666027696245,260.0,263.875,242.0,160.0,1.0,5737622554,0
129,1695.0,8.27,125,134,11.0,11.0,168,1.75,245.0,173,127.0,5.209203630991574,3.391164991562634,204.5,205.0,199.0,168.0,1.763834207376394,5146765896,-1
130,1416.0,5.09,146,169,47.0,47.0,161,1.34,298.0,168,145.5,7.819136070493267,6.621178142898739,279.0,278.4,267.0,161.0,2.4094720491334933,4297450076,0
131,1119.0,4.42,145,168,87.0,87.0,162,1.46,239.0,169,145.0,0.0,0.0,253.0,253.0,253.0,162.0,0.0,5291855232,0
132,1129.0,4.56,157,167,15.0,15.0,165,1.47,282.0,174,159.0,3.794733192202055,2.638181191654584,246.0,247.2,245.0,166.0,0.8,4816843989,0
133,1213.0,3.97,136,149,34.0,34.0,163,1.2,218.0,170,138.0,5.172040216394301,9.065732182234372,302.0,305.75,298.0,164.0,1.299038105676658,4246958848,0
134,1310.0,5.58,166,185,114.0,114.0,171,1.48,325.0,220,166.0,7.9933305532383265,75.33920124183314,225.0,255.06896551724137,175.0,175.0,10.770123284139116,6447597548,-1
135,1434.0,5.98,143,166,11.0,11.0,165,1.5,279.0,186,147.5,14.082337242880609,66.32629320288954,192.0,238.17241379310343,170.0,169.0,10.859967260028409,5146766866,-1
136,922.0,3.46,129,154,2.0,2.0,164,1.37,162.0,170,131.0,9.836157786453,6.847546194724712,271.0,266.6666666666667,257.0,165.0,1.6583123951777,4397139737,0
137,6066.0,24.29,152,171,85.0,85.0,164,1.47,1256.0,174,160.0,14.879569886256794,9.09813396618596,248.5,249.875,237.0,164.0,1.5564061166674976,4874588647,0
138,1143.0,4.66,142,150,11.0,11.0,167,1.47,237.0,174,145.0,4.791659420284375,4.774934554525329,245.0,245.0,238.0,167.0,1.4142135623730951,4719952028,0
139,1288.0,5.01,157,174,37.0,37.0,161,1.45,319.0,169,162.5,11.269427669584644,13.70255450636851,252.0,256.8,242.0,160.5,1.699673171197595,4927951694,0
140,1659.0,5.98,137,165,46.0,46.0,160,1.35,302.0,167,138.0,2.114762923408253,5.343739847293799,279.0,277.3333333333333,269.0,161.0,1.950783318453271,6482195741,0
141,1201.0,4.68,136,156,17.0,17.0,164,1.43,237.0,171,136.0,9.173875952943773,9.939818911831342,256.0,256.0,244.0,163.0,0.8,4368927605,0
142,4824.0,20.0,159,180,79.0,79.0,166,1.5,1161.0,175,164.0,9.71731978762021,5.192301994298868,240.0,241.2,228.0,166.0,1.3669238185149832,4801197817,0
143,5564.0,21.7,150,166,242.0,242.0,166,1.41,1061.0,172,150.0,0.0,0.0,256.0,256.0,256.0,166.0,0.0,5824733429,0
144,1224.0,4.8,148,166,10.0,10.0,162,1.45,275.0,168,157.0,15.548633380461448,10.342146779078318,250.0,254.8,246.0,163.0,1.1661903789690602,5490546763,0
145,2492.0,10.04,168,207,26.0,26.0,163,1.49,552.0,172,168.0,0.0,0.0,248.0,248.0,248.0,163.0,0.0,6001177369,-1
146,3065.0,13.12,149,172,18.0,18.0,170,1.49,623.0,194,148.5,4.65772953749404,49.47502952715443,206.0,243.4705882352941,184.0,175.5,11.538582620447318,4425217887,-1
147,1130.0,3.5,138,155,96.0,96.0,157,1.19,220.0,194,139.0,4.026164427839479,12.600215557630966,321.0,324.1111111111111,309.0,157.0,2.8653097563788803,5336291136,0
148,1216.0,4.3,140,168,123.0,123.0,162,1.31,238.0,170,140.0,0.0,0.0,283.0,283.0,283.0,162.0,0.0,4435824440,0
149,739.0,2.62,144,153,6.0,6.0,160,1.33,143.0,170,145.0,2.6246692913372702,3.559026084010437,283.0,281.0,276.0,161.0,1.699673171197595,4587522914,0
150,1329.0,4.92,146,167,5.0,5.0,159,1.39,293.0,167,146.0,0.0,0.0,270.0,270.0,270.0,159.0,0.0,5014902792,0
151,1591.0,5.92,135,147,55.0,55.0,161,1.39,296.0,169,135.0,0.0,0.0,269.0,269.0,269.0,161.0,0.0,5336291848,0
152,1432.0,5.12,145,162,43.0,43.0,162,1.32,296.0,170,147.5,4.988876515698588,6.046486583132389,280.0,279.8,269.0,162.5,2.140872096444188,4277219585,0
153,1275.0,4.84,141,165,15.0,15.0,161,1.41,257.0,174,141.0,0.0,0.0,264.0,264.0,264.0,161.0,0.0,6047605418,0
154,1899.0,6.43,128,176,128.0,128.0,169,1.17,301.0,193,128.0,12.256517540566824,802.6632914086703,176.5,634.875,157.0,177.0,26.89531603627959,5336289241,-1
155,2120.0,7.99,151,176,42.0,42.0,162,1.4,474.0,174,151.5,5.448623679425842,12.267844146385295,267.0,265.5,237.0,162.5,1.899835519196333,4650313659,0
156,5590.0,21.64,157,190,254.0,254.0,165,1.41,1192.0,172,157.0,0.0,0.0,258.0,258.0,258.0,165.0,0.0,5810275717,0
157,1274.0,4.03,141,181,96.0,96.0,162,1.16,245.0,197,136.0,12.904553459922589,66.18223812065652,243.0,296.2631578947368,227.0,164.5,16.237225748261306,5130329425,-1
158,2657.0,11.53,156,172,180.0,180.0,169,1.54,567.0,184,156.0,0.0,0.0,230.0,230.0,230.0,169.0,0.0,6022096430,-1
159,847.0,4.15,139,169,6.0,6.0,169,1.75,171.0,174,138.0,1.939071942966532,2.345207879911715,205.0,204.0,200.0,169.0,1.469693845669907,4941361296,-1
160,2637.0,10.66,146,169,22.0,22.0,165,1.47,569.0,182,152.0,11.629259194870825,5.188990251938304,248.0,247.27272727272728,236.0,165.0,1.0756508696544755,4699973410,0
161,2533.0,10.27,154,179,12.0,12.0,162,1.5,564.0,174,154.0,0.0,0.0,247.0,247.0,247.0,162.0,0.0,6047604287,0
162,1743.0,8.41,153,176,174.0,174.0,168,1.72,407.0,178,164.0,13.817148050408722,1.4142135623730951,208.0,207.5,205.0,168.0,0.9428090415820634,5336292591,1
163,1047.0,4.07,131,157,18.0,18.0,161,1.45,171.0,165,131.0,0.0,0.0,258.0,258.0,258.0,161.0,0.0,6010296732,0
164,1056.0,3.8,143,161,33.0,33.0,162,1.34,214.0,168,146.0,4.019950248448356,4.301162633521313,279.0,279.0,273.0,162.0,1.939071942966532,4286888333,0
165,1764.0,6.05,132,154,29.0,29.0,157,1.31,290.0,166,131.0,3.562846832382836,8.241156876717412,287.0,291.5,284.0,157.0,0.880630571852711,4295882699,0
166,789.0,2.5,142,164,19.0,19.0,164,1.16,161.0,172,142.0,0.0,0.0,316.0,316.0,316.0,164.0,0.0,5796186752,0
167,982.0,3.38,160,175,32.0,32.0,161,1.28,226.0,194,160.0,0.0,0.0,291.0,291.0,291.0,161.0,0.0,5796189921,-1
168,3791.0,15.08,147,171,57.0,57.0,164,1.45,777.0,170,147.0,0.0,0.0,251.0,251.0,251.0,164.0,0.0,6047609158,0
169,2960.0,12.79,153,178,29.0,29.0,167,1.55,661.0,197,153.0,0.0,0.0,231.0,231.0,231.0,167.0,0.0,5840583233,0
170,1101.0,4.01,150,167,29.0,29.0,160,1.37,251.0,166,156.0,10.55651457631732,7.713624310270756,273.0,274.0,266.0,160.0,0.9797958971132712,5904658189,0
171,2112.0,10.02,166,181,88.0,88.0,175,1.63,516.0,184,170.0,10.54858887589839,5.933801479658719,211.0,210.7,199.0,174.0,3.772453440226624,4641260522,1
172,1356.0,5.01,141,189,39.0,39.0,163,1.36,271.0,170,141.0,0.0,0.0,271.0,271.0,271.0,163.0,0.0,5855192187,0
173,845.0,3.41,151,166,6.0,6.0,162,1.49,198.0,169,150.5,5.539629951540085,1.699673171197595,249.0,249.66666666666663,248.0,162.5,0.5,5490545848,0
174,4091.0,15.09,141,163,2348.0,2348.0,157,1.32,719.0,167,141.0,0.0,0.0,290.0,290.0,290.0,157.0,0.0,5188639703,0
175,1000.0,3.94,159,172,16.0,16.0,163,1.45,247.0,173,158.0,4.866980583482946,9.832980219648569,256.0,253.75,238.0,163.0,1.0897247358851685,4847744886,0
176,1003.0,3.61,163,178,2.0,2.0,164,1.31,247.0,193,164.0,6.422616289332565,14.956186011146023,286.0,278.75,253.0,162.5,4.183300132670378,4284764042,-1
177,1357.0,5.02,148,161,43.0,43.0,164,1.36,290.0,174,147.5,3.2360813064912666,5.268775948927796,273.0,270.8,261.0,163.0,3.0368111930480994,4267287738,0
178,1458.0,4.93,142,162,52.0,52.0,161,1.26,273.0,168,140.0,5.499090833947008,12.884098726725126,296.0,296.0,280.0,160.0,1.939071942966532,4245351813,0
179,1523.0,5.68,145,170,69.0,69.0,162,1.38,318.0,168,145.0,3.484090826727812,12.579745625409124,264.5,267.5,255.0,163.0,2.70801280154532,6488886949,0
180,1448.0,6.01,141,151,22.0,22.0,163,1.53,299.0,173,141.0,0.0,0.0,241.0,241.0,241.0,163.0,0.0,6363160392,0
181,834.0,3.38,157,169,4.0,4.0,161,1.51,203.0,165,163.5,10.034316120194738,6.944222218666553,245.0,248.33333333333331,242.0,161.5,1.6393596310755,5490544454,0
182,3602.0,13.91,141,172,27.0,27.0,164,1.41,659.0,172,141.0,10.1390838051652,6.829184072935859,258.5,259.07142857142856,248.0,163.5,2.0063674150268773,4368929440,0
183,1580.0,6.03,139,154,42.0,42.0,165,1.39,287.0,172,142.0,7.596991885890475,5.367080729368206,263.0,262.1666666666667,251.0,165.0,1.6903085094570331,4242288915,0
184,5624.0,17.58,128,153,126.0,126.0,158,1.19,721.0,166,128.0,0.0,0.0,320.0,320.0,320.0,158.0,0.0,5169740232,0
185,1010.0,3.47,144,166,69.0,69.0,157,1.32,216.0,162,146.0,7.39509972887452,10.624918300339484,294.0,294.6666666666667,282.0,157.0,1.5811388300841898,4961638074,0
186,3429.0,13.65,149,188,107.0,107.0,162,1.44,752.0,190,154.0,5.507391482975,39.56808228982894,250.0,245.46153846153845,185.0,158.0,43.1689950100476,6419388839,-1
187,2168.0,9.86,160,179,41.0,41.0,170,1.6,529.0,178,166.0,10.49809506529637,7.119691004531025,221.5,219.9,209.0,170.0,2.0223748416156684,4884834928,1
188,3450.0,12.97,147,170,60.0,60.0,161,1.4,704.0,169,147.0,0.0,0.0,266.0,266.0,266.0,161.0,0.0,5209961065,0
189,2233.0,10.0,161,175,85.0,85.0,169,1.59,533.0,177,165.0,7.483314773547883,5.0990195135927845,224.0,222.0,215.0,169.0,1.247219128924647,5771397874,1
190,2151.0,9.7,169,179,72.0,72.0,170,1.59,533.0,178,172.5,6.896053621859068,8.97063109386526,220.0,223.16666666666663,215.0,170.0,0.8975274678557508,5200458654,1
191,1084.0,3.99,143,170,25.0,25.0,165,1.34,236.0,172,143.0,0.0,0.0,272.0,272.0,272.0,165.0,0.0,5336292996,0
192,878.0,2.78,137,149,16.0,16.0,161,1.18,165.0,167,137.0,0.0,0.0,316.0,316.0,316.0,161.0,0.0,5805639668,0
193,2145.0,10.01,155,177,37.0,37.0,173,1.62,503.0,180,169.0,14.901882958286826,4.473253849269008,213.0,214.3,210.0,173.0,2.1358800226310417,4816842980,1
194,316.4,1.57,152,177,6.0,6.0,179,1.64,70.0,207,156.0,14.600941750448838,107.7673677675926,239.0,256.1666666666667,151.0,172.5,59.60272120465642,4450462240,-1
195,2154.0,7.12,141,178,93.0,93.0,164,1.21,401.0,197,143.0,5.584576975922169,13.955285736952863,307.0,302.5,280.0,162.5,3.766629793329841,5855192851,0
196,2245.0,8.0,139,162,375.0,375.0,157,1.36,406.0,165,139.0,0.0,0.0,281.0,281.0,281.0,157.0,0.0,5216428817,0
197,1793.0,7.81,171,183,66.0,66.0,167,1.57,446.0,174,171.5,3.6996621467371855,7.275816105427624,232.5,229.25,214.0,166.5,1.3635890143294642,4223936605,1
198,2235.0,9.82,141,166,186.0,186.0,169,1.52,398.0,224,135.5,8.394773506308685,502.3414774831957,188.0,582.8,174.0,176.5,31.564748269760265,5220176744,-1
199,510.4,2.0,150,164,37.0,37.0,166,1.4,102.0,202,150.0,8.7434261019351,86.10085563291588,202.0,247.10526315789477,143.0,166.5,11.04083330188442,5191156201,-1
200,2356.0,10.49,154,172,36.0,36.0,172,1.55,535.0,180,156.5,9.16022500936643,10.058506535217257,225.0,224.0909090909091,213.0,172.0,4.231987975198208,6482197714,1
201,664.0,2.02,147,182,26.0,26.0,158,1.15,144.0,163,143.0,6.548960901462833,21.0,329.0,329.0,308.0,158.0,0.816496580927726,4857168972,0
202,875.0,3.02,147,169,12.0,12.0,162,1.28,191.0,199,149.5,4.636809247747852,15.748015748023622,282.0,290.0,276.0,163.5,2.48746859276655,6397810824,0
203,730.0,2.98,150,167,8.0,8.0,164,1.49,167.0,172,152.0,3.858612300930076,6.944222218666553,242.0,245.33333333333331,239.0,164.0,0.9428090415820634,5929119748,0
204,2501.0,10.47,157,181,24.0,24.0,164,1.58,608.0,178,164.0,13.275840232704576,11.655470818461174,238.5,239.5,217.0,166.0,14.736809482347535,4936167962,0
205,901.0,2.99,140,153,51.0,51.0,159,1.26,186.0,166,140.0,0.0,0.0,301.0,301.0,301.0,159.0,0.0,5291875600,0
206,1000.0,3.8,148,170,13.0,13.0,165,1.38,213.0,196,147.0,7.713624310270756,17.25362280797862,270.5,263.75,235.0,164.5,2.7386127875258306,4306700515,0
207,1383.0,4.84,142,161,36.0,36.0,158,1.33,284.0,164,143.0,2.227105745132009,8.546344247688598,287.0,285.6,273.0,158.0,1.019803902718557,4908421076,0
208,1404.0,5.85,153,177,59.0,59.0,164,1.53,298.0,176,155.0,13.04622863637814,8.383657572069263,239.0,240.0,224.0,164.0,1.8070158058105024,4182116921,0
209,1894.0,7.38,142,182,5.0,5.0,162,1.44,382.0,170,142.0,0.0,0.0,257.0,257.0,257.0,162.0,0.0,6122643102,0
210,1089.0,3.98,150,167,36.0,36.0,160,1.37,233.0,196,151.0,6.726812023536855,7.119515432949071,273.5,273.75,265.0,160.5,1.479019945774904,4207382996,0
211,1163.0,4.57,157,168,13.0,13.0,166,1.42,288.0,172,160.0,5.692099788303083,6.794115100585211,251.0,253.8,248.0,167.0,1.9595917942265424,4665674847,0
212,1336.0,4.82,136,162,37.0,37.0,158,1.37,255.0,167,136.0,0.0,0.0,277.0,277.0,277.0,158.0,0.0,6001175507,0
213,1547.0,6.04,153,173,36.0,36.0,161,1.45,335.0,171,159.0,8.907689867497083,11.64283279771532,255.0,256.3333333333333,243.0,161.0,1.1605769149479943,4201554141,0
214,1303.0,4.88,135,149,18.0,18.0,159,1.42,235.0,166,135.0,0.0,0.0,267.0,267.0,267.0,159.0,0.0,5030857320,0
215,2130.0,8.42,164,184,88.0,88.0,166,1.43,483.0,189,166.0,7.955121030963888,25.93230369635525,240.0,242.375,213.0,168.0,8.919392106839767,4587521952,-1
216,2105.0,10.02,157,181,37.0,37.0,173,1.65,494.0,184,154.0,11.397404373201866,8.178630692236935,210.0,210.1,199.0,173.0,4.207431441965867,4920295820,1
217,2625.0,8.34,141,193,36.0,36.0,164,1.11,486.0,200,147.0,13.733968184256428,349.85114602499164,244.5,386.225,151.0,170.5,24.895484477958853,6488890502,-1
218,1034.0,3.72,147,169,45.0,45.0,164,1.32,224.0,174,147.0,2.23606797749979,15.368392889303683,277.5,276.75,259.0,164.0,1.299038105676658,4706926054,0
219,1295.0,5.06,140,157,14.0,14.0,163,1.44,252.0,171,140.5,5.467073155618908,6.356099432828281,254.0,256.0,249.0,163.0,1.950783318453271,4716329132,0
220,667.0,2.21,164,182,17.0,17.0,161,1.23,169.0,169,165.0,1.4142135623730951,18.0,307.0,307.0,289.0,163.0,2.494438257849294,6460374927,-1
221,3767.0,15.3,161,179,49.0,49.0,165,1.47,924.0,172,164.0,6.34428877022476,5.942689252817747,247.0,246.53333333333333,235.0,166.0,1.3678792892649556,4835234755,-1
222,1387.0,4.89,154,174,47.0,47.0,161,1.32,317.0,170,157.0,7.138627319029898,10.8,281.0,283.6,269.0,162.0,3.0724582991474434,4235785231,0
223,575.0,2.51,147,160,78.0,78.0,172,1.52,128.0,192,147.0,0.0,0.0,229.0,229.0,229.0,172.0,0.0,4443682434,-1
224,3070.0,12.01,149,168,37.0,37.0,163,1.44,645.0,175,149.0,0.0,0.0,256.0,256.0,256.0,163.0,0.0,6233346873,0
225,1354.0,5.02,146,170,45.0,45.0,165,1.35,288.0,171,154.5,10.510576683618376,3.487119154832538,268.0,269.8,266.0,165.5,2.266911751455907,4317623410,0
226,1039.0,4.03,139,149,14.0,14.0,162,1.43,204.0,168,139.0,0.0,0.0,258.0,258.0,258.0,162.0,0.0,5034119234,0
227,2025.0,7.97,144,165,79.0,79.0,163,1.45,427.0,172,144.0,0.0,0.0,254.0,254.0,254.0,163.0,0.0,5336290664,0
228,871.0,3.52,136,155,66.0,66.0,169,1.43,160.0,247,136.0,3.0083217912982647,58.50991368990387,218.5,257.3,203.0,172.5,11.569356075426152,4323904112,-1
229,1180.0,4.35,145,165,38.0,38.0,164,1.34,259.0,170,150.0,8.67179335547152,8.842369591913696,273.5,273.75,264.0,165.0,2.0976176963403037,4339619050,0
230,1691.0,7.57,159,173,118.0,118.0,170,1.56,388.0,199,164.0,12.092670796007363,59.74359628694357,170.0,223.0,157.0,180.5,10.57924194405267,5207201616,-1
231,979.0,3.53,150,172,3.0,3.0,162,1.33,220.0,168,150.0,0.0,0.0,277.0,277.0,277.0,162.0,0.0,4425218505,0
232,896.0,2.96,144,164,8.0,8.0,160,1.24,189.0,171,144.0,0.0,0.0,303.0,303.0,303.0,160.0,0.0,5855193112,0
233,938.0,3.38,144,156,7.0,7.0,165,1.31,196.0,193,144.5,1.5,14.83988619303471,283.0,277.3333333333333,257.0,164.5,2.549509756796392,4304404285,0
234,1069.0,3.82,144,162,5.0,5.0,158,1.36,233.0,165,147.0,6.819090848492928,19.461500456028563,279.0,278.5,252.0,157.0,3.0,4941359731,0
235,3217.0,12.08,153,166,48.0,48.0,159,1.41,711.0,164,153.0,0.0,0.0,266.0,266.0,266.0,159.0,0.0,5191155323,0
236,1000.0,3.57,129,146,2.0,2.0,157,1.37,177.0,162,129.0,0.0,0.0,280.0,280.0,280.0,157.0,0.0,5411016509,0
237,1239.0,4.8,149,174,1.0,1.0,161,1.44,276.0,168,150.0,6.841052550594828,5.276362383309167,256.0,258.6,252.0,161.0,1.1661903789690602,5929117684,0
238,1006.0,3.56,133,148,5.0,5.0,158,1.35,182.0,167,133.5,3.6996621467371855,11.324751652906125,281.0,284.5,274.0,157.5,1.224744871391589,5896022261,0
239,3132.0,11.99,156,172,44.0,44.0,160,1.43,730.0,172,156.0,0.0,0.0,261.0,261.0,261.0,160.0,0.0,5077777470,0
240,1537.0,6.01,141,166,55.0,55.0,162,1.45,313.0,168,141.0,0.0,0.0,256.0,256.0,256.0,162.0,0.0,5313812871,0
241,1587.0,5.95,145,166,41.0,41.0,162,1.38,318.0,224,146.0,5.367080729368206,3.144660377352201,267.0,266.6666666666667,261.0,162.5,1.1055415967851334,4225733732,0
242,1311.0,5.02,135,151,19.0,19.0,163,1.41,236.0,175,138.0,6.182412330330469,2.993325909419153,262.0,261.2,258.0,162.5,1.2472191289246473,4323903499,0
243,1639.0,6.05,148,188,54.0,54.0,162,1.37,347.0,224,148.0,0.0,0.0,271.0,271.0,271.0,162.0,0.0,5796181971,0
244,1845.0,7.62,156,176,68.0,68.0,165,1.5,424.0,178,156.0,9.519311106935064,11.075498483890769,246.0,243.66666666666663,225.0,165.0,1.247219128924647,5737623678,0
245,482.8,1.5,138,149,3.0,3.0,165,1.06,92.0,201,140.0,9.196542224602076,397.5162141295217,160.0,516.3636363636364,152.0,183.0,25.76644566528768,5146766236,-1
246,1104.0,3.84,146,166,34.0,34.0,157,1.33,221.0,164,143.5,4.636809247747852,13.935117509371782,289.0,286.75,266.0,157.0,0.7071067811865476,4182116405,0
247,1297.0,4.87,142,151,11.0,11.0,165,1.36,270.0,172,143.0,3.4292856398964493,8.546344247688598,263.0,266.4,256.0,165.0,2.039607805437114,4691796843,0
248,2071.0,10.44,166,179,1.0,1.0,172,1.76,529.0,186,167.5,6.827151675479314,8.321057625085889,200.0,198.4,178.0,170.5,2.90516780926679,4994332703,-1
249,896.0,5.18,144,156,6.0,6.0,178,1.94,198.0,208,146.5,6.465721580423607,5.418486873657626,173.0,173.8,165.0,178.0,3.858612300930075,5471013473,-1
250,389.2,2.08,139,152,2.0,2.0,176,1.82,80.0,188,138.5,3.5,5.0,186.0,186.0,181.0,176.5,0.5,5014903031,-1
251,1541.0,5.89,142,172,63.0,63.0,163,1.4,307.0,168,142.5,2.1343747458109497,9.498537899183338,258.5,261.3333333333333,249.0,163.5,1.5723301886761007,6460376243,0
252,1329.0,4.96,148,168,47.0,47.0,162,1.38,301.0,168,150.0,7.440430095095309,6.151422599691879,266.0,267.6,259.0,162.0,1.4142135623730951,6447596887,0
253,2061.0,8.09,138,168,62.0,62.0,163,1.45,398.0,187,138.0,0.0,0.0,255.0,255.0,255.0,163.0,0.0,6211655366,0
254,4636.0,18.28,146,158,65.0,65.0,165,1.43,867.0,173,146.0,0.0,0.0,254.0,254.0,254.0,165.0,0.0,5858980617,0
255,1149.0,4.4,133,149,17.0,17.0,161,1.43,188.0,167,134.0,5.425863986500215,8.870597499605086,262.5,263.25,252.0,161.0,1.4142135623730951,4587522222,0
256,1530.0,5.82,147,171,41.0,41.0,160,1.42,312.0,167,147.0,9.073771725877464,11.05667219374799,260.5,262.5,248.0,160.5,1.2472191289246473,4612441391,0
257,912.0,3.33,146,170,9.0,9.0,159,1.38,200.0,167,146.0,0.0,0.0,273.0,273.0,273.0,159.0,0.0,5964247632,0
258,597.4,3.1,155,166,6.0,6.0,175,1.78,142.0,194,154.0,2.160246899469287,1.247219128924647,193.0,192.66666666666663,191.0,175.0,2.449489742783178,4994330520,-1
259,5081.0,20.02,149,170,49.0,49.0,163,1.45,1033.0,170,151.5,6.963476143421474,5.769532043415653,253.5,253.75,242.0,163.0,1.0535653752852738,6428113633,0
260,1410.0,5.15,136,165,37.0,37.0,161,1.36,260.0,168,135.0,5.112620550059322,3.4641016151377544,273.0,274.0,270.0,161.0,3.0368111930480994,4326343302,0
261,594.6,3.02,171,186,28.0,28.0,181,1.68,163.0,190,172.0,2.29128784747792,4.642796092394706,195.0,196.66666666666663,192.0,181.5,1.479019945774904,4355441493,-1
262,2776.0,10.67,148,171,123.0,123.0,163,1.41,585.0,187,151.0,7.3743218561010915,50.99928759933945,258.0,260.88235294117646,203.0,162.0,10.328513963394808,6054194100,-1
263,1047.0,3.47,123,132,24.0,24.0,155,1.28,154.0,162,124.0,1.920286436967152,10.07747763855398,298.0,301.3333333333333,291.0,155.0,0.4330127018922193,4994328707,0
264,1513.0,5.73,151,176,5.0,5.0,163,1.4,348.0,171,151.0,0.0,0.0,264.0,264.0,264.0,163.0,0.0,6122651533,0
265,1127.0,4.24,144,170,36.0,36.0,161,1.4,221.0,169,152.0,12.639620247459968,8.699856320652657,266.0,268.75,260.0,162.0,1.9595917942265424,4520831353,0
266,1101.0,4.33,140,155,4.0,4.0,162,1.46,218.0,232,140.0,0.0,0.0,254.0,254.0,254.0,162.0,0.0,5152678497,0
267,725.0,2.29,141,151,47.0,47.0,156,1.17,134.0,201,142.5,7.128113354878695,215.57645946750125,310.0,338.1111111111111,175.0,154.0,27.662429394397016,4587522654,-1
268,1109.0,4.03,140,167,33.0,33.0,163,1.34,218.0,170,141.0,4.261455150532503,6.519202405202649,272.5,275.0,269.0,163.0,1.3564659966250536,6482196750,0
269,1110.0,4.03,140,149,2.0,2.0,159,1.37,208.0,168,142.0,2.85657137141714,5.5901699437494745,273.0,275.5,271.0,159.0,0.7483314773547883,4616249257,0
270,3049.0,12.45,156,177,54.0,54.0,163,1.5,735.0,171,160.0,8.749640736496069,9.16515138991168,243.0,245.0,233.0,164.0,1.8873606379054304,4793108679,0
271,2114.0,7.88,146,163,61.0,61.0,160,1.4,445.0,167,146.0,0.0,0.0,268.0,268.0,268.0,160.0,0.0,5030856621,0
272,650.0,1.99,137,161,15.0,15.0,161,1.14,122.0,172,137.0,4.0,22.0,326.0,326.0,304.0,162.0,2.0,4227156493,0
273,4015.0,16.48,145,182,71.0,71.0,167,1.47,788.0,190,146.0,5.563101372958537,15.085174841545587,247.0,243.25,219.0,167.0,3.30879084951182,4695762064,0
274,1750.0,7.82,148,182,67.0,67.0,171,1.57,358.0,185,137.0,20.982135258357285,4.968651728587948,223.5,223.75,217.0,171.5,1.5612494995995996,4267288217,-1
275,3286.0,12.09,144,164,202.0,202.0,161,1.37,633.0,171,144.0,0.0,0.0,272.0,272.0,272.0,161.0,0.0,5343535458,0
276,823.0,4.14,168,185,9.0,9.0,170,1.77,214.0,174,172.0,7.337574531137657,4.548351349665063,198.5,199.75,195.0,171.0,1.469693845669907,4941362803,-1
277,826.0,2.73,133,146,24.0,24.0,159,1.25,153.0,167,135.0,3.858612300930075,20.848661028149188,294.0,300.0,278.0,158.0,1.247219128924647,4892929378,0
278,613.0,2.9,141,158,27.0,27.0,174,1.63,128.0,192,144.0,4.96655480858378,7.25718035235908,208.0,211.0,204.0,174.0,0.0,4339619646,-1
279,4027.0,16.61,155,182,193.0,193.0,170,1.45,816.0,195,154.0,11.651217320602305,26.67567610205466,242.0,241.76470588235293,203.0,171.0,4.933467375591001,4317626205,-1
280,1014.0,4.04,139,177,30.0,30.0,163,1.46,194.0,168,139.0,0.0,0.0,251.0,251.0,251.0,163.0,0.0,5810272840,0
281,1622.0,5.73,148,200,241.0,241.0,161,1.31,321.0,169,149.5,14.174507634012077,32.61901286060018,268.0,282.0,251.0,161.5,1.384437310486346,4587520968,-1
282,2569.0,9.53,144,165,49.0,49.0,163,1.37,503.0,171,143.5,6.343500610861483,13.94596715900335,269.5,269.1,252.0,163.0,1.7349351572897471,4304402228,0
283,906.0,3.7,150,168,65.0,65.0,163,1.5,206.0,176,150.0,0.0,0.0,245.0,245.0,245.0,163.0,0.0,5291857706,0
284,1360.0,4.86,147,176,57.0,57.0,163,1.32,291.0,172,147.0,0.0,0.0,280.0,280.0,280.0,163.0,0.0,5796184838,0
285,2073.0,8.06,147,173,61.0,61.0,164,1.43,451.0,170,152.0,9.809292646374775,14.234091997735575,258.5,257.125,235.0,163.0,1.49071198499986,4397142398,0
286,1324.0,4.98,143,160,44.0,44.0,160,1.41,264.0,167,146.0,5.621387729022079,7.797435475847171,264.0,266.0,258.0,160.0,1.16619037896906,5737623037,0
287,1081.0,4.02,150,178,4.0,4.0,162,1.38,247.0,167,154.0,5.0039984012787215,7.483314773547883,267.0,269.0,261.0,162.0,0.9797958971132712,4645850349,0
288,170.4,1.04,153,163,3.0,3.0,187,1.96,40.0,195,153.0,0.0,0.0,164.0,164.0,164.0,187.0,0.0,5014904117,-1
289,1068.0,4.38,148,162,2.0,2.0,160,1.54,236.0,173,149.0,3.666060555964672,7.158910531638177,244.0,246.5,240.0,160.0,0.9797958971132712,5555226430,0
290,2580.0,9.73,117,146,34.0,34.0,166,1.35,324.0,208,119.5,10.111874208078342,61.6075482388319,235.5,265.1,223.0,170.0,6.5,4348841614,-1
291,700.0,2.68,141,164,2.0,2.0,165,1.39,136.0,170,143.0,3.559026084010437,4.109609335312651,261.0,260.3333333333333,255.0,165.0,0.4714045207910317,4489170716,0
292,2377.0,9.64,151,163,82.0,82.0,162,1.5,471.0,174,151.0,0.0,0.0,246.0,246.0,246.0,162.0,0.0,6004976096,0
293,1939.0,7.88,158,176,6.0,6.0,165,1.45,458.0,197,158.0,5.126538190617071,85.9349267431411,238.0,244.6315789473684,150.0,178.0,12.822153741141644,4961639453,-1
294,3145.0,11.27,135,167,19.0,19.0,159,1.36,520.0,182,135.0,0.0,0.0,279.0,279.0,279.0,159.0,0.0,5122966942,0
295,1054.0,4.07,150,162,9.0,9.0,164,1.41,246.0,229,152.0,4.079215610874227,7.084313657652377,258.0,259.25,252.0,165.0,1.019803902718557,4884835482,0
296,605.0,3.13,151,161,8.0,8.0,174,1.79,138.0,178,153.0,3.491060010942235,2.8284271247461903,192.0,194.0,192.0,174.5,1.8708286933869709,4994330086,-1
297,1427.0,4.99,142,161,46.0,46.0,163,1.28,285.0,169,142.0,0.0,0.0,286.0,286.0,286.0,163.0,0.0,5234730355,0
298,1368.0,4.97,143,160,59.0,59.0,159,1.37,268.0,165,145.0,5.912698199637792,9.011104260855047,271.0,275.0,264.0,160.0,1.469693845669907,4223935802,0
299,1348.0,4.83,132,159,32.0,32.0,159,1.36,238.0,167,132.0,4.963869458396343,8.997777503361595,278.0,278.2,262.0,159.0,2.449489742783178,4892928423,0
300,3149.0,12.6,159,169,82.0,82.0,161,1.5,777.0,170,159.0,0.0,0.0,250.0,250.0,250.0,161.0,0.0,5434124738,0
301,1208.0,6.02,147,166,7.0,7.0,170,1.76,273.0,176,148.0,2.249716535431946,4.374801582802229,202.0,200.83333333333331,192.0,171.0,2.1852940772540506,5440228775,-1
302,5698.0,21.81,156,179,258.0,258.0,166,1.38,1111.0,178,158.0,11.487326829421646,10.786910494508096,261.0,261.22727272727275,240.0,166.0,2.6316572411145684,4239059061,0
303,4315.0,17.74,154,175,75.0,75.0,166,1.49,976.0,174,155.5,9.334821309960295,10.074567662200048,242.0,243.05555555555557,231.0,166.0,2.414590423566748,4728936401,0
304,3329.0,13.26,146,159,27.0,27.0,163,1.47,714.0,169,149.5,8.609439527611064,6.355354635610722,250.0,251.3846153846154,242.0,163.5,1.8461211404742977,4945687178,0
305,1068.0,3.84,140,163,30.0,30.0,162,1.33,215.0,168,141.0,8.613216588476108,11.97914855071094,275.5,278.0,264.0,163.0,1.0897247358851685,6460377101,0
306,5413.0,20.47,158,174,173.0,173.0,159,1.42,1132.0,172,159.0,4.958329760474332,9.632756614801393,262.0,265.1,252.0,160.0,2.319199173692556,4192913982,0
307,1040.0,4.01,151,168,1.0,1.0,161,1.44,239.0,164,151.0,0.0,0.0,259.0,259.0,259.0,161.0,0.0,5073371493,0
308,839.0,3.02,168,176,13.0,13.0,160,1.35,217.0,170,168.0,0.0,0.0,277.0,277.0,277.0,160.0,0.0,5771398247,-1
309,781.0,4.16,173,187,2.0,2.0,177,1.8,213.0,190,175.0,4.841487374764082,2.947456530637899,189.5,188.75,184.0,179.0,4.09878030638384,4941364139,-1
310,1616.0,5.92,146,167,38.0,38.0,161,1.36,342.0,168,150.5,11.04033010778613,12.720281268728124,274.5,272.8333333333333,248.0,160.5,1.1547005383792517,4284763140,0
311,3919.0,14.86,146,175,101.0,101.0,162,1.4,729.0,170,146.0,0.0,0.0,264.0,264.0,264.0,162.0,0.0,5224846881,0
312,1028.0,4.1,144,163,22.0,22.0,164,1.46,219.0,168,148.0,5.192301994298868,11.776565713313875,251.0,251.25,239.0,165.0,1.7204650534085253,4920294427,0
313,3122.0,11.92,152,172,166.0,166.0,164,1.4,689.0,185,152.0,0.0,0.0,262.0,262.0,262.0,164.0,0.0,4443720751,0
314,1256.0,4.71,142,158,15.0,15.0,161,1.4,255.0,167,142.0,0.0,0.0,266.0,266.0,266.0,161.0,0.0,5271156660,0
315,1078.0,3.93,140,158,39.0,39.0,163,1.34,212.0,168,140.0,0.0,0.0,274.0,274.0,274.0,163.0,0.0,5220175237,0
316,1096.0,4.53,159,175,7.0,7.0,167,1.49,279.0,172,161.0,5.535341001239218,1.2,241.0,241.6,240.0,167.0,0.4,4736450099,0
317,1431.0,6.56,160,181,26.0,26.0,170,1.62,339.0,174,164.0,15.76096961691463,5.0990195135927845,217.0,219.0,213.0,170.0,1.6781914463529617,4850247335,1
318,3648.0,14.39,148,173,108.0,108.0,166,1.43,731.0,186,150.0,11.98420184033964,20.44330914722196,245.0,251.7333333333333,221.0,166.0,3.944438331372415,4270443641,0
319,858.0,3.08,162,169,13.0,13.0,159,1.36,206.0,170,162.0,2.29128784747792,12.027745701779144,270.0,278.0,269.0,160.0,2.8722813232690143,4223936873,-1
320,2612.0,12.03,147,179,103.0,103.0,172,1.6,522.0,181,146.0,14.14422750091475,3.191786333700926,217.0,217.25,212.0,172.0,2.4543163282375104,4326344120,-1
321,630.0,2.29,155,166,12.0,12.0,160,1.37,151.0,167,158.0,3.559026084010437,19.0,278.0,278.0,259.0,162.0,2.6246692913372702,5918013029,0
322,1151.0,4.12,130,159,54.0,54.0,158,1.36,199.0,164,130.0,0.0,0.0,279.0,279.0,279.0,158.0,0.0,5207200066,0
323,1612.0,5.01,128,151,55.0,55.0,159,1.17,244.0,169,128.0,8.578072821638514,13.093509842666329,322.0,321.6,308.0,159.5,2.0816659994661326,4248080187,0
324,1484.0,5.0,130,150,45.0,45.0,158,1.28,244.0,164,130.0,0.0,0.0,297.0,297.0,297.0,158.0,0.0,5183928010,0
325,5262.0,20.28,145,163,165.0,165.0,162,1.43,960.0,211,145.0,0.0,0.0,259.0,259.0,259.0,162.0,0.0,6488893720,0
326,1342.0,5.46,149,163,16.0,16.0,167,1.46,298.0,189,151.0,3.590109871423002,18.148278155241066,253.0,244.8,214.0,167.0,1.9720265943665387,4716330302,0
327,2054.0,10.45,136,163,1.0,1.0,172,1.77,343.0,184,135.5,5.436910887627274,6.48459713474939,197.5,196.5,182.0,171.0,3.645545226711637,5030858742,-1
328,1616.0,5.91,139,160,4.0,4.0,160,1.37,305.0,174,139.0,0.0,0.0,273.0,273.0,273.0,160.0,0.0,5050147888,0
329,1510.0,5.03,131,164,3.0,3.0,159,1.26,244.0,171,133.5,8.261355820929152,32.82316255329459,293.0,300.2,261.0,159.5,1.707825127659933,4488609114,-1
330,1175.0,5.06,167,180,58.0,58.0,170,1.52,285.0,194,169.0,4.740487551109297,4.317406628984581,235.0,232.6,226.0,170.0,4.068851871911234,4619239318,-1
331,965.0,2.93,148,172,19.0,19.0,154,1.19,201.0,197,148.0,0.0,0.0,329.0,329.0,329.0,154.0,0.0,5796183603,0
332,1449.0,4.93,130,170,94.0,94.0,159,1.29,240.0,177,130.0,0.0,0.0,294.0,294.0,294.0,159.0,0.0,4458660529,0
333,2554.0,10.02,156,172,13.0,13.0,164,1.44,595.0,168,159.0,7.100226978096959,6.797058187186572,254.5,255.0,241.0,164.0,1.4142135623730951,4652442416,0
334,1073.0,3.94,139,152,105.0,105.0,160,1.38,205.0,169,139.0,0.0,0.0,272.0,272.0,272.0,160.0,0.0,5197405039,0
335,1265.0,4.65,147,165,113.0,113.0,163,1.36,276.0,178,147.0,0.0,0.0,272.0,272.0,272.0,163.0,0.0,4443680817,0
336,1420.0,4.96,148,166,59.0,59.0,160,1.31,299.0,168,152.0,5.885575587824865,14.45544879967412,278.0,286.2,273.0,159.0,2.3151673805580453,4227155739,0
337,3228.0,12.01,152,181,57.0,57.0,165,1.36,672.0,180,152.0,0.0,0.0,269.0,269.0,269.0,165.0,0.0,6228710063,0
338,1879.0,7.37,146,165,51.0,51.0,165,1.43,405.0,171,147.0,5.882973312875047,13.122655281331332,251.0,255.28571428571428,242.0,164.5,1.3919410907075054,4355439768,0
339,1377.0,4.98,155,174,19.0,19.0,160,1.36,312.0,167,161.0,11.14629983447422,12.90891165048394,272.0,276.6,264.0,160.0,1.1661903789690602,4492781295,0
340,834.0,2.81,153,172,16.0,16.0,159,1.28,203.0,165,155.0,6.97614984548545,9.41629792788369,292.0,296.0,287.0,159.0,0.4714045207910317,4397141346,0
341,3176.0,12.03,153,171,160.0,160.0,167,1.35,645.0,232,156.0,10.343794412121534,52.77224386192255,236.0,258.4166666666667,206.0,167.0,20.11064071138673,4603086582,-1
342,1320.0,5.0,150,176,61.0,61.0,163,1.4,301.0,170,150.0,0.0,0.0,264.0,264.0,264.0,163.0,0.0,6211657539,0
343,1339.0,4.86,139,160,38.0,38.0,162,1.35,253.0,172,139.0,0.0,0.0,275.0,275.0,275.0,162.0,0.0,5805637886,0
344,1534.0,6.02,154,169,17.0,17.0,163,1.45,362.0,212,159.0,6.502746672423452,2.793842435706701,253.5,254.83333333333331,252.0,163.0,0.832993127835043,4847744205,0
345,962.0,3.69,118,126,6.0,6.0,162,1.42,130.0,214,118.0,0.0,0.0,261.0,261.0,261.0,162.0,0.0,6047600668,-1
346,2034.0,7.92,143,163,64.0,64.0,161,1.46,423.0,167,144.0,4.031128874149275,7.053367989832942,255.0,256.5,247.0,160.5,1.118033988749895,4961637458,0
347,598.5,3.12,159,173,5.0,5.0,177,1.77,148.0,184,158.0,3.741657386773941,2.0548046676563256,192.0,191.66666666666663,189.0,177.0,1.247219128924647,4994330888,-1
348,1117.0,5.22,162,176,45.0,45.0,172,1.64,267.0,182,170.0,12.754084313139328,1.247219128924647,214.0,213.66666666666663,212.0,172.0,0.4714045207910317,5234731121,1
349,1335.0,4.84,149,163,21.0,21.0,160,1.36,305.0,166,150.0,5.035871324805668,10.89219904335208,270.0,275.6,263.0,160.0,2.280350850198276,4706924134,0
350,1042.0,4.06,144,153,7.0,7.0,164,1.42,228.0,212,146.0,2.8705400188814645,4.493050188902857,255.0,257.25,254.0,165.0,1.8547236990991405,4920296594,0
351,1458.0,4.97,136,148,44.0,44.0,162,1.26,248.0,170,136.0,3.919183588453084,4.261455150532503,294.0,293.2,286.0,162.0,0.7483314773547883,4244002410,0
352,1511.0,5.88,150,175,106.0,106.0,164,1.42,337.0,172,150.0,0.0,0.0,257.0,257.0,257.0,164.0,0.0,4447141499,0
353,1995.0,8.05,152,176,89.0,89.0,166,1.45,449.0,197,152.0,8.933735744302629,49.2152302533361,246.5,241.16666666666663,174.0,165.0,12.954212996127186,4830271553,-1
354,1071.0,4.21,156,174,57.0,57.0,166,1.42,257.0,175,156.0,0.0,0.0,254.0,254.0,254.0,166.0,0.0,4461473206,0
355,1241.0,4.77,152,185,14.0,14.0,162,1.42,292.0,168,160.0,14.615060725156088,7.771743691090179,256.0,260.0,254.0,163.0,1.3564659966250534,4665673473,0
356,2928.0,11.81,149,167,31.0,31.0,163,1.49,633.0,179,149.0,0.0,0.0,248.0,248.0,248.0,163.0,0.0,5361519723,0
357,1985.0,8.83,156,168,78.0,78.0,172,1.54,463.0,191,157.0,3.252136050181309,47.60599309448755,198.0,234.1818181818182,178.0,178.0,10.757426375403284,4450461689,-1
358,2121.0,9.72,164,180,335.0,335.0,168,1.64,525.0,174,166.0,9.0,2.0,218.0,218.0,216.0,168.5,0.5,5291874992,1
359,1326.0,4.85,144,169,47.0,47.0,164,1.34,272.0,172,144.0,0.0,0.0,274.0,274.0,274.0,164.0,0.0,5819343617,0
360,1010.0,3.78,154,185,34.0,34.0,160,1.4,247.0,168,154.5,4.609772228646444,4.968651728587948,267.5,267.25,260.0,159.0,2.29128784747792,5490542745,0
361,1517.0,5.4,144,183,55.0,55.0,157,1.36,313.0,165,144.0,0.0,0.0,281.0,281.0,281.0,157.0,0.0,5109055952,0
362,290.9,1.16,153,165,11.0,11.0,170,1.41,64.0,191,155.5,2.5,0.0,254.0,254.0,254.0,167.0,4.0,4612442048,0
363,1050.0,4.13,143,161,4.0,4.0,158,1.49,230.0,192,146.0,9.558242516278815,13.75454470347892,260.0,255.75,234.0,158.0,1.8547236990991407,5471012614,0
364,1866.0,7.49,154,175,75.0,75.0,170,1.42,419.0,194,154.0,0.0,0.0,249.0,249.0,249.0,170.0,0.0,5805639067,0
365,1231.0,4.78,120,169,15.0,15.0,163,1.43,168.0,172,115.0,9.826494797230598,5.748043145279966,258.0,257.4,251.0,163.0,1.7204650534085253,4850246092,-1
366,881.0,3.13,156,169,80.0,80.0,163,1.31,201.0,170,156.0,0.0,0.0,282.0,282.0,282.0,163.0,0.0,5800498116,0
367,1200.0,4.63,150,182,17.0,17.0,164,1.41,281.0,215,150.0,6.228964600958975,10.49571341072154,257.0,258.2,247.0,165.0,1.2649110640673518,4691794935,0
368,3117.0,12.79,151,184,146.0,146.0,169,1.45,649.0,189,150.0,8.58304369400823,36.70754400640621,233.0,243.69230769230768,208.0,170.0,4.347344969521474,4277220600,-1
369,3088.0,11.88,155,169,133.0,133.0,164,1.41,688.0,190,154.0,5.79271573232759,7.04548712928275,258.5,260.1666666666667,252.0,164.5,3.058458217250428,4232954867,0
370,2307.0,9.72,159,183,20.0,20.0,167,1.5,517.0,186,157.0,9.301650931913732,214.4742926838138,258.0,301.6666666666667,189.0,166.0,7.367769246429956,4532823592,-1
371,2071.0,10.01,164,180,8.0,8.0,174,1.66,520.0,186,169.0,10.66701101372555,3.5,205.5,206.5,202.0,173.0,9.018804963807934,5964248697,1
372,4025.0,15.59,163,182,192.0,192.0,167,1.39,872.0,186,163.0,0.0,0.0,258.0,258.0,258.0,167.0,0.0,5819345849,-1
373,452.0,1.86,161,169,16.0,16.0,172,1.44,111.0,199,161.0,0.0,0.0,242.0,242.0,242.0,172.0,0.0,5234731566,-1
374,1702.0,6.08,136,148,37.0,37.0,158,1.36,290.0,171,137.0,3.870347766898304,13.466006584482772,275.5,280.0,267.0,159.0,1.124858267715973,4207384579,0
375,1686.0,6.0,148,175,4.0,4.0,156,1.37,343.0,163,150.5,7.776388764858803,10.44695596280988,282.5,280.8333333333333,267.0,156.0,0.8975274678557507,4170801258,0
376,1623.0,7.16,163,183,36.0,36.0,168,1.58,399.0,179,167.0,7.448783457719791,19.107643518140232,225.0,227.42857142857144,201.0,168.0,3.774917217635375,5490547911,1
377,878.0,2.93,157,176,27.0,27.0,162,1.23,220.0,168,157.0,0.0,0.0,299.0,299.0,299.0,162.0,0.0,5340721892,0
378,1653.0,5.95,132,144,32.0,32.0,161,1.34,291.0,169,132.0,0.0,0.0,278.0,278.0,278.0,161.0,0.0,5004878415,0
379,2570.0,10.02,154,169,25.0,25.0,163,1.44,562.0,168,158.0,6.733412431687711,10.37496987947435,254.5,256.6,241.0,163.0,1.1354541815269814,4623078765,0
380,1140.0,4.0,143,162,101.0,101.0,158,1.33,232.0,162,143.0,0.0,0.0,285.0,285.0,285.0,158.0,0.0,5202005040,0
381,6226.0,24.34,163,183,300.0,300.0,165,1.42,1447.0,194,163.0,0.0,0.0,256.0,256.0,256.0,165.0,0.0,5776513875,-1
382,1258.0,4.51,134,154,29.0,29.0,160,1.34,226.0,168,136.0,5.192301994298868,9.971960689854328,277.0,277.4,265.0,160.0,0.4898979485566356,6482198263,0
383,2040.0,7.83,137,165,74.0,74.0,161,1.43,365.0,172,137.5,10.615436872781071,16.792855623746664,259.5,260.0,237.0,161.5,1.118033988749895,5752366128,0
384,1407.0,4.95,136,148,44.0,44.0,162,1.3,255.0,217,137.0,5.706137047074842,9.10823802938856,280.0,284.2,273.0,163.0,1.7888543819998317,4228057842,0
385,1023.0,3.96,139,150,104.0,104.0,161,1.44,198.0,169,139.0,0.0,0.0,258.0,258.0,258.0,161.0,0.0,5216449616,0
386,873.0,3.08,140,165,7.0,7.0,159,1.33,166.0,169,141.0,2.29128784747792,9.843215373488931,285.0,283.6666666666667,271.0,158.5,0.82915619758885,5737624061,0
387,1207.0,4.1,140,166,103.0,103.0,166,1.21,231.0,201,142.0,8.178073515602119,75.15927532026015,261.5,290.1666666666667,207.0,181.0,15.092879574501865,4994329318,-1
388,3191.0,12.97,151,168,101.0,101.0,163,1.49,686.0,199,151.0,0.0,0.0,246.0,246.0,246.0,163.0,0.0,5183928914,0
389,609.0,2.94,157,172,36.0,36.0,177,1.63,152.0,190,160.0,4.496912521077347,5.792715732327588,206.0,207.33333333333331,201.0,177.0,1.247219128924647,4355441058,-1
390,1553.0,5.0,132,142,52.0,52.0,155,1.25,264.0,234,132.0,0.0,0.0,311.0,311.0,311.0,155.0,0.0,5130328717,0
391,1383.0,5.58,163,183,74.0,74.0,165,1.46,326.0,231,162.0,8.839620404117412,9.03234926989282,246.5,247.5,233.0,165.0,3.023059524536176,5723323056,-1
392,1110.0,3.88,161,185,18.0,18.0,160,1.31,261.0,175,161.0,1.0897247358851685,25.990382836734053,278.5,285.0,259.0,159.5,1.479019945774904,5723323548,-1
393,1986.0,7.84,152,176,79.0,79.0,165,1.43,439.0,190,152.0,0.0,0.0,253.0,253.0,253.0,165.0,0.0,5109057078,0
394,1761.0,7.68,146,173,67.0,67.0,169,1.55,310.0,178,144.5,12.725466592624413,8.027297179001161,229.0,229.25,214.0,169.0,2.8256636388643286,4245352476,-1
395,1344.0,5.03,140,153,29.0,29.0,161,1.39,271.0,175,142.5,4.219662967057388,14.358272876638054,264.0,267.8,249.0,162.0,1.247219128924647,4691792307,0
396,889.0,3.7,147,162,56.0,56.0,161,1.55,202.0,168,147.0,0.0,0.0,240.0,240.0,240.0,161.0,0.0,5336288431,0
397,1271.0,4.96,147,164,18.0,18.0,165,1.42,277.0,197,147.0,0.0,0.0,256.0,256.0,256.0,165.0,0.0,6211658665,0
398,1296.0,4.81,144,166,9.0,9.0,163,1.37,276.0,172,145.0,2.154065922853801,10.658330075579382,271.0,269.0,253.0,163.0,0.7483314773547882,4691791100,0
399,993.0,3.82,135,142,271.0,271.0,157,1.47,189.0,161,136.5,3.112474899497183,15.81731646013318,254.0,259.25,244.0,157.5,1.6393596310755,5986704558,0
400,1287.0,5.07,144,166,16.0,16.0,164,1.44,266.0,179,144.0,0.0,0.0,254.0,254.0,254.0,164.0,0.0,6228711092,0
401,1014.0,4.04,149,175,7.0,7.0,165,1.45,234.0,171,153.0,5.564171097297422,5.494315243958978,250.0,251.25,245.0,165.0,1.095445115010332,4672870746,0
402,1488.0,5.01,139,167,14.0,14.0,155,1.31,268.0,166,141.5,3.8908725099762496,10.917875251164944,297.0,297.0,282.0,155.0,0.5773502691896257,4188011194,0
403,2179.0,7.95,145,174,90.0,90.0,158,1.38,417.0,165,146.0,6.339361166552983,6.152997237119484,274.0,274.125,265.0,158.5,1.224744871391589,4221020089,0
404,3830.0,15.01,149,169,48.0,48.0,163,1.44,773.0,177,150.5,5.326818938165629,7.923523346480541,256.0,255.13333333333333,244.0,163.0,1.9364916731037085,4874585542,0
405,1489.0,5.66,147,161,12.0,12.0,162,1.41,334.0,166,147.0,0.0,0.0,263.0,263.0,263.0,162.0,0.0,5953641873,0
406,2126.0,10.02,157,178,80.0,80.0,173,1.63,492.0,183,160.0,10.75574034705297,5.107837115648853,211.0,212.1,206.0,173.0,2.606412943060264,4306700012,1
407,1782.0,8.02,158,174,77.0,77.0,170,1.59,398.0,177,159.0,3.644715437079272,6.650892797211514,222.0,222.375,214.0,170.0,2.298684540619689,4520832425,1
408,7725.0,30.01,157,167,115.0,115.0,163,1.43,1634.0,173,157.0,3.643305265418193,7.727655961976223,256.0,257.5,243.0,163.0,1.6454775154653998,6383536639,0
409,1618.0,6.02,139,154,470.0,470.0,161,1.39,316.0,233,139.0,0.0,0.0,269.0,269.0,269.0,161.0,0.0,5300215036,0
410,3377.0,13.66,149,177,52.0,52.0,165,1.47,690.0,178,149.0,11.04997922243868,7.923421751042788,245.0,247.07142857142856,238.0,165.5,1.2205719636167902,4339621246,0
411,2024.0,7.58,144,157,35.0,35.0,163,1.38,410.0,170,146.0,4.58257569495584,15.066519173319364,266.0,266.0,242.0,162.0,1.479019945774904,4422867115,0
412,955.0,2.92,131,163,23.0,23.0,157,1.17,166.0,163,133.0,4.784233364802441,1.8856180831641267,328.0,326.6666666666667,324.0,157.0,1.247219128924647,4927952543,0
413,1538.0,6.04,155,168,44.0,44.0,163,1.45,369.0,170,158.0,6.233549779791836,11.967548714010828,249.5,254.33333333333331,247.0,163.0,0.6388765649999399,6460373870,0
414,2123.0,8.07,142,161,9.0,9.0,162,1.41,407.0,171,143.0,6.751314458205917,4.898979485566356,262.5,263.0,257.0,162.0,1.133115447465063,4549625735,0
415,751.0,2.82,153,179,6.0,6.0,164,1.37,177.0,169,157.0,7.25718035235908,9.428090415820632,259.0,265.6666666666667,259.0,164.0,0.4714045207910317,4400117393,0
416,1659.0,7.93,150,174,52.0,52.0,173,1.65,369.0,184,155.5,14.560219778561036,5.218656436287025,211.0,209.375,201.0,173.5,2.496873044429772,5869570632,-1
417,1312.0,5.03,152,173,39.0,39.0,163,1.41,309.0,176,154.0,7.610300037887249,9.410632284814872,265.0,260.8,250.0,162.5,2.793842435706701,4355440298,0
418,4795.0,18.01,164,177,185.0,185.0,163,1.39,1132.0,180,164.0,0.0,0.0,266.0,266.0,266.0,163.0,0.0,5766844506,-1
419,1790.0,6.28,152,169,77.0,77.0,161,1.31,382.0,170,149.0,6.318098396427423,15.99652740093577,280.0,284.6666666666667,267.0,161.0,1.7261494247992246,4258283294,0
420,2744.0,10.16,145,168,32.0,32.0,157,1.41,542.0,174,144.0,5.331955744950975,7.184010022264724,268.5,270.3,261.0,158.0,1.233150906022776,5986704228,0
421,1013.0,4.02,149,167,14.0,14.0,162,1.47,226.0,169,152.0,9.537295214053092,8.407585860400118,252.5,252.25,241.0,163.0,1.3564659966250536,4884833841,0
422,1524.0,5.94,148,171,53.0,53.0,164,1.42,318.0,194,148.0,0.0,0.0,257.0,257.0,257.0,164.0,0.0,5796184253,0
423,863.0,2.72,141,157,18.0,18.0,162,1.16,172.0,172,146.0,5.656854249492381,17.90716802475106,320.0,315.0,291.0,164.0,1.8856180831641267,4235786517,0
424,1981.0,7.54,148,168,30.0,30.0,165,1.38,435.0,172,155.0,13.628439932728911,10.427577618987067,262.0,261.375,240.0,165.0,1.3635890143294642,4397142759,0
425,1422.0,5.0,140,159,43.0,43.0,160,1.32,259.0,165,142.0,6.211548384528075,5.71314274283428,285.0,284.4,277.0,160.0,3.4034296427770228,4590128641,0
426,3372.0,14.14,161,181,25.0,25.0,164,1.53,806.0,187,163.0,8.03713602942961,17.604498497456234,238.5,238.28571428571428,216.0,165.0,4.552898954390366,5935096408,-1
427,1315.0,5.24,164,191,9.0,9.0,164,1.46,338.0,170,166.0,4.58257569495584,9.410632284814874,251.0,251.8,239.0,165.0,1.3743685418725538,5490548789,-1
428,985.0,3.77,126,162,58.0,58.0,168,1.37,158.0,203,126.0,0.0,0.0,262.0,262.0,262.0,168.0,0.0,4458660978,0
429,2896.0,11.27,147,168,31.0,31.0,165,1.42,594.0,175,146.0,2.8710721961587025,7.732084063623606,255.0,257.1818181818182,247.0,165.0,1.6244657241348273,4329250684,0
430,716.0,2.9,138,154,2.0,2.0,161,1.51,147.0,166,138.0,0.0,0.0,247.0,247.0,247.0,161.0,0.0,5411017370,0
431,1506.0,5.94,137,179,61.0,61.0,163,1.45,284.0,170,137.0,0.0,0.0,254.0,254.0,254.0,163.0,0.0,5776510780,0
432,1403.0,5.02,153,189,49.0,49.0,166,1.29,304.0,191,162.0,16.237815945091466,14.235167719419396,283.0,276.4,252.0,166.5,3.7155828016013257,4248080816,0
433,1743.0,8.01,164,179,44.0,44.0,173,1.59,445.0,182,171.0,13.112994215050604,2.7128168017763383,218.0,217.875,213.0,173.0,3.034777840832814,6363163599,1
434,7854.0,30.01,150,167,246.0,246.0,162,1.41,1405.0,171,151.0,3.281138352245526,8.704341190208225,260.0,261.6333333333333,248.0,162.0,1.843513814481232,6466247135,0
435,1408.0,5.0,148,176,8.0,8.0,157,1.36,299.0,162,148.0,0.0,0.0,282.0,282.0,282.0,157.0,0.0,5119702493,0
436,1577.0,5.98,138,166,61.0,61.0,163,1.4,291.0,169,142.0,9.626352718795768,6.5489609014628325,261.5,263.6666666666667,258.0,163.0,1.5275252316519468,4230308054,0
437,728.0,3.29,159,179,1.0,1.0,172,1.58,184.0,187,163.5,9.86154146165801,3.2998316455372216,220.0,220.66666666666663,217.0,172.0,1.4142135623730951,4397140149,-1
438,1239.0,4.87,140,155,14.0,14.0,161,1.46,248.0,176,140.0,0.0,0.0,254.0,254.0,254.0,161.0,0.0,5865015325,0
439,1304.0,4.81,143,166,31.0,31.0,161,1.38,262.0,175,143.0,0.0,0.0,271.0,271.0,271.0,161.0,0.0,5195989287,0
440,1249.0,6.01,167,184,54.0,54.0,174,1.66,321.0,183,168.0,7.367883976130073,4.887626099538393,205.5,207.66666666666663,203.0,173.0,3.010186786529354,5904658953,1
441,1895.0,8.11,156,187,14.0,14.0,166,1.52,450.0,199,157.0,11.335756481152902,74.64647338944154,168.0,231.51282051282053,151.0,172.5,12.007055217662655,5001333334,-1
442,2145.0,7.94,141,160,64.0,64.0,161,1.38,375.0,173,140.0,5.787918451395113,11.680646386223666,266.5,270.25,255.0,160.5,1.5811388300841898,4569410287,0
443,1909.0,6.71,133,150,7.0,7.0,158,1.33,309.0,169,134.0,7.105617208826222,24.20659380568587,272.0,283.57142857142856,262.0,159.0,2.050385727772475,4520830670,0
444,1475.0,6.03,140,166,20.0,20.0,165,1.48,296.0,175,140.0,0.0,0.0,245.0,245.0,245.0,165.0,0.0,6122649015,0
445,1204.0,4.78,155,178,13.0,13.0,163,1.46,292.0,172,159.0,8.447484832777151,5.564171097297422,253.0,251.8,246.0,163.0,1.2649110640673518,4816841227,0
446,3176.0,13.36,148,183,31.0,31.0,167,1.51,695.0,192,148.0,0.0,0.0,238.0,238.0,238.0,167.0,0.0,6407876749,0
447,1294.0,4.91,143,158,29.0,29.0,160,1.42,263.0,167,143.0,0.0,0.0,264.0,264.0,264.0,160.0,0.0,5205949626,0
448,2922.0,11.71,151,175,51.0,51.0,162,1.48,611.0,171,158.5,14.079881233716268,7.386173268720113,249.0,249.33333333333331,240.0,162.5,1.1873172373979175,5737621854,0
449,1471.0,5.11,145,173,39.0,39.0,158,1.32,285.0,168,147.5,10.414999866645328,13.227244611029162,297.0,289.2,269.0,157.5,1.4624940645653537,4587521377,0
450,1376.0,6.01,159,173,51.0,51.0,168,1.56,324.0,175,166.0,13.801167422440113,4.5431266766402185,226.0,228.4,225.0,168.0,1.247219128924647,5183928345,1
451,3903.0,16.04,158,171,74.0,74.0,164,1.5,942.0,171,161.0,6.635335836331094,5.9107952087684446,242.0,243.25,232.0,164.0,1.1314931800983143,4797751344,0
452,1695.0,5.77,128,142,4.0,4.0,158,1.29,274.0,166,128.0,0.0,0.0,294.0,294.0,294.0,158.0,0.0,5030855654,0
453,1383.0,5.06,141,156,41.0,41.0,162,1.36,258.0,169,143.5,7.06320670013903,5.4626001134990645,274.0,273.6,265.0,161.5,1.5986105077709063,4603084436,0
454,1723.0,7.39,158,175,76.0,76.0,167,1.54,387.0,233,160.0,9.35080210463252,3.7032803990902057,234.0,233.0,228.0,167.0,0.927024810886958,4207383836,0
455,1003.0,3.5,159,174,33.0,33.0,164,1.27,232.0,185,159.0,2.9154759474226504,45.17189391646093,279.0,283.0,232.0,166.5,5.3091901453988255,4242289914,-1
456,1528.0,5.91,156,171,52.0,52.0,163,1.42,349.0,170,156.0,0.0,0.0,258.0,258.0,258.0,163.0,0.0,5771396526,0
457,1749.0,7.35,151,176,79.0,79.0,171,1.48,402.0,194,157.0,13.610083577994663,8.614179103817905,237.0,240.28571428571428,231.0,170.5,4.960783708246107,4892929077,0
458,1476.0,5.9,145,163,11.0,11.0,163,1.47,314.0,168,145.0,0.0,0.0,250.0,250.0,250.0,163.0,0.0,5073370889,0
459,1036.0,4.81,150,162,48.0,48.0,176,1.59,236.0,233,151.0,3.03315017762062,4.31740662898458,215.0,215.6,210.0,175.0,1.743559577416269,4654522662,-1
460,1975.0,8.62,162,186,12.0,12.0,165,1.59,506.0,189,161.0,10.788654305722982,15.365505700500025,235.0,228.11111111111111,203.0,165.0,4.0,5447600518,1
461,695.0,2.34,135,154,11.0,11.0,168,1.19,116.0,199,136.0,8.594677464897888,98.06329588587158,196.0,263.7,167.0,176.0,9.96479062269725,5197405932,-1
462,2047.0,8.11,147,167,7.0,7.0,164,1.45,444.0,181,150.0,7.709221670534069,9.17877987534291,251.0,252.5,242.0,165.0,1.3333333333333333,4334632855,0
463,2862.0,11.71,142,184,122.0,122.0,166,1.47,573.0,198,141.5,12.00086802416114,10.664062182030928,245.0,244.33333333333331,216.0,167.0,2.0615528128088303,4732605589,0
464,1095.0,4.05,149,172,28.0,28.0,162,1.37,238.0,167,149.5,0.5,11.5,266.5,266.5,255.0,162.5,1.5,5242549302,0
465,1615.0,5.92,140,153,60.0,60.0,161,1.36,322.0,166,140.0,0.0,0.0,273.0,273.0,273.0,161.0,0.0,5336288006,0
466,828.0,3.25,149,157,28.0,28.0,165,1.43,192.0,168,150.5,3.112474899497183,11.469767022723502,254.0,255.33333333333331,242.0,164.5,1.118033988749895,6363164095,0
467,1323.0,5.02,145,155,39.0,39.0,162,1.4,277.0,170,145.5,0.5,7.709734106958552,263.0,263.6,252.0,163.0,1.4142135623730951,4410868652,0
468,1018.0,4.01,144,161,12.0,12.0,164,1.45,219.0,172,144.0,0.0,0.0,254.0,254.0,254.0,164.0,0.0,6211659608,0
469,2373.0,7.32,143,178,18.0,18.0,155,1.12,440.0,230,143.5,10.547511554864494,511.3739877740174,188.0,614.0909090909091,158.0,149.5,30.40924567006262,5277937633,-1
470,4025.0,14.89,154,179,86.0,86.0,162,1.37,884.0,172,154.0,4.546060565661952,11.82915419161019,270.0,270.06666666666666,243.0,162.0,1.4452988925785866,5691405486,0
471,2066.0,9.4,171,191,53.0,53.0,173,1.57,544.0,186,169.0,7.4357245780085215,8.702206332978344,220.0,219.77777777777777,207.0,173.0,1.5620499351813308,4397141856,1
472,1377.0,5.45,138,155,24.0,24.0,159,1.49,269.0,165,139.5,1.5,0.0,252.0,252.0,252.0,160.5,1.5,5964246352,0
473,5334.0,20.03,146,169,77.0,77.0,161,1.4,958.0,208,153.0,14.184082931821148,7.320348352366846,266.5,266.25,251.0,161.0,1.4584183648679574,4214460243,0
474,3647.0,15.09,179,199,35.0,35.0,164,1.51,956.0,182,182.5,14.542502363761196,16.773789077009404,241.0,241.8,215.0,165.0,3.4318134783230865,4484242108,-1
475,1313.0,4.88,141,166,37.0,37.0,163,1.37,261.0,168,147.0,9.042123644365851,8.039900496896712,269.0,268.6,254.0,163.0,0.7483314773547883,4304402949,0
476,1085.0,3.93,135,143,2.0,2.0,156,1.39,207.0,164,135.0,0.0,0.0,276.0,276.0,276.0,156.0,0.0,5395784065,0
477,3093.0,11.59,145,184,152.0,152.0,166,1.35,591.0,189,137.5,17.800397935626794,59.824744044584094,235.5,266.0,197.0,168.5,7.133644853010899,4908421924,-1
478,1626.0,5.95,141,155,44.0,44.0,161,1.36,315.0,170,141.0,0.0,0.0,273.0,273.0,273.0,161.0,0.0,5231335695,0
479,1706.0,7.7,157,186,73.0,73.0,176,1.54,403.0,187,157.0,0.0,0.0,222.0,222.0,222.0,176.0,0.0,4461472565,1
480,3120.0,12.01,144,165,140.0,140.0,162,1.42,609.0,172,144.0,0.0,0.0,260.0,260.0,260.0,162.0,0.0,5308509196,0
481,846.0,3.12,146,168,73.0,73.0,163,1.35,178.0,172,146.0,0.0,0.0,271.0,271.0,271.0,163.0,0.0,5771396974,0
482,2672.0,11.81,166,175,111.0,111.0,171,1.55,635.0,186,165.5,3.5,4.5,226.5,226.5,222.0,171.0,0.0,5800499132,1
483,771.0,3.12,152,156,6.0,6.0,163,1.49,183.0,172,152.0,0.0,0.0,247.0,247.0,247.0,163.0,0.0,6363161799,0
484,3186.0,12.52,139,165,54.0,54.0,163,1.45,529.0,229,139.0,7.025734605403349,7.82047078593159,258.0,254.6153846153846,240.0,163.0,1.7027648939368196,4520833458,0
485,3051.0,12.23,147,169,37.0,37.0,164,1.47,611.0,174,144.0,9.9537391505365,11.372481406154654,253.0,250.0,221.0,164.0,3.0730745162212583,5896024347,0
486,1040.0,4.67,158,178,76.0,76.0,173,1.55,246.0,194,164.5,11.778039829369837,47.50727732532969,226.0,231.56521739130437,180.0,178.5,9.817784316682095,6383529086,-1
487,4091.0,13.61,124,141,24.0,24.0,164,1.17,540.0,191,124.0,6.59197099755855,643.0856550750558,197.0,771.3846153846154,171.0,152.5,32.11999186723154,5986707962,-1
488,2110.0,8.22,142,158,5.0,5.0,164,1.42,420.0,201,143.0,7.202537275840824,9.03811374126261,255.5,258.75,248.0,165.0,5.506449641495053,4422867522,0
489,461.7,2.45,162,175,12.0,12.0,179,1.78,113.0,196,162.0,2.943920288775949,4.0,189.0,189.0,185.0,181.0,2.6246692913372702,5918013290,-1
490,623.0,2.92,149,162,28.0,28.0,172,1.63,144.0,194,151.0,4.320493798938574,2.0548046676563256,213.0,213.33333333333331,211.0,172.0,1.247219128924647,4355440681,-1
491,1227.0,4.67,140,161,34.0,34.0,163,1.4,242.0,182,140.0,7.833262411026455,13.16662447250623,266.0,262.8,239.0,164.0,1.469693845669907,4654521358,0
492,1201.0,4.25,129,141,13.0,13.0,160,1.33,197.0,163,130.0,2.416609194718914,18.641351882307248,275.5,283.0,267.0,161.0,0.8,6482196193,0
493,1577.0,6.02,139,153,30.0,30.0,161,1.42,295.0,214,139.0,5.469768491164755,7.71182353417285,259.0,262.1666666666667,257.0,161.0,3.398679215248663,4272590064,0
494,1190.0,4.18,144,160,107.0,107.0,163,1.27,243.0,194,146.0,7.61232553166245,81.42926845903047,207.0,272.89473684210526,188.0,167.5,13.961017154921056,5865015784,-1
495,2207.0,10.02,164,193,44.0,44.0,169,1.61,567.0,180,172.0,10.932550533019493,4.029888335921977,220.5,220.4,213.0,170.0,2.886274157525008,4665674324,1
496,2706.0,10.98,163,183,127.0,127.0,167,1.46,628.0,183,165.0,6.671761138875917,12.17503203111506,248.0,246.3636363636364,231.0,166.0,4.0451991747794525,4235786126,-1
497,1532.0,6.04,151,174,49.0,49.0,163,1.45,326.0,217,151.0,0.0,0.0,254.0,254.0,254.0,163.0,0.0,5796188057,0
498,630.0,2.32,160,171,8.0,8.0,154,1.44,138.0,164,164.0,5.2493385826745405,3.5,270.5,270.5,267.0,154.0,0.816496580927726,4152813607,-1
499,1664.0,5.94,141,166,28.0,28.0,162,1.32,325.0,167,141.0,0.0,0.0,280.0,280.0,280.0,162.0,0.0,5246613663,0
500,1976.0,7.83,149,165,50.0,50.0,160,1.48,435.0,172,152.5,10.148121747397395,9.93022532473458,252.0,252.125,239.0,161.0,1.3228756555322954,4920293646,0
501,4047.0,15.74,155,169,71.0,71.0,163,1.43,884.0,171,155.0,0.0,0.0,257.0,257.0,257.0,163.0,0.0,5255334764,0
502,2199.0,10.02,139,166,56.0,56.0,171,1.6,402.0,198,139.0,5.209654102507057,3.348133808556641,220.5,219.7,214.0,171.0,1.6006197146962733,4719951381,-1
503,2183.0,10.02,155,194,82.0,82.0,171,1.61,479.0,183,145.0,19.516045528176328,7.542545989253231,217.5,217.9,202.0,170.0,2.6316572411145684,4286888924,1
504,1356.0,5.02,141,154,39.0,39.0,161,1.38,258.0,167,143.0,6.7679801680823175,6.343500610861482,271.0,270.6,260.0,161.0,2.1343747458109497,4641259087,0
505,4492.0,17.45,149,167,873.0,873.0,159,1.46,914.0,201,149.0,0.0,0.0,257.0,257.0,257.0,159.0,0.0,5291870753,0
506,5176.0,20.01,141,152,61.0,61.0,163,1.42,900.0,176,142.0,5.018785571906818,7.151748038067336,257.0,258.55,249.0,164.0,1.3058389715049608,4896691788,0
507,662.0,2.32,143,159,4.0,4.0,160,1.31,136.0,172,145.0,2.6246692913372702,6.0,286.0,286.0,280.0,160.0,0.816496580927726,4630960957,0
508,1113.0,4.87,153,165,49.0,49.0,169,1.55,256.0,178,152.0,4.2708313008125245,5.607138307550474,228.0,228.4,220.0,169.0,1.095445115010332,4654522046,1
509,1396.0,4.9,136,160,26.0,26.0,159,1.32,259.0,165,138.0,6.794115100585211,3.1622776601683795,286.0,285.0,279.0,159.0,1.4142135623730951,4857167698,0
510,1762.0,6.17,136,161,53.0,53.0,159,1.32,328.0,165,138.0,5.18238775634773,4.412734098291242,285.0,285.8333333333333,281.0,159.0,0.9258200997725514,6460371868,0
511,1118.0,4.08,130,165,2.0,2.0,159,1.38,188.0,174,133.0,7.657675887630659,22.71563338320109,278.0,274.0,240.0,159.0,3.0983866769659336,4549626419,0
512,2115.0,10.02,168,184,79.0,79.0,176,1.62,533.0,185,173.0,12.3643047947651,8.642337646724988,210.0,211.1,200.0,178.0,3.5698461665585204,4410869963,1
513,4728.0,15.66,132,166,27.0,27.0,161,1.24,668.0,172,127.5,16.979652344791987,31.71448555077001,285.5,301.0625,260.0,160.5,1.7218721642444887,4565239635,-1
514,1227.0,5.34,166,187,61.0,61.0,169,1.55,320.0,199,169.0,6.039223643997813,7.135591542869215,229.0,228.5,220.0,169.0,0.816496580927726,5490543725,1
515,1188.0,4.75,134,158,12.0,12.0,165,1.46,218.0,178,132.0,9.939818911831342,6.11228271597445,248.0,249.8,244.0,165.0,1.1661903789690602,4719950234,0
516,1304.0,4.94,167,178,38.0,38.0,161,1.42,324.0,174,168.0,5.491812087098392,7.183313998427188,264.0,264.0,256.0,161.0,1.3564659966250536,5723322471,-1
517,2168.0,10.01,159,179,83.0,83.0,172,1.61,474.0,182,166.0,13.981097037792324,3.762977544445356,217.0,216.8,210.0,172.0,2.5389527352307164,4590129665,1
518,4210.0,16.36,166,191,268.0,268.0,167,1.4,1058.0,229,166.0,0.0,0.0,257.0,257.0,257.0,167.0,0.0,4465185838,-1
519,3187.0,12.94,157,176,143.0,143.0,165,1.48,748.0,197,156.0,7.0585044596642845,10.149766080028147,243.0,246.46153846153845,226.0,165.0,2.39081081044924,4704192189,0
520,1143.0,4.4,149,164,9.0,9.0,162,1.43,262.0,171,155.0,7.756287771866127,13.285330255586423,256.5,261.0,248.0,163.0,1.8547236990991405,4830270415,0
521,1647.0,6.01,154,187,8.0,8.0,163,1.34,353.0,171,149.0,9.109313466817062,8.460693430998036,274.0,274.5,264.0,163.0,1.0301575072754257,4425215370,0
522,1610.0,5.92,152,181,197.0,197.0,162,1.37,369.0,169,152.0,0.0,0.0,272.0,272.0,272.0,162.0,0.0,5291871775,0
523,1461.0,6.86,140,174,85.0,85.0,175,1.61,292.0,188,141.0,7.606535019310698,6.880911187881311,215.0,213.28571428571428,200.0,176.0,1.8027756377319943,4691793875,-1
524,1239.0,4.25,145,154,119.0,119.0,162,1.26,247.0,196,148.5,8.21751178885677,93.47220245387902,205.0,279.0,188.0,161.5,15.33818763739706,6363161280,-1
525,853.0,3.23,139,154,7.0,7.0,158,1.43,171.0,167,139.5,0.82915619758885,3.6817870057290873,266.0,265.6666666666667,261.0,159.5,1.6393596310755,5943090582,0
526,3768.0,16.43,157,175,59.0,59.0,169,1.55,884.0,208,158.0,6.872542026792896,16.2450713679565,230.0,229.8125,202.0,170.0,4.17439882334357,4736449334,1
527,1381.0,4.91,146,188,38.0,38.0,159,1.34,280.0,167,146.0,0.0,0.0,282.0,282.0,282.0,159.0,0.0,6022095151,0
